<kml xmlns="http://www.opengis.net/kml/2.2" xmlns:atom="http://www.w3.org/2005/Atom" xmlns:gx="http://www.google.com/kml/ext/2.2">
  <Document>
    <Style id="QueryArea">
      <LineStyle>
        <color>ffc0c000</color>
        <width>3</width>
      </LineStyle>
      <PolyStyle>
        <color>80ffffaa</color>
      </PolyStyle>
    </Style>
    <Style id="F3548v21Accepted">
      <LineStyle>
        <color>ff00c000</color>
        <width>3</width>
      </LineStyle>
      <PolyStyle>
        <color>80c0c0c0</color>
      </PolyStyle>
    </Style>
    <Style id="F3548v21Activated">
      <LineStyle>
        <color>ff00c000</color>
        <width>3</width>
      </LineStyle>
      <PolyStyle>
        <color>8000ff00</color>
      </PolyStyle>
    </Style>
    <Style id="F3548v21Nonconforming">
      <LineStyle>
        <color>ff00ffff</color>
        <width>5</width>
      </LineStyle>
      <PolyStyle>
        <color>8000ffff</color>
      </PolyStyle>
    </Style>
    <Style id="F3548v21Contingent">
      <LineStyle>
        <color>ff0000ff</color>
        <width>5</width>
      </LineStyle>
      <PolyStyle>
        <color>80ff0000ff</color>
      </PolyStyle>
    </Style>
    <Style id="F3548v21AcceptedFuture">
      <LineStyle>
        <color>80c0c0c0</color>
        <width>1</width>
      </LineStyle>
      <PolyStyle>
        <color>00000000</color>
      </PolyStyle>
    </Style>
    <Style id="F3548v21ActivatedFuture">
      <LineStyle>
        <color>8040c040</color>
        <width>1</width>
      </LineStyle>
      <PolyStyle>
        <color>00000000</color>
      </PolyStyle>
    </Style>
    <Style id="F3548v21NonconformingFuture">
      <LineStyle>
        <color>8000ffff</color>
        <width>1</width>
      </LineStyle>
      <PolyStyle>
        <color>00000000</color>
      </PolyStyle>
    </Style>
    <Style id="F3548v21ContingentFuture">
      <LineStyle>
        <color>80ff0000ff</color>
        <width>1</width>
      </LineStyle>
      <PolyStyle>
        <color>00000000</color>
      </PolyStyle>
    </Style>
    <Style id="Planned_Nominal">
      <LineStyle>
        <color>ff00c000</color>
        <width>3</width>
      </LineStyle>
      <PolyStyle>
        <color>80808080</color>
      </PolyStyle>
    </Style>
    <Style id="InUse_Nominal">
      <LineStyle>
        <color>ff00c000</color>
        <width>3</width>
      </LineStyle>
      <PolyStyle>
        <color>8000ff00</color>
      </PolyStyle>
    </Style>
    <Style id="InUse_OffNominal">
      <LineStyle>
        <color>ff00ffff</color>
        <width>5</width>
      </LineStyle>
      <PolyStyle>
        <color>8000ff00</color>
      </PolyStyle>
    </Style>
    <Style id="InUse_Contingent">
      <LineStyle>
        <color>ff0000ff</color>
        <width>5</width>
      </LineStyle>
      <PolyStyle>
        <color>8000ff00</color>
      </PolyStyle>
    </Style>
    <Style id="unmodifiedtelemetry">
      <IconStyle>
        <scale>1.4</scale>
        <Icon>
          <href>http://maps.google.com/mapfiles/kml/shapes/placemark_circle.png</href>
        </Icon>
      </IconStyle>
    </Style>
    <Style id="modifiedtelemetry">
      <IconStyle>
        <scale>1.4</scale>
        <Icon>
          <href>http://maps.google.com/mapfiles/kml/shapes/placemark_square.png</href>
        </Icon>
      </IconStyle>
    </Style>
    <Style id="aircraft">
      <IconStyle>
        <scale>1.4</scale>
        <Icon>
          <href>http://maps.google.com/mapfiles/kml/shapes/airports.png</href>
        </Icon>
      </IconStyle>
    </Style>
    <Folder>
      <name>Nominal planning: conflict with higher priority</name>
      <Folder>
        <name>Prerequisites check</name>
        <Folder>
          <name>Verify area is clear</name>
          <Folder>
            <name>E3: uss1 astm.f3548.v21.dss.queryOperationalIntentReferences</name>
            <Placemark>
              <name>area_of_interest</name>
              <styleUrl>#QueryArea</styleUrl>
              <description><![CDATA[(no operational intent references found)]]></description>
              <TimeSpan>
                <begin>2026-10-09T06:24:17.166829+00:00</begin>
                <end>2026-10-09T07:54:18.166829+00:00</end>
              </TimeSpan>
              <MultiGeometry>
                <Polygon>
                  <altitudeMode>absolute</altitudeMode>
                  <outerBoundaryIs>
                    <LinearRing>
                      <coordinates>7.477046661060006,46.974528046030414,526.2715922017426 7.477046661060006,46.97530804909576,526.2715922017426 7.47810665524113,46.97530804909576,526.2715922017426 7.47810665524113,46.974528046030414,526.2715922017426</coordinates>
                    </LinearRing>
                  </outerBoundaryIs>
                </Polygon>
                <Polygon>
                  <altitudeMode>absolute</altitudeMode>
                  <outerBoundaryIs>
                    <LinearRing>
                      <coordinates>7.477046661060006,46.974528046030414,606.3215922017425 7.477046661060006,46.97530804909576,606.3215922017425 7.47810665524113,46.97530804909576,606.3215922017425 7.47810665524113,46.974528046030414,606.3215922017425</coordinates>
                    </LinearRing>
                  </outerBoundaryIs>
                </Polygon>
                <Polygon>
                  <altitudeMode>absolute</altitudeMode>
                  <outerBoundaryIs>
                    <LinearRing>
                      <coordinates>7.477046661060006,46.974528046030414,526.2715922017426 7.477046661060006,46.974528046030414,606.3215922017425 7.477046661060006,46.97530804909576,606.3215922017425 7.477046661060006,46.97530804909576,526.2715922017426</coordinates>
                    </LinearRing>
                  </outerBoundaryIs>
                </Polygon>
                <Polygon>
                  <altitudeMode>absolute</altitudeMode>
                  <outerBoundaryIs>
                    <LinearRing>
                      <coordinates>7.477046661060006,46.97530804909576,526.2715922017426 7.477046661060006,46.97530804909576,606.3215922017425 7.47810665524113,46.97530804909576,606.3215922017425 7.47810665524113,46.97530804909576,526.2715922017426</coordinates>
                    </LinearRing>
                  </outerBoundaryIs>
                </Polygon>
                <Polygon>
                  <altitudeMode>absolute</altitudeMode>
                  <outerBoundaryIs>
                    <LinearRing>
                      <coordinates>7.47810665524113,46.97530804909576,526.2715922017426 7.47810665524113,46.97530804909576,606.3215922017425 7.47810665524113,46.974528046030414,606.3215922017425 7.47810665524113,46.974528046030414,526.2715922017426</coordinates>
                    </LinearRing>
                  </outerBoundaryIs>
                </Polygon>
                <Polygon>
                  <altitudeMode>absolute</altitudeMode>
                  <outerBoundaryIs>
                    <LinearRing>
                      <coordinates>7.47810665524113,46.974528046030414,526.2715922017426 7.47810665524113,46.974528046030414,606.3215922017425 7.477046661060006,46.974528046030414,606.3215922017425 7.477046661060006,46.974528046030414,526.2715922017426</coordinates>
                    </LinearRing>
                  </outerBoundaryIs>
                </Polygon>
              </MultiGeometry>
            </Placemark>
          </Folder>
        </Folder>
      </Folder>
      <Folder>
        <name>Attempt to plan flight in conflict</name>
        <Folder>
          <name>Plan Flight 2</name>
          <Folder>
            <name>E6: uss1 astm.f3548.v21.dss.queryOperationalIntentReferences</name>
            <Placemark>
              <name>area_of_interest</name>
              <styleUrl>#QueryArea</styleUrl>
              <description><![CDATA[(no operational intent references found)]]></description>
              <TimeSpan>
                <begin>2026-10-09T06:24:17.246435+00:00</begin>
                <end>2026-10-09T07:09:18.246435+00:00</end>
              </TimeSpan>
              <MultiGeometry>
                <Polygon>
                  <altitudeMode>absolute</altitudeMode>
                  <outerBoundaryIs>
                    <LinearRing>
                      <coordinates>7.477046661060006,46.97455925749912,555.2513975997226 7.477046661060006,46.97530804909576,555.2513975997226 7.477627795613881,46.97530804909576,555.2513975997226 7.477627795613881,46.97455925749912,555.2513975997226</coordinates>
                    </LinearRing>
                  </outerBoundaryIs>
                </Polygon>
                <Polygon>
                  <altitudeMode>absolute</altitudeMode>
                  <outerBoundaryIs>
                    <LinearRing>
                      <coordinates>7.477046661060006,46.97455925749912,584.3213975997227 7.477046661060006,46.97530804909576,584.3213975997227 7.477627795613881,46.97530804909576,584.3213975997227 7.477627795613881,46.97455925749912,584.3213975997227</coordinates>
                    </LinearRing>
                  </outerBoundaryIs>
                </Polygon>
                <Polygon>
                  <altitudeMode>absolute</altitudeMode>
                  <outerBoundaryIs>
                    <LinearRing>
                      <coordinates>7.477046661060006,46.97455925749912,555.2513975997226 7.477046661060006,46.97455925749912,584.3213975997227 7.477046661060006,46.97530804909576,584.3213975997227 7.477046661060006,46.97530804909576,555.2513975997226</coordinates>
                    </LinearRing>
                  </outerBoundaryIs>
                </Polygon>
                <Polygon>
                  <altitudeMode>absolute</altitudeMode>
                  <outerBoundaryIs>
                    <LinearRing>
                      <coordinates>7.477046661060006,46.97530804909576,555.2513975997226 7.477046661060006,46.97530804909576,584.3213975997227 7.477627795613881,46.97530804909576,584.3213975997227 7.477627795613881,46.97530804909576,555.2513975997226</coordinates>
                    </LinearRing>
                  </outerBoundaryIs>
                </Polygon>
                <Polygon>
                  <altitudeMode>absolute</altitudeMode>
                  <outerBoundaryIs>
                    <LinearRing>
                      <coordinates>7.477627795613881,46.97530804909576,555.2513975997226 7.477627795613881,46.97530804909576,584.3213975997227 7.477627795613881,46.97455925749912,584.3213975997227 7.477627795613881,46.97455925749912,555.2513975997226</coordinates>
                    </LinearRing>
                  </outerBoundaryIs>
                </Polygon>
                <Polygon>
                  <altitudeMode>absolute</altitudeMode>
                  <outerBoundaryIs>
                    <LinearRing>
                      <coordinates>7.477627795613881,46.97455925749912,555.2513975997226 7.477627795613881,46.97455925749912,584.3213975997227 7.477046661060006,46.97455925749912,584.3213975997227 7.477046661060006,46.97455925749912,555.2513975997226</coordinates>
                    </LinearRing>
                  </outerBoundaryIs>
                </Polygon>
              </MultiGeometry>
            </Placemark>
          </Folder>
          <Folder>
            <name>E8: uss1 interuss.automated_testing.flight_planning.v1.UpsertFlightPlan</name>
            <Folder>
              <name>Activity Completed, flight Planned</name>
              <Placemark>
                <name>Volume 0</name>
                <styleUrl>#Planned_Nominal</styleUrl>
                <TimeSpan>
                  <begin>2026-10-09T06:24:17.246435+00:00</begin>
                  <end>2026-10-09T07:09:18.246435+00:00</end>
                </TimeSpan>
                <MultiGeometry>
                  <Polygon>
                    <altitudeMode>absolute</altitudeMode>
                    <outerBoundaryIs>
                      <LinearRing>
                        <coordinates>7.477046661060006,46.97501988078352,555.2514246078914 7.477301884621132,46.97455925749912,555.2514246078914 7.477627795613881,46.97494726396419,555.2514246078914 7.477364256610934,46.97530804909575,555.2514246078914</coordinates>
                      </LinearRing>
                    </outerBoundaryIs>
                  </Polygon>
                  <Polygon>
                    <altitudeMode>absolute</altitudeMode>
                    <outerBoundaryIs>
                      <LinearRing>
                        <coordinates>7.477046661060006,46.97501988078352,584.3214246078915 7.477301884621132,46.97455925749912,584.3214246078915 7.477627795613881,46.97494726396419,584.3214246078915 7.477364256610934,46.97530804909575,584.3214246078915</coordinates>
                      </LinearRing>
                    </outerBoundaryIs>
                  </Polygon>
                  <Polygon>
                    <altitudeMode>absolute</altitudeMode>
                    <outerBoundaryIs>
                      <LinearRing>
                        <coordinates>7.477046661060006,46.97501988078352,555.2514246078914 7.477046661060006,46.97501988078352,584.3214246078915 7.477301884621132,46.97455925749912,584.3214246078915 7.477301884621132,46.97455925749912,555.2514246078914</coordinates>
                      </LinearRing>
                    </outerBoundaryIs>
                  </Polygon>
                  <Polygon>
                    <altitudeMode>absolute</altitudeMode>
                    <outerBoundaryIs>
                      <LinearRing>
                        <coordinates>7.477301884621132,46.97455925749912,555.2514246078914 7.477301884621132,46.97455925749912,584.3214246078915 7.477627795613881,46.97494726396419,584.3214246078915 7.477627795613881,46.97494726396419,555.2514246078914</coordinates>
                      </LinearRing>
                    </outerBoundaryIs>
                  </Polygon>
                  <Polygon>
                    <altitudeMode>absolute</altitudeMode>
                    <outerBoundaryIs>
                      <LinearRing>
                        <coordinates>7.477627795613881,46.97494726396419,555.2514246078914 7.477627795613881,46.97494726396419,584.3214246078915 7.477364256610934,46.97530804909575,584.3214246078915 7.477364256610934,46.97530804909575,555.2514246078914</coordinates>
                      </LinearRing>
                    </outerBoundaryIs>
                  </Polygon>
                  <Polygon>
                    <altitudeMode>absolute</altitudeMode>
                    <outerBoundaryIs>
                      <LinearRing>
                        <coordinates>7.477364256610934,46.97530804909575,555.2514246078914 7.477364256610934,46.97530804909575,584.3214246078915 7.477046661060006,46.97501988078352,584.3214246078915 7.477046661060006,46.97501988078352,555.2514246078914</coordinates>
                      </LinearRing>
                    </outerBoundaryIs>
                  </Polygon>
                </MultiGeometry>
              </Placemark>
            </Folder>
          </Folder>
          <Folder>
            <name>E12: uss1 astm.f3548.v21.dss.queryOperationalIntentReferences</name>
            <Placemark>
              <name>area_of_interest</name>
              <styleUrl>#QueryArea</styleUrl>
              <description><![CDATA[<ul><li>uss1's Accepted 2bc04bd8-788c-43bd-bc16-54616b5a42a7[1]</li></ul>]]></description>
              <TimeSpan>
                <begin>2026-10-09T06:24:17.246435+00:00</begin>
                <end>2026-10-09T07:09:18.246435+00:00</end>
              </TimeSpan>
              <MultiGeometry>
                <Polygon>
                  <altitudeMode>absolute</altitudeMode>
                  <outerBoundaryIs>
                    <LinearRing>
                      <coordinates>7.477046661060006,46.97455925749912,555.2513975997226 7.477046661060006,46.97530804909576,555.2513975997226 7.477627795613881,46.97530804909576,555.2513975997226 7.477627795613881,46.97455925749912,555.2513975997226</coordinates>
                    </LinearRing>
                  </outerBoundaryIs>
                </Polygon>
                <Polygon>
                  <altitudeMode>absolute</altitudeMode>
                  <outerBoundaryIs>
                    <LinearRing>
                      <coordinates>7.477046661060006,46.97455925749912,584.3213975997227 7.477046661060006,46.97530804909576,584.3213975997227 7.477627795613881,46.97530804909576,584.3213975997227 7.477627795613881,46.97455925749912,584.3213975997227</coordinates>
                    </LinearRing>
                  </outerBoundaryIs>
                </Polygon>
                <Polygon>
                  <altitudeMode>absolute</altitudeMode>
                  <outerBoundaryIs>
                    <LinearRing>
                      <coordinates>7.477046661060006,46.97455925749912,555.2513975997226 7.477046661060006,46.97455925749912,584.3213975997227 7.477046661060006,46.97530804909576,584.3213975997227 7.477046661060006,46.97530804909576,555.2513975997226</coordinates>
                    </LinearRing>
                  </outerBoundaryIs>
                </Polygon>
                <Polygon>
                  <altitudeMode>absolute</altitudeMode>
                  <outerBoundaryIs>
                    <LinearRing>
                      <coordinates>7.477046661060006,46.97530804909576,555.2513975997226 7.477046661060006,46.97530804909576,584.3213975997227 7.477627795613881,46.97530804909576,584.3213975997227 7.477627795613881,46.97530804909576,555.2513975997226</coordinates>
                    </LinearRing>
                  </outerBoundaryIs>
                </Polygon>
                <Polygon>
                  <altitudeMode>absolute</altitudeMode>
                  <outerBoundaryIs>
                    <LinearRing>
                      <coordinates>7.477627795613881,46.97530804909576,555.2513975997226 7.477627795613881,46.97530804909576,584.3213975997227 7.477627795613881,46.97455925749912,584.3213975997227 7.477627795613881,46.97455925749912,555.2513975997226</coordinates>
                    </LinearRing>
                  </outerBoundaryIs>
                </Polygon>
                <Polygon>
                  <altitudeMode>absolute</altitudeMode>
                  <outerBoundaryIs>
                    <LinearRing>
                      <coordinates>7.477627795613881,46.97455925749912,555.2513975997226 7.477627795613881,46.97455925749912,584.3213975997227 7.477046661060006,46.97455925749912,584.3213975997227 7.477046661060006,46.97455925749912,555.2513975997226</coordinates>
                    </LinearRing>
                  </outerBoundaryIs>
                </Polygon>
              </MultiGeometry>
            </Placemark>
          </Folder>
          <Folder>
            <name>E16: uss1 astm.f3548.v21.uss.getOperationalIntentDetails</name>
            <Folder>
              <name>uss1's P100 Accepted 2bc04bd8-788c-43bd-bc16-54616b5a42a7[1] @ 2kPqDUgBNpfsiSUvB9khYZRCx0FCS-yhGkFs.L2kTY8_</name>
              <Placemark>
                <name>Nominal volume 0</name>
                <styleUrl>#F3548v21Accepted</styleUrl>
                <TimeSpan>
                  <begin>2026-10-09T06:24:18.265483+00:00</begin>
                  <end>2026-10-09T07:09:18.246435+00:00</end>
                </TimeSpan>
                <MultiGeometry>
                  <Polygon>
                    <altitudeMode>absolute</altitudeMode>
                    <outerBoundaryIs>
                      <LinearRing>
                        <coordinates>7.477046661060006,46.97501988078352,555.2514246078914 7.477301884621132,46.97455925749912,555.2514246078914 7.477627795613881,46.97494726396419,555.2514246078914 7.477364256610934,46.97530804909575,555.2514246078914</coordinates>
                      </LinearRing>
                    </outerBoundaryIs>
                  </Polygon>
                  <Polygon>
                    <altitudeMode>absolute</altitudeMode>
                    <outerBoundaryIs>
                      <LinearRing>
                        <coordinates>7.477046661060006,46.97501988078352,584.3214246078915 7.477301884621132,46.97455925749912,584.3214246078915 7.477627795613881,46.97494726396419,584.3214246078915 7.477364256610934,46.97530804909575,584.3214246078915</coordinates>
                      </LinearRing>
                    </outerBoundaryIs>
                  </Polygon>
                  <Polygon>
                    <altitudeMode>absolute</altitudeMode>
                    <outerBoundaryIs>
                      <LinearRing>
                        <coordinates>7.477046661060006,46.97501988078352,555.2514246078914 7.477046661060006,46.97501988078352,584.3214246078915 7.477301884621132,46.97455925749912,584.3214246078915 7.477301884621132,46.97455925749912,555.2514246078914</coordinates>
                      </LinearRing>
                    </outerBoundaryIs>
                  </Polygon>
                  <Polygon>
                    <altitudeMode>absolute</altitudeMode>
                    <outerBoundaryIs>
                      <LinearRing>
                        <coordinates>7.477301884621132,46.97455925749912,555.2514246078914 7.477301884621132,46.97455925749912,584.3214246078915 7.477627795613881,46.97494726396419,584.3214246078915 7.477627795613881,46.97494726396419,555.2514246078914</coordinates>
                      </LinearRing>
                    </outerBoundaryIs>
                  </Polygon>
                  <Polygon>
                    <altitudeMode>absolute</altitudeMode>
                    <outerBoundaryIs>
                      <LinearRing>
                        <coordinates>7.477627795613881,46.97494726396419,555.2514246078914 7.477627795613881,46.97494726396419,584.3214246078915 7.477364256610934,46.97530804909575,584.3214246078915 7.477364256610934,46.97530804909575,555.2514246078914</coordinates>
                      </LinearRing>
                    </outerBoundaryIs>
                  </Polygon>
                  <Polygon>
                    <altitudeMode>absolute</altitudeMode>
                    <outerBoundaryIs>
                      <LinearRing>
                        <coordinates>7.477364256610934,46.97530804909575,555.2514246078914 7.477364256610934,46.97530804909575,584.3214246078915 7.477046661060006,46.97501988078352,584.3214246078915 7.477046661060006,46.97501988078352,555.2514246078914</coordinates>
                      </LinearRing>
                    </outerBoundaryIs>
                  </Polygon>
                </MultiGeometry>
              </Placemark>
            </Folder>
          </Folder>
        </Folder>
        <Folder>
          <name>Attempt to plan Flight 1</name>
          <Folder>
            <name>E25: uss1 astm.f3548.v21.dss.queryOperationalIntentReferences</name>
            <Placemark>
              <name>area_of_interest</name>
              <styleUrl>#QueryArea</styleUrl>
              <description><![CDATA[<ul><li>uss1's Accepted 2bc04bd8-788c-43bd-bc16-54616b5a42a7[1]</li></ul>]]></description>
              <TimeSpan>
                <begin>2026-10-09T06:24:17.352522+00:00</begin>
                <end>2026-10-09T07:09:18.352522+00:00</end>
              </TimeSpan>
              <MultiGeometry>
                <Polygon>
                  <altitudeMode>absolute</altitudeMode>
                  <outerBoundaryIs>
                    <LinearRing>
                      <coordinates>7.477086559435829,46.974528046030414,556.3313835555317 7.477086559435829,46.97491720487753,556.3313835555317 7.47810665524113,46.97491720487753,556.3313835555317 7.47810665524113,46.974528046030414,556.3313835555317</coordinates>
                    </LinearRing>
                  </outerBoundaryIs>
                </Polygon>
                <Polygon>
                  <altitudeMode>absolute</altitudeMode>
                  <outerBoundaryIs>
                    <LinearRing>
                      <coordinates>7.477086559435829,46.974528046030414,586.3213835555317 7.477086559435829,46.97491720487753,586.3213835555317 7.47810665524113,46.97491720487753,586.3213835555317 7.47810665524113,46.974528046030414,586.3213835555317</coordinates>
                    </LinearRing>
                  </outerBoundaryIs>
                </Polygon>
                <Polygon>
                  <altitudeMode>absolute</altitudeMode>
                  <outerBoundaryIs>
                    <LinearRing>
                      <coordinates>7.477086559435829,46.974528046030414,556.3313835555317 7.477086559435829,46.974528046030414,586.3213835555317 7.477086559435829,46.97491720487753,586.3213835555317 7.477086559435829,46.97491720487753,556.3313835555317</coordinates>
                    </LinearRing>
                  </outerBoundaryIs>
                </Polygon>
                <Polygon>
                  <altitudeMode>absolute</altitudeMode>
                  <outerBoundaryIs>
                    <LinearRing>
                      <coordinates>7.477086559435829,46.97491720487753,556.3313835555317 7.477086559435829,46.97491720487753,586.3213835555317 7.47810665524113,46.97491720487753,586.3213835555317 7.47810665524113,46.97491720487753,556.3313835555317</coordinates>
                    </LinearRing>
                  </outerBoundaryIs>
                </Polygon>
                <Polygon>
                  <altitudeMode>absolute</altitudeMode>
                  <outerBoundaryIs>
                    <LinearRing>
                      <coordinates>7.47810665524113,46.97491720487753,556.3313835555317 7.47810665524113,46.97491720487753,586.3213835555317 7.47810665524113,46.974528046030414,586.3213835555317 7.47810665524113,46.974528046030414,556.3313835555317</coordinates>
                    </LinearRing>
                  </outerBoundaryIs>
                </Polygon>
                <Polygon>
                  <altitudeMode>absolute</altitudeMode>
                  <outerBoundaryIs>
                    <LinearRing>
                      <coordinates>7.47810665524113,46.974528046030414,556.3313835555317 7.47810665524113,46.974528046030414,586.3213835555317 7.477086559435829,46.974528046030414,586.3213835555317 7.477086559435829,46.974528046030414,556.3313835555317</coordinates>
                    </LinearRing>
                  </outerBoundaryIs>
                </Polygon>
              </MultiGeometry>
            </Placemark>
          </Folder>
          <Folder>
            <name>E27: uss1 interuss.automated_testing.flight_planning.v1.UpsertFlightPlan</name>
            <Folder>
              <name>Activity Rejected, flight NotPlanned</name>
              <Placemark>
                <name>Volume 0</name>
                <styleUrl>#Planned_Nominal</styleUrl>
                <TimeSpan>
                  <begin>2026-10-09T06:24:17.352522+00:00</begin>
                  <end>2026-10-09T07:09:18.352522+00:00</end>
                </TimeSpan>
                <MultiGeometry>
                  <Polygon>
                    <altitudeMode>absolute</altitudeMode>
                    <outerBoundaryIs>
                      <LinearRing>
                        <coordinates>7.477086559435829,46.97461768818806,556.3313946064567 7.4771115068433796,46.97491720487753,556.3313946064567 7.478062605790899,46.974880319566886,556.3313946064567 7.47810665524113,46.974528046030414,556.3313946064567</coordinates>
                      </LinearRing>
                    </outerBoundaryIs>
                  </Polygon>
                  <Polygon>
                    <altitudeMode>absolute</altitudeMode>
                    <outerBoundaryIs>
                      <LinearRing>
                        <coordinates>7.477086559435829,46.97461768818806,586.3213946064567 7.4771115068433796,46.97491720487753,586.3213946064567 7.478062605790899,46.974880319566886,586.3213946064567 7.47810665524113,46.974528046030414,586.3213946064567</coordinates>
                      </LinearRing>
                    </outerBoundaryIs>
                  </Polygon>
                  <Polygon>
                    <altitudeMode>absolute</altitudeMode>
                    <outerBoundaryIs>
                      <LinearRing>
                        <coordinates>7.477086559435829,46.97461768818806,556.3313946064567 7.477086559435829,46.97461768818806,586.3213946064567 7.4771115068433796,46.97491720487753,586.3213946064567 7.4771115068433796,46.97491720487753,556.3313946064567</coordinates>
                      </LinearRing>
                    </outerBoundaryIs>
                  </Polygon>
                  <Polygon>
                    <altitudeMode>absolute</altitudeMode>
                    <outerBoundaryIs>
                      <LinearRing>
                        <coordinates>7.4771115068433796,46.97491720487753,556.3313946064567 7.4771115068433796,46.97491720487753,586.3213946064567 7.478062605790899,46.974880319566886,586.3213946064567 7.478062605790899,46.974880319566886,556.3313946064567</coordinates>
                      </LinearRing>
                    </outerBoundaryIs>
                  </Polygon>
                  <Polygon>
                    <altitudeMode>absolute</altitudeMode>
                    <outerBoundaryIs>
                      <LinearRing>
                        <coordinates>7.478062605790899,46.974880319566886,556.3313946064567 7.478062605790899,46.974880319566886,586.3213946064567 7.47810665524113,46.974528046030414,586.3213946064567 7.47810665524113,46.974528046030414,556.3313946064567</coordinates>
                      </LinearRing>
                    </outerBoundaryIs>
                  </Polygon>
                  <Polygon>
                    <altitudeMode>absolute</altitudeMode>
                    <outerBoundaryIs>
                      <LinearRing>
                        <coordinates>7.47810665524113,46.974528046030414,556.3313946064567 7.47810665524113,46.974528046030414,586.3213946064567 7.477086559435829,46.97461768818806,586.3213946064567 7.477086559435829,46.97461768818806,556.3313946064567</coordinates>
                      </LinearRing>
                    </outerBoundaryIs>
                  </Polygon>
                </MultiGeometry>
              </Placemark>
            </Folder>
          </Folder>
          <Folder>
            <name>E30: uss1 astm.f3548.v21.dss.queryOperationalIntentReferences</name>
            <Placemark>
              <name>area_of_interest</name>
              <styleUrl>#QueryArea</styleUrl>
              <description><![CDATA[<ul><li>uss1's Accepted 2bc04bd8-788c-43bd-bc16-54616b5a42a7[1]</li></ul>]]></description>
              <TimeSpan>
                <begin>2026-10-09T06:24:17.352522+00:00</begin>
                <end>2026-10-09T07:09:18.352522+00:00</end>
              </TimeSpan>
              <MultiGeometry>
                <Polygon>
                  <altitudeMode>absolute</altitudeMode>
                  <outerBoundaryIs>
                    <LinearRing>
                      <coordinates>7.477086559435829,46.974528046030414,556.3313835555317 7.477086559435829,46.97491720487753,556.3313835555317 7.47810665524113,46.97491720487753,556.3313835555317 7.47810665524113,46.974528046030414,556.3313835555317</coordinates>
                    </LinearRing>
                  </outerBoundaryIs>
                </Polygon>
                <Polygon>
                  <altitudeMode>absolute</altitudeMode>
                  <outerBoundaryIs>
                    <LinearRing>
                      <coordinates>7.477086559435829,46.974528046030414,586.3213835555317 7.477086559435829,46.97491720487753,586.3213835555317 7.47810665524113,46.97491720487753,586.3213835555317 7.47810665524113,46.974528046030414,586.3213835555317</coordinates>
                    </LinearRing>
                  </outerBoundaryIs>
                </Polygon>
                <Polygon>
                  <altitudeMode>absolute</altitudeMode>
                  <outerBoundaryIs>
                    <LinearRing>
                      <coordinates>7.477086559435829,46.974528046030414,556.3313835555317 7.477086559435829,46.974528046030414,586.3213835555317 7.477086559435829,46.97491720487753,586.3213835555317 7.477086559435829,46.97491720487753,556.3313835555317</coordinates>
                    </LinearRing>
                  </outerBoundaryIs>
                </Polygon>
                <Polygon>
                  <altitudeMode>absolute</altitudeMode>
                  <outerBoundaryIs>
                    <LinearRing>
                      <coordinates>7.477086559435829,46.97491720487753,556.3313835555317 7.477086559435829,46.97491720487753,586.3213835555317 7.47810665524113,46.97491720487753,586.3213835555317 7.47810665524113,46.97491720487753,556.3313835555317</coordinates>
                    </LinearRing>
                  </outerBoundaryIs>
                </Polygon>
                <Polygon>
                  <altitudeMode>absolute</altitudeMode>
                  <outerBoundaryIs>
                    <LinearRing>
                      <coordinates>7.47810665524113,46.97491720487753,556.3313835555317 7.47810665524113,46.97491720487753,586.3213835555317 7.47810665524113,46.974528046030414,586.3213835555317 7.47810665524113,46.974528046030414,556.3313835555317</coordinates>
                    </LinearRing>
                  </outerBoundaryIs>
                </Polygon>
                <Polygon>
                  <altitudeMode>absolute</altitudeMode>
                  <outerBoundaryIs>
                    <LinearRing>
                      <coordinates>7.47810665524113,46.974528046030414,556.3313835555317 7.47810665524113,46.974528046030414,586.3213835555317 7.477086559435829,46.974528046030414,586.3213835555317 7.477086559435829,46.974528046030414,556.3313835555317</coordinates>
                    </LinearRing>
                  </outerBoundaryIs>
                </Polygon>
              </MultiGeometry>
            </Placemark>
          </Folder>
        </Folder>
        <Folder>
          <name>Delete Flight 2</name>
        </Folder>
      </Folder>
      <Folder>
        <name>Attempt to modify planned flight in conflict</name>
        <Folder>
          <name>Plan Flight 1</name>
          <Folder>
            <name>E35: uss1 astm.f3548.v21.dss.queryOperationalIntentReferences</name>
            <Placemark>
              <name>area_of_interest</name>
              <styleUrl>#QueryArea</styleUrl>
              <description><![CDATA[(no operational intent references found)]]></description>
              <TimeSpan>
                <begin>2026-10-09T06:24:17.452800+00:00</begin>
                <end>2026-10-09T07:09:18.452800+00:00</end>
              </TimeSpan>
              <MultiGeometry>
                <Polygon>
                  <altitudeMode>absolute</altitudeMode>
                  <outerBoundaryIs>
                    <LinearRing>
                      <coordinates>7.477086559435829,46.974528046030414,556.3313835555317 7.477086559435829,46.97491720487753,556.3313835555317 7.47810665524113,46.97491720487753,556.3313835555317 7.47810665524113,46.974528046030414,556.3313835555317</coordinates>
                    </LinearRing>
                  </outerBoundaryIs>
                </Polygon>
                <Polygon>
                  <altitudeMode>absolute</altitudeMode>
                  <outerBoundaryIs>
                    <LinearRing>
                      <coordinates>7.477086559435829,46.974528046030414,586.3213835555317 7.477086559435829,46.97491720487753,586.3213835555317 7.47810665524113,46.97491720487753,586.3213835555317 7.47810665524113,46.974528046030414,586.3213835555317</coordinates>
                    </LinearRing>
                  </outerBoundaryIs>
                </Polygon>
                <Polygon>
                  <altitudeMode>absolute</altitudeMode>
                  <outerBoundaryIs>
                    <LinearRing>
                      <coordinates>7.477086559435829,46.974528046030414,556.3313835555317 7.477086559435829,46.974528046030414,586.3213835555317 7.477086559435829,46.97491720487753,586.3213835555317 7.477086559435829,46.97491720487753,556.3313835555317</coordinates>
                    </LinearRing>
                  </outerBoundaryIs>
                </Polygon>
                <Polygon>
                  <altitudeMode>absolute</altitudeMode>
                  <outerBoundaryIs>
                    <LinearRing>
                      <coordinates>7.477086559435829,46.97491720487753,556.3313835555317 7.477086559435829,46.97491720487753,586.3213835555317 7.47810665524113,46.97491720487753,586.3213835555317 7.47810665524113,46.97491720487753,556.3313835555317</coordinates>
                    </LinearRing>
                  </outerBoundaryIs>
                </Polygon>
                <Polygon>
                  <altitudeMode>absolute</altitudeMode>
                  <outerBoundaryIs>
                    <LinearRing>
                      <coordinates>7.47810665524113,46.97491720487753,556.3313835555317 7.47810665524113,46.97491720487753,586.3213835555317 7.47810665524113,46.974528046030414,586.3213835555317 7.47810665524113,46.974528046030414,556.3313835555317</coordinates>
                    </LinearRing>
                  </outerBoundaryIs>
                </Polygon>
                <Polygon>
                  <altitudeMode>absolute</altitudeMode>
                  <outerBoundaryIs>
                    <LinearRing>
                      <coordinates>7.47810665524113,46.974528046030414,556.3313835555317 7.47810665524113,46.974528046030414,586.3213835555317 7.477086559435829,46.974528046030414,586.3213835555317 7.477086559435829,46.974528046030414,556.3313835555317</coordinates>
                    </LinearRing>
                  </outerBoundaryIs>
                </Polygon>
              </MultiGeometry>
            </Placemark>
          </Folder>
          <Folder>
            <name>E37: uss1 interuss.automated_testing.flight_planning.v1.UpsertFlightPlan</name>
            <Folder>
              <name>Activity Completed, flight Planned</name>
              <Placemark>
                <name>Volume 0</name>
                <styleUrl>#Planned_Nominal</styleUrl>
                <TimeSpan>
                  <begin>2026-10-09T06:24:17.452800+00:00</begin>
                  <end>2026-10-09T07:09:18.452800+00:00</end>
                </TimeSpan>
                <MultiGeometry>
                  <Polygon>
                    <altitudeMode>absolute</altitudeMode>
                    <outerBoundaryIs>
                      <LinearRing>
                        <coordinates>7.477086559435829,46.97461768818806,556.3313946064567 7.4771115068433796,46.97491720487753,556.3313946064567 7.478062605790899,46.974880319566886,556.3313946064567 7.47810665524113,46.974528046030414,556.3313946064567</coordinates>
                      </LinearRing>
                    </outerBoundaryIs>
                  </Polygon>
                  <Polygon>
                    <altitudeMode>absolute</altitudeMode>
                    <outerBoundaryIs>
                      <LinearRing>
                        <coordinates>7.477086559435829,46.97461768818806,586.3213946064567 7.4771115068433796,46.97491720487753,586.3213946064567 7.478062605790899,46.974880319566886,586.3213946064567 7.47810665524113,46.974528046030414,586.3213946064567</coordinates>
                      </LinearRing>
                    </outerBoundaryIs>
                  </Polygon>
                  <Polygon>
                    <altitudeMode>absolute</altitudeMode>
                    <outerBoundaryIs>
                      <LinearRing>
                        <coordinates>7.477086559435829,46.97461768818806,556.3313946064567 7.477086559435829,46.97461768818806,586.3213946064567 7.4771115068433796,46.97491720487753,586.3213946064567 7.4771115068433796,46.97491720487753,556.3313946064567</coordinates>
                      </LinearRing>
                    </outerBoundaryIs>
                  </Polygon>
                  <Polygon>
                    <altitudeMode>absolute</altitudeMode>
                    <outerBoundaryIs>
                      <LinearRing>
                        <coordinates>7.4771115068433796,46.97491720487753,556.3313946064567 7.4771115068433796,46.97491720487753,586.3213946064567 7.478062605790899,46.974880319566886,586.3213946064567 7.478062605790899,46.974880319566886,556.3313946064567</coordinates>
                      </LinearRing>
                    </outerBoundaryIs>
                  </Polygon>
                  <Polygon>
                    <altitudeMode>absolute</altitudeMode>
                    <outerBoundaryIs>
                      <LinearRing>
                        <coordinates>7.478062605790899,46.974880319566886,556.3313946064567 7.478062605790899,46.974880319566886,586.3213946064567 7.47810665524113,46.974528046030414,586.3213946064567 7.47810665524113,46.974528046030414,556.3313946064567</coordinates>
                      </LinearRing>
                    </outerBoundaryIs>
                  </Polygon>
                  <Polygon>
                    <altitudeMode>absolute</altitudeMode>
                    <outerBoundaryIs>
                      <LinearRing>
                        <coordinates>7.47810665524113,46.974528046030414,556.3313946064567 7.47810665524113,46.974528046030414,586.3213946064567 7.477086559435829,46.97461768818806,586.3213946064567 7.477086559435829,46.97461768818806,556.3313946064567</coordinates>
                      </LinearRing>
                    </outerBoundaryIs>
                  </Polygon>
                </MultiGeometry>
              </Placemark>
            </Folder>
          </Folder>
          <Folder>
            <name>E41: uss1 astm.f3548.v21.dss.queryOperationalIntentReferences</name>
            <Placemark>
              <name>area_of_interest</name>
              <styleUrl>#QueryArea</styleUrl>
              <description><![CDATA[<ul><li>uss1's Accepted ba3a4a3a-b0a1-483c-a08d-7efa753f4ee6[1]</li></ul>]]></description>
              <TimeSpan>
                <begin>2026-10-09T06:24:17.452800+00:00</begin>
                <end>2026-10-09T07:09:18.452800+00:00</end>
              </TimeSpan>
              <MultiGeometry>
                <Polygon>
                  <altitudeMode>absolute</altitudeMode>
                  <outerBoundaryIs>
                    <LinearRing>
                      <coordinates>7.477086559435829,46.974528046030414,556.3313835555317 7.477086559435829,46.97491720487753,556.3313835555317 7.47810665524113,46.97491720487753,556.3313835555317 7.47810665524113,46.974528046030414,556.3313835555317</coordinates>
                    </LinearRing>
                  </outerBoundaryIs>
                </Polygon>
                <Polygon>
                  <altitudeMode>absolute</altitudeMode>
                  <outerBoundaryIs>
                    <LinearRing>
                      <coordinates>7.477086559435829,46.974528046030414,586.3213835555317 7.477086559435829,46.97491720487753,586.3213835555317 7.47810665524113,46.97491720487753,586.3213835555317 7.47810665524113,46.974528046030414,586.3213835555317</coordinates>
                    </LinearRing>
                  </outerBoundaryIs>
                </Polygon>
                <Polygon>
                  <altitudeMode>absolute</altitudeMode>
                  <outerBoundaryIs>
                    <LinearRing>
                      <coordinates>7.477086559435829,46.974528046030414,556.3313835555317 7.477086559435829,46.974528046030414,586.3213835555317 7.477086559435829,46.97491720487753,586.3213835555317 7.477086559435829,46.97491720487753,556.3313835555317</coordinates>
                    </LinearRing>
                  </outerBoundaryIs>
                </Polygon>
                <Polygon>
                  <altitudeMode>absolute</altitudeMode>
                  <outerBoundaryIs>
                    <LinearRing>
                      <coordinates>7.477086559435829,46.97491720487753,556.3313835555317 7.477086559435829,46.97491720487753,586.3213835555317 7.47810665524113,46.97491720487753,586.3213835555317 7.47810665524113,46.97491720487753,556.3313835555317</coordinates>
                    </LinearRing>
                  </outerBoundaryIs>
                </Polygon>
                <Polygon>
                  <altitudeMode>absolute</altitudeMode>
                  <outerBoundaryIs>
                    <LinearRing>
                      <coordinates>7.47810665524113,46.97491720487753,556.3313835555317 7.47810665524113,46.97491720487753,586.3213835555317 7.47810665524113,46.974528046030414,586.3213835555317 7.47810665524113,46.974528046030414,556.3313835555317</coordinates>
                    </LinearRing>
                  </outerBoundaryIs>
                </Polygon>
                <Polygon>
                  <altitudeMode>absolute</altitudeMode>
                  <outerBoundaryIs>
                    <LinearRing>
                      <coordinates>7.47810665524113,46.974528046030414,556.3313835555317 7.47810665524113,46.974528046030414,586.3213835555317 7.477086559435829,46.974528046030414,586.3213835555317 7.477086559435829,46.974528046030414,556.3313835555317</coordinates>
                    </LinearRing>
                  </outerBoundaryIs>
                </Polygon>
              </MultiGeometry>
            </Placemark>
          </Folder>
          <Folder>
            <name>E45: uss1 astm.f3548.v21.uss.getOperationalIntentDetails</name>
            <Folder>
              <name>uss1's P0 Accepted ba3a4a3a-b0a1-483c-a08d-7efa753f4ee6[1] @ r7dxtfIvFG6y9ZYFe9SRCmAtx184jiU6.Sxc8t1hB.4_</name>
              <Placemark>
                <name>Nominal volume 0</name>
                <styleUrl>#F3548v21Accepted</styleUrl>
                <TimeSpan>
                  <begin>2026-10-09T06:24:18.474122+00:00</begin>
                  <end>2026-10-09T07:09:18.452800+00:00</end>
                </TimeSpan>
                <MultiGeometry>
                  <Polygon>
                    <altitudeMode>absolute</altitudeMode>
                    <outerBoundaryIs>
                      <LinearRing>
                        <coordinates>7.477086559435829,46.97461768818806,556.3313946064567 7.4771115068433796,46.97491720487753,556.3313946064567 7.478062605790899,46.974880319566886,556.3313946064567 7.47810665524113,46.974528046030414,556.3313946064567</coordinates>
                      </LinearRing>
                    </outerBoundaryIs>
                  </Polygon>
                  <Polygon>
                    <altitudeMode>absolute</altitudeMode>
                    <outerBoundaryIs>
                      <LinearRing>
                        <coordinates>7.477086559435829,46.97461768818806,586.3213946064567 7.4771115068433796,46.97491720487753,586.3213946064567 7.478062605790899,46.974880319566886,586.3213946064567 7.47810665524113,46.974528046030414,586.3213946064567</coordinates>
                      </LinearRing>
                    </outerBoundaryIs>
                  </Polygon>
                  <Polygon>
                    <altitudeMode>absolute</altitudeMode>
                    <outerBoundaryIs>
                      <LinearRing>
                        <coordinates>7.477086559435829,46.97461768818806,556.3313946064567 7.477086559435829,46.97461768818806,586.3213946064567 7.4771115068433796,46.97491720487753,586.3213946064567 7.4771115068433796,46.97491720487753,556.3313946064567</coordinates>
                      </LinearRing>
                    </outerBoundaryIs>
                  </Polygon>
                  <Polygon>
                    <altitudeMode>absolute</altitudeMode>
                    <outerBoundaryIs>
                      <LinearRing>
                        <coordinates>7.4771115068433796,46.97491720487753,556.3313946064567 7.4771115068433796,46.97491720487753,586.3213946064567 7.478062605790899,46.974880319566886,586.3213946064567 7.478062605790899,46.974880319566886,556.3313946064567</coordinates>
                      </LinearRing>
                    </outerBoundaryIs>
                  </Polygon>
                  <Polygon>
                    <altitudeMode>absolute</altitudeMode>
                    <outerBoundaryIs>
                      <LinearRing>
                        <coordinates>7.478062605790899,46.974880319566886,556.3313946064567 7.478062605790899,46.974880319566886,586.3213946064567 7.47810665524113,46.974528046030414,586.3213946064567 7.47810665524113,46.974528046030414,556.3313946064567</coordinates>
                      </LinearRing>
                    </outerBoundaryIs>
                  </Polygon>
                  <Polygon>
                    <altitudeMode>absolute</altitudeMode>
                    <outerBoundaryIs>
                      <LinearRing>
                        <coordinates>7.47810665524113,46.974528046030414,556.3313946064567 7.47810665524113,46.974528046030414,586.3213946064567 7.477086559435829,46.97461768818806,586.3213946064567 7.477086559435829,46.97461768818806,556.3313946064567</coordinates>
                      </LinearRing>
                    </outerBoundaryIs>
                  </Polygon>
                </MultiGeometry>
              </Placemark>
            </Folder>
          </Folder>
        </Folder>
        <Folder>
          <name>Plan Flight 2</name>
          <Folder>
            <name>E58: uss1 astm.f3548.v21.dss.queryOperationalIntentReferences</name>
            <Placemark>
              <name>area_of_interest</name>
              <styleUrl>#QueryArea</styleUrl>
              <description><![CDATA[<ul><li>uss1's Accepted ba3a4a3a-b0a1-483c-a08d-7efa753f4ee6[1]</li></ul>]]></description>
              <TimeSpan>
                <begin>2026-10-09T06:24:17.590952+00:00</begin>
                <end>2026-10-09T07:09:18.590952+00:00</end>
              </TimeSpan>
              <MultiGeometry>
                <Polygon>
                  <altitudeMode>absolute</altitudeMode>
                  <outerBoundaryIs>
                    <LinearRing>
                      <coordinates>7.477046661060006,46.97455925749912,555.2513975997226 7.477046661060006,46.97530804909576,555.2513975997226 7.477627795613881,46.97530804909576,555.2513975997226 7.477627795613881,46.97455925749912,555.2513975997226</coordinates>
                    </LinearRing>
                  </outerBoundaryIs>
                </Polygon>
                <Polygon>
                  <altitudeMode>absolute</altitudeMode>
                  <outerBoundaryIs>
                    <LinearRing>
                      <coordinates>7.477046661060006,46.97455925749912,584.3213975997227 7.477046661060006,46.97530804909576,584.3213975997227 7.477627795613881,46.97530804909576,584.3213975997227 7.477627795613881,46.97455925749912,584.3213975997227</coordinates>
                    </LinearRing>
                  </outerBoundaryIs>
                </Polygon>
                <Polygon>
                  <altitudeMode>absolute</altitudeMode>
                  <outerBoundaryIs>
                    <LinearRing>
                      <coordinates>7.477046661060006,46.97455925749912,555.2513975997226 7.477046661060006,46.97455925749912,584.3213975997227 7.477046661060006,46.97530804909576,584.3213975997227 7.477046661060006,46.97530804909576,555.2513975997226</coordinates>
                    </LinearRing>
                  </outerBoundaryIs>
                </Polygon>
                <Polygon>
                  <altitudeMode>absolute</altitudeMode>
                  <outerBoundaryIs>
                    <LinearRing>
                      <coordinates>7.477046661060006,46.97530804909576,555.2513975997226 7.477046661060006,46.97530804909576,584.3213975997227 7.477627795613881,46.97530804909576,584.3213975997227 7.477627795613881,46.97530804909576,555.2513975997226</coordinates>
                    </LinearRing>
                  </outerBoundaryIs>
                </Polygon>
                <Polygon>
                  <altitudeMode>absolute</altitudeMode>
                  <outerBoundaryIs>
                    <LinearRing>
                      <coordinates>7.477627795613881,46.97530804909576,555.2513975997226 7.477627795613881,46.97530804909576,584.3213975997227 7.477627795613881,46.97455925749912,584.3213975997227 7.477627795613881,46.97455925749912,555.2513975997226</coordinates>
                    </LinearRing>
                  </outerBoundaryIs>
                </Polygon>
                <Polygon>
                  <altitudeMode>absolute</altitudeMode>
                  <outerBoundaryIs>
                    <LinearRing>
                      <coordinates>7.477627795613881,46.97455925749912,555.2513975997226 7.477627795613881,46.97455925749912,584.3213975997227 7.477046661060006,46.97455925749912,584.3213975997227 7.477046661060006,46.97455925749912,555.2513975997226</coordinates>
                    </LinearRing>
                  </outerBoundaryIs>
                </Polygon>
              </MultiGeometry>
            </Placemark>
          </Folder>
          <Folder>
            <name>E60: uss1 interuss.automated_testing.flight_planning.v1.UpsertFlightPlan</name>
            <Folder>
              <name>Activity Completed, flight Planned</name>
              <Placemark>
                <name>Volume 0</name>
                <styleUrl>#Planned_Nominal</styleUrl>
                <TimeSpan>
                  <begin>2026-10-09T06:24:17.590952+00:00</begin>
                  <end>2026-10-09T07:09:18.590952+00:00</end>
                </TimeSpan>
                <MultiGeometry>
                  <Polygon>
                    <altitudeMode>absolute</altitudeMode>
                    <outerBoundaryIs>
                      <LinearRing>
                        <coordinates>7.477046661060006,46.97501988078352,555.2514246078914 7.477301884621132,46.97455925749912,555.2514246078914 7.477627795613881,46.97494726396419,555.2514246078914 7.477364256610934,46.97530804909575,555.2514246078914</coordinates>
                      </LinearRing>
                    </outerBoundaryIs>
                  </Polygon>
                  <Polygon>
                    <altitudeMode>absolute</altitudeMode>
                    <outerBoundaryIs>
                      <LinearRing>
                        <coordinates>7.477046661060006,46.97501988078352,584.3214246078915 7.477301884621132,46.97455925749912,584.3214246078915 7.477627795613881,46.97494726396419,584.3214246078915 7.477364256610934,46.97530804909575,584.3214246078915</coordinates>
                      </LinearRing>
                    </outerBoundaryIs>
                  </Polygon>
                  <Polygon>
                    <altitudeMode>absolute</altitudeMode>
                    <outerBoundaryIs>
                      <LinearRing>
                        <coordinates>7.477046661060006,46.97501988078352,555.2514246078914 7.477046661060006,46.97501988078352,584.3214246078915 7.477301884621132,46.97455925749912,584.3214246078915 7.477301884621132,46.97455925749912,555.2514246078914</coordinates>
                      </LinearRing>
                    </outerBoundaryIs>
                  </Polygon>
                  <Polygon>
                    <altitudeMode>absolute</altitudeMode>
                    <outerBoundaryIs>
                      <LinearRing>
                        <coordinates>7.477301884621132,46.97455925749912,555.2514246078914 7.477301884621132,46.97455925749912,584.3214246078915 7.477627795613881,46.97494726396419,584.3214246078915 7.477627795613881,46.97494726396419,555.2514246078914</coordinates>
                      </LinearRing>
                    </outerBoundaryIs>
                  </Polygon>
                  <Polygon>
                    <altitudeMode>absolute</altitudeMode>
                    <outerBoundaryIs>
                      <LinearRing>
                        <coordinates>7.477627795613881,46.97494726396419,555.2514246078914 7.477627795613881,46.97494726396419,584.3214246078915 7.477364256610934,46.97530804909575,584.3214246078915 7.477364256610934,46.97530804909575,555.2514246078914</coordinates>
                      </LinearRing>
                    </outerBoundaryIs>
                  </Polygon>
                  <Polygon>
                    <altitudeMode>absolute</altitudeMode>
                    <outerBoundaryIs>
                      <LinearRing>
                        <coordinates>7.477364256610934,46.97530804909575,555.2514246078914 7.477364256610934,46.97530804909575,584.3214246078915 7.477046661060006,46.97501988078352,584.3214246078915 7.477046661060006,46.97501988078352,555.2514246078914</coordinates>
                      </LinearRing>
                    </outerBoundaryIs>
                  </Polygon>
                </MultiGeometry>
              </Placemark>
            </Folder>
          </Folder>
          <Folder>
            <name>E64: uss1 astm.f3548.v21.dss.queryOperationalIntentReferences</name>
            <Placemark>
              <name>area_of_interest</name>
              <styleUrl>#QueryArea</styleUrl>
              <description><![CDATA[<ul><li>uss1's Accepted 8f01e9ae-b77f-4e6f-8bcf-4a861a433b76[1]</li><li>uss1's Accepted ba3a4a3a-b0a1-483c-a08d-7efa753f4ee6[1]</li></ul>]]></description>
              <TimeSpan>
                <begin>2026-10-09T06:24:17.590952+00:00</begin>
                <end>2026-10-09T07:09:18.590952+00:00</end>
              </TimeSpan>
              <MultiGeometry>
                <Polygon>
                  <altitudeMode>absolute</altitudeMode>
                  <outerBoundaryIs>
                    <LinearRing>
                      <coordinates>7.477046661060006,46.97455925749912,555.2513975997226 7.477046661060006,46.97530804909576,555.2513975997226 7.477627795613881,46.97530804909576,555.2513975997226 7.477627795613881,46.97455925749912,555.2513975997226</coordinates>
                    </LinearRing>
                  </outerBoundaryIs>
                </Polygon>
                <Polygon>
                  <altitudeMode>absolute</altitudeMode>
                  <outerBoundaryIs>
                    <LinearRing>
                      <coordinates>7.477046661060006,46.97455925749912,584.3213975997227 7.477046661060006,46.97530804909576,584.3213975997227 7.477627795613881,46.97530804909576,584.3213975997227 7.477627795613881,46.97455925749912,584.3213975997227</coordinates>
                    </LinearRing>
                  </outerBoundaryIs>
                </Polygon>
                <Polygon>
                  <altitudeMode>absolute</altitudeMode>
                  <outerBoundaryIs>
                    <LinearRing>
                      <coordinates>7.477046661060006,46.97455925749912,555.2513975997226 7.477046661060006,46.97455925749912,584.3213975997227 7.477046661060006,46.97530804909576,584.3213975997227 7.477046661060006,46.97530804909576,555.2513975997226</coordinates>
                    </LinearRing>
                  </outerBoundaryIs>
                </Polygon>
                <Polygon>
                  <altitudeMode>absolute</altitudeMode>
                  <outerBoundaryIs>
                    <LinearRing>
                      <coordinates>7.477046661060006,46.97530804909576,555.2513975997226 7.477046661060006,46.97530804909576,584.3213975997227 7.477627795613881,46.97530804909576,584.3213975997227 7.477627795613881,46.97530804909576,555.2513975997226</coordinates>
                    </LinearRing>
                  </outerBoundaryIs>
                </Polygon>
                <Polygon>
                  <altitudeMode>absolute</altitudeMode>
                  <outerBoundaryIs>
                    <LinearRing>
                      <coordinates>7.477627795613881,46.97530804909576,555.2513975997226 7.477627795613881,46.97530804909576,584.3213975997227 7.477627795613881,46.97455925749912,584.3213975997227 7.477627795613881,46.97455925749912,555.2513975997226</coordinates>
                    </LinearRing>
                  </outerBoundaryIs>
                </Polygon>
                <Polygon>
                  <altitudeMode>absolute</altitudeMode>
                  <outerBoundaryIs>
                    <LinearRing>
                      <coordinates>7.477627795613881,46.97455925749912,555.2513975997226 7.477627795613881,46.97455925749912,584.3213975997227 7.477046661060006,46.97455925749912,584.3213975997227 7.477046661060006,46.97455925749912,555.2513975997226</coordinates>
                    </LinearRing>
                  </outerBoundaryIs>
                </Polygon>
              </MultiGeometry>
            </Placemark>
          </Folder>
          <Folder>
            <name>E68: uss1 astm.f3548.v21.uss.getOperationalIntentDetails</name>
            <Folder>
              <name>uss1's P100 Accepted 8f01e9ae-b77f-4e6f-8bcf-4a861a433b76[1] @ ve4uCdvhLpnONq5cmlISiuDBj8GOgaeDi5Wm6PkQ5DI_</name>
              <Placemark>
                <name>Nominal volume 0</name>
                <styleUrl>#F3548v21Accepted</styleUrl>
                <TimeSpan>
                  <begin>2026-10-09T06:24:18.618591+00:00</begin>
                  <end>2026-10-09T07:09:18.590952+00:00</end>
                </TimeSpan>
                <MultiGeometry>
                  <Polygon>
                    <altitudeMode>absolute</altitudeMode>
                    <outerBoundaryIs>
                      <LinearRing>
                        <coordinates>7.477046661060006,46.97501988078352,555.2514246078914 7.477301884621132,46.97455925749912,555.2514246078914 7.477627795613881,46.97494726396419,555.2514246078914 7.477364256610934,46.97530804909575,555.2514246078914</coordinates>
                      </LinearRing>
                    </outerBoundaryIs>
                  </Polygon>
                  <Polygon>
                    <altitudeMode>absolute</altitudeMode>
                    <outerBoundaryIs>
                      <LinearRing>
                        <coordinates>7.477046661060006,46.97501988078352,584.3214246078915 7.477301884621132,46.97455925749912,584.3214246078915 7.477627795613881,46.97494726396419,584.3214246078915 7.477364256610934,46.97530804909575,584.3214246078915</coordinates>
                      </LinearRing>
                    </outerBoundaryIs>
                  </Polygon>
                  <Polygon>
                    <altitudeMode>absolute</altitudeMode>
                    <outerBoundaryIs>
                      <LinearRing>
                        <coordinates>7.477046661060006,46.97501988078352,555.2514246078914 7.477046661060006,46.97501988078352,584.3214246078915 7.477301884621132,46.97455925749912,584.3214246078915 7.477301884621132,46.97455925749912,555.2514246078914</coordinates>
                      </LinearRing>
                    </outerBoundaryIs>
                  </Polygon>
                  <Polygon>
                    <altitudeMode>absolute</altitudeMode>
                    <outerBoundaryIs>
                      <LinearRing>
                        <coordinates>7.477301884621132,46.97455925749912,555.2514246078914 7.477301884621132,46.97455925749912,584.3214246078915 7.477627795613881,46.97494726396419,584.3214246078915 7.477627795613881,46.97494726396419,555.2514246078914</coordinates>
                      </LinearRing>
                    </outerBoundaryIs>
                  </Polygon>
                  <Polygon>
                    <altitudeMode>absolute</altitudeMode>
                    <outerBoundaryIs>
                      <LinearRing>
                        <coordinates>7.477627795613881,46.97494726396419,555.2514246078914 7.477627795613881,46.97494726396419,584.3214246078915 7.477364256610934,46.97530804909575,584.3214246078915 7.477364256610934,46.97530804909575,555.2514246078914</coordinates>
                      </LinearRing>
                    </outerBoundaryIs>
                  </Polygon>
                  <Polygon>
                    <altitudeMode>absolute</altitudeMode>
                    <outerBoundaryIs>
                      <LinearRing>
                        <coordinates>7.477364256610934,46.97530804909575,555.2514246078914 7.477364256610934,46.97530804909575,584.3214246078915 7.477046661060006,46.97501988078352,584.3214246078915 7.477046661060006,46.97501988078352,555.2514246078914</coordinates>
                      </LinearRing>
                    </outerBoundaryIs>
                  </Polygon>
                </MultiGeometry>
              </Placemark>
            </Folder>
          </Folder>
        </Folder>
        <Folder>
          <name>Check for conflict notifications</name>
        </Folder>
        <Folder>
          <name>Attempt to modify planned Flight 1 in conflict</name>
          <Folder>
            <name>E83: uss1 astm.f3548.v21.dss.queryOperationalIntentReferences</name>
            <Placemark>
              <name>area_of_interest</name>
              <styleUrl>#QueryArea</styleUrl>
              <description><![CDATA[<ul><li>uss1's Accepted 8f01e9ae-b77f-4e6f-8bcf-4a861a433b76[1]</li><li>uss1's Accepted ba3a4a3a-b0a1-483c-a08d-7efa753f4ee6[1]</li></ul>]]></description>
              <TimeSpan>
                <begin>2026-10-09T06:24:17.733205+00:00</begin>
                <end>2026-10-09T07:09:18.733205+00:00</end>
              </TimeSpan>
              <MultiGeometry>
                <Polygon>
                  <altitudeMode>absolute</altitudeMode>
                  <outerBoundaryIs>
                    <LinearRing>
                      <coordinates>7.477086559435829,46.974528046030414,526.2913835555318 7.477086559435829,46.97491720487753,526.2913835555318 7.47810665524113,46.97491720487753,526.2913835555318 7.47810665524113,46.974528046030414,526.2913835555318</coordinates>
                    </LinearRing>
                  </outerBoundaryIs>
                </Polygon>
                <Polygon>
                  <altitudeMode>absolute</altitudeMode>
                  <outerBoundaryIs>
                    <LinearRing>
                      <coordinates>7.477086559435829,46.974528046030414,586.3213835555317 7.477086559435829,46.97491720487753,586.3213835555317 7.47810665524113,46.97491720487753,586.3213835555317 7.47810665524113,46.974528046030414,586.3213835555317</coordinates>
                    </LinearRing>
                  </outerBoundaryIs>
                </Polygon>
                <Polygon>
                  <altitudeMode>absolute</altitudeMode>
                  <outerBoundaryIs>
                    <LinearRing>
                      <coordinates>7.477086559435829,46.974528046030414,526.2913835555318 7.477086559435829,46.974528046030414,586.3213835555317 7.477086559435829,46.97491720487753,586.3213835555317 7.477086559435829,46.97491720487753,526.2913835555318</coordinates>
                    </LinearRing>
                  </outerBoundaryIs>
                </Polygon>
                <Polygon>
                  <altitudeMode>absolute</altitudeMode>
                  <outerBoundaryIs>
                    <LinearRing>
                      <coordinates>7.477086559435829,46.97491720487753,526.2913835555318 7.477086559435829,46.97491720487753,586.3213835555317 7.47810665524113,46.97491720487753,586.3213835555317 7.47810665524113,46.97491720487753,526.2913835555318</coordinates>
                    </LinearRing>
                  </outerBoundaryIs>
                </Polygon>
                <Polygon>
                  <altitudeMode>absolute</altitudeMode>
                  <outerBoundaryIs>
                    <LinearRing>
                      <coordinates>7.47810665524113,46.97491720487753,526.2913835555318 7.47810665524113,46.97491720487753,586.3213835555317 7.47810665524113,46.974528046030414,586.3213835555317 7.47810665524113,46.974528046030414,526.2913835555318</coordinates>
                    </LinearRing>
                  </outerBoundaryIs>
                </Polygon>
                <Polygon>
                  <altitudeMode>absolute</altitudeMode>
                  <outerBoundaryIs>
                    <LinearRing>
                      <coordinates>7.47810665524113,46.974528046030414,526.2913835555318 7.47810665524113,46.974528046030414,586.3213835555317 7.477086559435829,46.974528046030414,586.3213835555317 7.477086559435829,46.974528046030414,526.2913835555318</coordinates>
                    </LinearRing>
                  </outerBoundaryIs>
                </Polygon>
              </MultiGeometry>
            </Placemark>
          </Folder>
          <Folder>
            <name>E85: uss1 interuss.automated_testing.flight_planning.v1.UpsertFlightPlan</name>
            <Folder>
              <name>Activity Rejected, flight Planned</name>
              <Placemark>
                <name>Volume 0</name>
                <styleUrl>#Planned_Nominal</styleUrl>
                <TimeSpan>
                  <begin>2026-10-09T06:24:17.733205+00:00</begin>
                  <end>2026-10-09T07:09:18.733205+00:00</end>
                </TimeSpan>
                <MultiGeometry>
                  <Polygon>
                    <altitudeMode>absolute</altitudeMode>
                    <outerBoundaryIs>
                      <LinearRing>
                        <coordinates>7.47745236483637,46.97460350254155,526.2915485664236 7.47747731428616,46.97490301915158,526.2915485664236 7.478062605790899,46.974880319566886,526.2915485664236 7.47810665524113,46.974528046030414,526.2915485664236</coordinates>
                      </LinearRing>
                    </outerBoundaryIs>
                  </Polygon>
                  <Polygon>
                    <altitudeMode>absolute</altitudeMode>
                    <outerBoundaryIs>
                      <LinearRing>
                        <coordinates>7.47745236483637,46.97460350254155,586.3215485664235 7.47747731428616,46.97490301915158,586.3215485664235 7.478062605790899,46.974880319566886,586.3215485664235 7.47810665524113,46.974528046030414,586.3215485664235</coordinates>
                      </LinearRing>
                    </outerBoundaryIs>
                  </Polygon>
                  <Polygon>
                    <altitudeMode>absolute</altitudeMode>
                    <outerBoundaryIs>
                      <LinearRing>
                        <coordinates>7.47745236483637,46.97460350254155,526.2915485664236 7.47745236483637,46.97460350254155,586.3215485664235 7.47747731428616,46.97490301915158,586.3215485664235 7.47747731428616,46.97490301915158,526.2915485664236</coordinates>
                      </LinearRing>
                    </outerBoundaryIs>
                  </Polygon>
                  <Polygon>
                    <altitudeMode>absolute</altitudeMode>
                    <outerBoundaryIs>
                      <LinearRing>
                        <coordinates>7.47747731428616,46.97490301915158,526.2915485664236 7.47747731428616,46.97490301915158,586.3215485664235 7.478062605790899,46.974880319566886,586.3215485664235 7.478062605790899,46.974880319566886,526.2915485664236</coordinates>
                      </LinearRing>
                    </outerBoundaryIs>
                  </Polygon>
                  <Polygon>
                    <altitudeMode>absolute</altitudeMode>
                    <outerBoundaryIs>
                      <LinearRing>
                        <coordinates>7.478062605790899,46.974880319566886,526.2915485664236 7.478062605790899,46.974880319566886,586.3215485664235 7.47810665524113,46.974528046030414,586.3215485664235 7.47810665524113,46.974528046030414,526.2915485664236</coordinates>
                      </LinearRing>
                    </outerBoundaryIs>
                  </Polygon>
                  <Polygon>
                    <altitudeMode>absolute</altitudeMode>
                    <outerBoundaryIs>
                      <LinearRing>
                        <coordinates>7.47810665524113,46.974528046030414,526.2915485664236 7.47810665524113,46.974528046030414,586.3215485664235 7.47745236483637,46.97460350254155,586.3215485664235 7.47745236483637,46.97460350254155,526.2915485664236</coordinates>
                      </LinearRing>
                    </outerBoundaryIs>
                  </Polygon>
                </MultiGeometry>
              </Placemark>
            </Folder>
          </Folder>
          <Folder>
            <name>E88: uss1 astm.f3548.v21.dss.queryOperationalIntentReferences</name>
            <Placemark>
              <name>area_of_interest</name>
              <styleUrl>#QueryArea</styleUrl>
              <description><![CDATA[<ul><li>uss1's Accepted 8f01e9ae-b77f-4e6f-8bcf-4a861a433b76[1]</li><li>uss1's Accepted ba3a4a3a-b0a1-483c-a08d-7efa753f4ee6[1]</li></ul>]]></description>
              <TimeSpan>
                <begin>2026-10-09T06:24:17.733205+00:00</begin>
                <end>2026-10-09T07:09:18.733205+00:00</end>
              </TimeSpan>
              <MultiGeometry>
                <Polygon>
                  <altitudeMode>absolute</altitudeMode>
                  <outerBoundaryIs>
                    <LinearRing>
                      <coordinates>7.477086559435829,46.974528046030414,526.2913835555318 7.477086559435829,46.97491720487753,526.2913835555318 7.47810665524113,46.97491720487753,526.2913835555318 7.47810665524113,46.974528046030414,526.2913835555318</coordinates>
                    </LinearRing>
                  </outerBoundaryIs>
                </Polygon>
                <Polygon>
                  <altitudeMode>absolute</altitudeMode>
                  <outerBoundaryIs>
                    <LinearRing>
                      <coordinates>7.477086559435829,46.974528046030414,586.3213835555317 7.477086559435829,46.97491720487753,586.3213835555317 7.47810665524113,46.97491720487753,586.3213835555317 7.47810665524113,46.974528046030414,586.3213835555317</coordinates>
                    </LinearRing>
                  </outerBoundaryIs>
                </Polygon>
                <Polygon>
                  <altitudeMode>absolute</altitudeMode>
                  <outerBoundaryIs>
                    <LinearRing>
                      <coordinates>7.477086559435829,46.974528046030414,526.2913835555318 7.477086559435829,46.974528046030414,586.3213835555317 7.477086559435829,46.97491720487753,586.3213835555317 7.477086559435829,46.97491720487753,526.2913835555318</coordinates>
                    </LinearRing>
                  </outerBoundaryIs>
                </Polygon>
                <Polygon>
                  <altitudeMode>absolute</altitudeMode>
                  <outerBoundaryIs>
                    <LinearRing>
                      <coordinates>7.477086559435829,46.97491720487753,526.2913835555318 7.477086559435829,46.97491720487753,586.3213835555317 7.47810665524113,46.97491720487753,586.3213835555317 7.47810665524113,46.97491720487753,526.2913835555318</coordinates>
                    </LinearRing>
                  </outerBoundaryIs>
                </Polygon>
                <Polygon>
                  <altitudeMode>absolute</altitudeMode>
                  <outerBoundaryIs>
                    <LinearRing>
                      <coordinates>7.47810665524113,46.97491720487753,526.2913835555318 7.47810665524113,46.97491720487753,586.3213835555317 7.47810665524113,46.974528046030414,586.3213835555317 7.47810665524113,46.974528046030414,526.2913835555318</coordinates>
                    </LinearRing>
                  </outerBoundaryIs>
                </Polygon>
                <Polygon>
                  <altitudeMode>absolute</altitudeMode>
                  <outerBoundaryIs>
                    <LinearRing>
                      <coordinates>7.47810665524113,46.974528046030414,526.2913835555318 7.47810665524113,46.974528046030414,586.3213835555317 7.477086559435829,46.974528046030414,586.3213835555317 7.477086559435829,46.974528046030414,526.2913835555318</coordinates>
                    </LinearRing>
                  </outerBoundaryIs>
                </Polygon>
              </MultiGeometry>
            </Placemark>
          </Folder>
          <Folder>
            <name>E92: uss1 astm.f3548.v21.uss.getOperationalIntentDetails</name>
            <Folder>
              <name>uss1's P0 Accepted ba3a4a3a-b0a1-483c-a08d-7efa753f4ee6[1] @ r7dxtfIvFG6y9ZYFe9SRCmAtx184jiU6.Sxc8t1hB.4_</name>
              <Placemark>
                <name>Nominal volume 0</name>
                <styleUrl>#F3548v21Accepted</styleUrl>
                <TimeSpan>
                  <begin>2026-10-09T06:24:18.474122+00:00</begin>
                  <end>2026-10-09T07:09:18.452800+00:00</end>
                </TimeSpan>
                <MultiGeometry>
                  <Polygon>
                    <altitudeMode>absolute</altitudeMode>
                    <outerBoundaryIs>
                      <LinearRing>
                        <coordinates>7.477086559435829,46.97461768818806,556.3313946064567 7.4771115068433796,46.97491720487753,556.3313946064567 7.478062605790899,46.974880319566886,556.3313946064567 7.47810665524113,46.974528046030414,556.3313946064567</coordinates>
                      </LinearRing>
                    </outerBoundaryIs>
                  </Polygon>
                  <Polygon>
                    <altitudeMode>absolute</altitudeMode>
                    <outerBoundaryIs>
                      <LinearRing>
                        <coordinates>7.477086559435829,46.97461768818806,586.3213946064567 7.4771115068433796,46.97491720487753,586.3213946064567 7.478062605790899,46.974880319566886,586.3213946064567 7.47810665524113,46.974528046030414,586.3213946064567</coordinates>
                      </LinearRing>
                    </outerBoundaryIs>
                  </Polygon>
                  <Polygon>
                    <altitudeMode>absolute</altitudeMode>
                    <outerBoundaryIs>
                      <LinearRing>
                        <coordinates>7.477086559435829,46.97461768818806,556.3313946064567 7.477086559435829,46.97461768818806,586.3213946064567 7.4771115068433796,46.97491720487753,586.3213946064567 7.4771115068433796,46.97491720487753,556.3313946064567</coordinates>
                      </LinearRing>
                    </outerBoundaryIs>
                  </Polygon>
                  <Polygon>
                    <altitudeMode>absolute</altitudeMode>
                    <outerBoundaryIs>
                      <LinearRing>
                        <coordinates>7.4771115068433796,46.97491720487753,556.3313946064567 7.4771115068433796,46.97491720487753,586.3213946064567 7.478062605790899,46.974880319566886,586.3213946064567 7.478062605790899,46.974880319566886,556.3313946064567</coordinates>
                      </LinearRing>
                    </outerBoundaryIs>
                  </Polygon>
                  <Polygon>
                    <altitudeMode>absolute</altitudeMode>
                    <outerBoundaryIs>
                      <LinearRing>
                        <coordinates>7.478062605790899,46.974880319566886,556.3313946064567 7.478062605790899,46.974880319566886,586.3213946064567 7.47810665524113,46.974528046030414,586.3213946064567 7.47810665524113,46.974528046030414,556.3313946064567</coordinates>
                      </LinearRing>
                    </outerBoundaryIs>
                  </Polygon>
                  <Polygon>
                    <altitudeMode>absolute</altitudeMode>
                    <outerBoundaryIs>
                      <LinearRing>
                        <coordinates>7.47810665524113,46.974528046030414,556.3313946064567 7.47810665524113,46.974528046030414,586.3213946064567 7.477086559435829,46.97461768818806,586.3213946064567 7.477086559435829,46.97461768818806,556.3313946064567</coordinates>
                      </LinearRing>
                    </outerBoundaryIs>
                  </Polygon>
                </MultiGeometry>
              </Placemark>
            </Folder>
          </Folder>
        </Folder>
      </Folder>
      <Folder>
        <name>Attempt to activate flight in conflict</name>
        <Folder>
          <name>Attempt to activate conflicting Flight 1</name>
          <Folder>
            <name>E101: uss1 astm.f3548.v21.dss.queryOperationalIntentReferences</name>
            <Placemark>
              <name>area_of_interest</name>
              <styleUrl>#QueryArea</styleUrl>
              <description><![CDATA[<ul><li>uss1's Accepted 8f01e9ae-b77f-4e6f-8bcf-4a861a433b76[1]</li><li>uss1's Accepted ba3a4a3a-b0a1-483c-a08d-7efa753f4ee6[1]</li></ul>]]></description>
              <TimeSpan>
                <begin>2026-10-09T06:24:17.832551+00:00</begin>
                <end>2026-10-09T07:09:18.832551+00:00</end>
              </TimeSpan>
              <MultiGeometry>
                <Polygon>
                  <altitudeMode>absolute</altitudeMode>
                  <outerBoundaryIs>
                    <LinearRing>
                      <coordinates>7.477086559435829,46.974528046030414,556.3313835555317 7.477086559435829,46.97491720487753,556.3313835555317 7.47810665524113,46.97491720487753,556.3313835555317 7.47810665524113,46.974528046030414,556.3313835555317</coordinates>
                    </LinearRing>
                  </outerBoundaryIs>
                </Polygon>
                <Polygon>
                  <altitudeMode>absolute</altitudeMode>
                  <outerBoundaryIs>
                    <LinearRing>
                      <coordinates>7.477086559435829,46.974528046030414,586.3213835555317 7.477086559435829,46.97491720487753,586.3213835555317 7.47810665524113,46.97491720487753,586.3213835555317 7.47810665524113,46.974528046030414,586.3213835555317</coordinates>
                    </LinearRing>
                  </outerBoundaryIs>
                </Polygon>
                <Polygon>
                  <altitudeMode>absolute</altitudeMode>
                  <outerBoundaryIs>
                    <LinearRing>
                      <coordinates>7.477086559435829,46.974528046030414,556.3313835555317 7.477086559435829,46.974528046030414,586.3213835555317 7.477086559435829,46.97491720487753,586.3213835555317 7.477086559435829,46.97491720487753,556.3313835555317</coordinates>
                    </LinearRing>
                  </outerBoundaryIs>
                </Polygon>
                <Polygon>
                  <altitudeMode>absolute</altitudeMode>
                  <outerBoundaryIs>
                    <LinearRing>
                      <coordinates>7.477086559435829,46.97491720487753,556.3313835555317 7.477086559435829,46.97491720487753,586.3213835555317 7.47810665524113,46.97491720487753,586.3213835555317 7.47810665524113,46.97491720487753,556.3313835555317</coordinates>
                    </LinearRing>
                  </outerBoundaryIs>
                </Polygon>
                <Polygon>
                  <altitudeMode>absolute</altitudeMode>
                  <outerBoundaryIs>
                    <LinearRing>
                      <coordinates>7.47810665524113,46.97491720487753,556.3313835555317 7.47810665524113,46.97491720487753,586.3213835555317 7.47810665524113,46.974528046030414,586.3213835555317 7.47810665524113,46.974528046030414,556.3313835555317</coordinates>
                    </LinearRing>
                  </outerBoundaryIs>
                </Polygon>
                <Polygon>
                  <altitudeMode>absolute</altitudeMode>
                  <outerBoundaryIs>
                    <LinearRing>
                      <coordinates>7.47810665524113,46.974528046030414,556.3313835555317 7.47810665524113,46.974528046030414,586.3213835555317 7.477086559435829,46.974528046030414,586.3213835555317 7.477086559435829,46.974528046030414,556.3313835555317</coordinates>
                    </LinearRing>
                  </outerBoundaryIs>
                </Polygon>
              </MultiGeometry>
            </Placemark>
          </Folder>
          <Folder>
            <name>E103: uss1 interuss.automated_testing.flight_planning.v1.UpsertFlightPlan</name>
            <Folder>
              <name>Activity Rejected, flight Planned</name>
              <Placemark>
                <name>Volume 0</name>
                <styleUrl>#InUse_Nominal</styleUrl>
                <TimeSpan>
                  <begin>2026-10-09T06:24:17.832551+00:00</begin>
                  <end>2026-10-09T07:09:18.832551+00:00</end>
                </TimeSpan>
                <MultiGeometry>
                  <Polygon>
                    <altitudeMode>absolute</altitudeMode>
                    <outerBoundaryIs>
                      <LinearRing>
                        <coordinates>7.477086559435829,46.97461768818806,556.3413946064567 7.4771115068433796,46.97491720487753,556.3413946064567 7.478062605790899,46.974880319566886,556.3413946064567 7.47810665524113,46.974528046030414,556.3413946064567</coordinates>
                      </LinearRing>
                    </outerBoundaryIs>
                  </Polygon>
                  <Polygon>
                    <altitudeMode>absolute</altitudeMode>
                    <outerBoundaryIs>
                      <LinearRing>
                        <coordinates>7.477086559435829,46.97461768818806,586.3213946064567 7.4771115068433796,46.97491720487753,586.3213946064567 7.478062605790899,46.974880319566886,586.3213946064567 7.47810665524113,46.974528046030414,586.3213946064567</coordinates>
                      </LinearRing>
                    </outerBoundaryIs>
                  </Polygon>
                  <Polygon>
                    <altitudeMode>absolute</altitudeMode>
                    <outerBoundaryIs>
                      <LinearRing>
                        <coordinates>7.477086559435829,46.97461768818806,556.3413946064567 7.477086559435829,46.97461768818806,586.3213946064567 7.4771115068433796,46.97491720487753,586.3213946064567 7.4771115068433796,46.97491720487753,556.3413946064567</coordinates>
                      </LinearRing>
                    </outerBoundaryIs>
                  </Polygon>
                  <Polygon>
                    <altitudeMode>absolute</altitudeMode>
                    <outerBoundaryIs>
                      <LinearRing>
                        <coordinates>7.4771115068433796,46.97491720487753,556.3413946064567 7.4771115068433796,46.97491720487753,586.3213946064567 7.478062605790899,46.974880319566886,586.3213946064567 7.478062605790899,46.974880319566886,556.3413946064567</coordinates>
                      </LinearRing>
                    </outerBoundaryIs>
                  </Polygon>
                  <Polygon>
                    <altitudeMode>absolute</altitudeMode>
                    <outerBoundaryIs>
                      <LinearRing>
                        <coordinates>7.478062605790899,46.974880319566886,556.3413946064567 7.478062605790899,46.974880319566886,586.3213946064567 7.47810665524113,46.974528046030414,586.3213946064567 7.47810665524113,46.974528046030414,556.3413946064567</coordinates>
                      </LinearRing>
                    </outerBoundaryIs>
                  </Polygon>
                  <Polygon>
                    <altitudeMode>absolute</altitudeMode>
                    <outerBoundaryIs>
                      <LinearRing>
                        <coordinates>7.47810665524113,46.974528046030414,556.3413946064567 7.47810665524113,46.974528046030414,586.3213946064567 7.477086559435829,46.97461768818806,586.3213946064567 7.477086559435829,46.97461768818806,556.3413946064567</coordinates>
                      </LinearRing>
                    </outerBoundaryIs>
                  </Polygon>
                </MultiGeometry>
              </Placemark>
            </Folder>
          </Folder>
          <Folder>
            <name>E106: uss1 astm.f3548.v21.dss.queryOperationalIntentReferences</name>
            <Placemark>
              <name>area_of_interest</name>
              <styleUrl>#QueryArea</styleUrl>
              <description><![CDATA[<ul><li>uss1's Accepted 8f01e9ae-b77f-4e6f-8bcf-4a861a433b76[1]</li><li>uss1's Accepted ba3a4a3a-b0a1-483c-a08d-7efa753f4ee6[1]</li></ul>]]></description>
              <TimeSpan>
                <begin>2026-10-09T06:24:17.832551+00:00</begin>
                <end>2026-10-09T07:09:18.832551+00:00</end>
              </TimeSpan>
              <MultiGeometry>
                <Polygon>
                  <altitudeMode>absolute</altitudeMode>
                  <outerBoundaryIs>
                    <LinearRing>
                      <coordinates>7.477086559435829,46.974528046030414,556.3313835555317 7.477086559435829,46.97491720487753,556.3313835555317 7.47810665524113,46.97491720487753,556.3313835555317 7.47810665524113,46.974528046030414,556.3313835555317</coordinates>
                    </LinearRing>
                  </outerBoundaryIs>
                </Polygon>
                <Polygon>
                  <altitudeMode>absolute</altitudeMode>
                  <outerBoundaryIs>
                    <LinearRing>
                      <coordinates>7.477086559435829,46.974528046030414,586.3213835555317 7.477086559435829,46.97491720487753,586.3213835555317 7.47810665524113,46.97491720487753,586.3213835555317 7.47810665524113,46.974528046030414,586.3213835555317</coordinates>
                    </LinearRing>
                  </outerBoundaryIs>
                </Polygon>
                <Polygon>
                  <altitudeMode>absolute</altitudeMode>
                  <outerBoundaryIs>
                    <LinearRing>
                      <coordinates>7.477086559435829,46.974528046030414,556.3313835555317 7.477086559435829,46.974528046030414,586.3213835555317 7.477086559435829,46.97491720487753,586.3213835555317 7.477086559435829,46.97491720487753,556.3313835555317</coordinates>
                    </LinearRing>
                  </outerBoundaryIs>
                </Polygon>
                <Polygon>
                  <altitudeMode>absolute</altitudeMode>
                  <outerBoundaryIs>
                    <LinearRing>
                      <coordinates>7.477086559435829,46.97491720487753,556.3313835555317 7.477086559435829,46.97491720487753,586.3213835555317 7.47810665524113,46.97491720487753,586.3213835555317 7.47810665524113,46.97491720487753,556.3313835555317</coordinates>
                    </LinearRing>
                  </outerBoundaryIs>
                </Polygon>
                <Polygon>
                  <altitudeMode>absolute</altitudeMode>
                  <outerBoundaryIs>
                    <LinearRing>
                      <coordinates>7.47810665524113,46.97491720487753,556.3313835555317 7.47810665524113,46.97491720487753,586.3213835555317 7.47810665524113,46.974528046030414,586.3213835555317 7.47810665524113,46.974528046030414,556.3313835555317</coordinates>
                    </LinearRing>
                  </outerBoundaryIs>
                </Polygon>
                <Polygon>
                  <altitudeMode>absolute</altitudeMode>
                  <outerBoundaryIs>
                    <LinearRing>
                      <coordinates>7.47810665524113,46.974528046030414,556.3313835555317 7.47810665524113,46.974528046030414,586.3213835555317 7.477086559435829,46.974528046030414,586.3213835555317 7.477086559435829,46.974528046030414,556.3313835555317</coordinates>
                    </LinearRing>
                  </outerBoundaryIs>
                </Polygon>
              </MultiGeometry>
            </Placemark>
          </Folder>
          <Folder>
            <name>E110: uss1 astm.f3548.v21.uss.getOperationalIntentDetails</name>
            <Folder>
              <name>uss1's P0 Accepted ba3a4a3a-b0a1-483c-a08d-7efa753f4ee6[1] @ r7dxtfIvFG6y9ZYFe9SRCmAtx184jiU6.Sxc8t1hB.4_</name>
              <Placemark>
                <name>Nominal volume 0</name>
                <styleUrl>#F3548v21Accepted</styleUrl>
                <TimeSpan>
                  <begin>2026-10-09T06:24:18.474122+00:00</begin>
                  <end>2026-10-09T07:09:18.452800+00:00</end>
                </TimeSpan>
                <MultiGeometry>
                  <Polygon>
                    <altitudeMode>absolute</altitudeMode>
                    <outerBoundaryIs>
                      <LinearRing>
                        <coordinates>7.477086559435829,46.97461768818806,556.3313946064567 7.4771115068433796,46.97491720487753,556.3313946064567 7.478062605790899,46.974880319566886,556.3313946064567 7.47810665524113,46.974528046030414,556.3313946064567</coordinates>
                      </LinearRing>
                    </outerBoundaryIs>
                  </Polygon>
                  <Polygon>
                    <altitudeMode>absolute</altitudeMode>
                    <outerBoundaryIs>
                      <LinearRing>
                        <coordinates>7.477086559435829,46.97461768818806,586.3213946064567 7.4771115068433796,46.97491720487753,586.3213946064567 7.478062605790899,46.974880319566886,586.3213946064567 7.47810665524113,46.974528046030414,586.3213946064567</coordinates>
                      </LinearRing>
                    </outerBoundaryIs>
                  </Polygon>
                  <Polygon>
                    <altitudeMode>absolute</altitudeMode>
                    <outerBoundaryIs>
                      <LinearRing>
                        <coordinates>7.477086559435829,46.97461768818806,556.3313946064567 7.477086559435829,46.97461768818806,586.3213946064567 7.4771115068433796,46.97491720487753,586.3213946064567 7.4771115068433796,46.97491720487753,556.3313946064567</coordinates>
                      </LinearRing>
                    </outerBoundaryIs>
                  </Polygon>
                  <Polygon>
                    <altitudeMode>absolute</altitudeMode>
                    <outerBoundaryIs>
                      <LinearRing>
                        <coordinates>7.4771115068433796,46.97491720487753,556.3313946064567 7.4771115068433796,46.97491720487753,586.3213946064567 7.478062605790899,46.974880319566886,586.3213946064567 7.478062605790899,46.974880319566886,556.3313946064567</coordinates>
                      </LinearRing>
                    </outerBoundaryIs>
                  </Polygon>
                  <Polygon>
                    <altitudeMode>absolute</altitudeMode>
                    <outerBoundaryIs>
                      <LinearRing>
                        <coordinates>7.478062605790899,46.974880319566886,556.3313946064567 7.478062605790899,46.974880319566886,586.3213946064567 7.47810665524113,46.974528046030414,586.3213946064567 7.47810665524113,46.974528046030414,556.3313946064567</coordinates>
                      </LinearRing>
                    </outerBoundaryIs>
                  </Polygon>
                  <Polygon>
                    <altitudeMode>absolute</altitudeMode>
                    <outerBoundaryIs>
                      <LinearRing>
                        <coordinates>7.47810665524113,46.974528046030414,556.3313946064567 7.47810665524113,46.974528046030414,586.3213946064567 7.477086559435829,46.97461768818806,586.3213946064567 7.477086559435829,46.97461768818806,556.3313946064567</coordinates>
                      </LinearRing>
                    </outerBoundaryIs>
                  </Polygon>
                </MultiGeometry>
              </Placemark>
            </Folder>
          </Folder>
        </Folder>
      </Folder>
      <Folder>
        <name>Modify activated flight with pre-existing conflict</name>
        <Folder>
          <name>Delete Flight 2</name>
        </Folder>
        <Folder>
          <name>Activate Flight 1</name>
          <Folder>
            <name>E121: uss1 astm.f3548.v21.dss.queryOperationalIntentReferences</name>
            <Placemark>
              <name>area_of_interest</name>
              <styleUrl>#QueryArea</styleUrl>
              <description><![CDATA[<ul><li>uss1's Accepted ba3a4a3a-b0a1-483c-a08d-7efa753f4ee6[1]</li></ul>]]></description>
              <TimeSpan>
                <begin>2026-10-09T06:24:17.986009+00:00</begin>
                <end>2026-10-09T07:09:18.986009+00:00</end>
              </TimeSpan>
              <MultiGeometry>
                <Polygon>
                  <altitudeMode>absolute</altitudeMode>
                  <outerBoundaryIs>
                    <LinearRing>
                      <coordinates>7.477086559435829,46.974528046030414,556.3413835555317 7.477086559435829,46.97491720487753,556.3413835555317 7.47810665524113,46.97491720487753,556.3413835555317 7.47810665524113,46.974528046030414,556.3413835555317</coordinates>
                    </LinearRing>
                  </outerBoundaryIs>
                </Polygon>
                <Polygon>
                  <altitudeMode>absolute</altitudeMode>
                  <outerBoundaryIs>
                    <LinearRing>
                      <coordinates>7.477086559435829,46.974528046030414,586.3213835555317 7.477086559435829,46.97491720487753,586.3213835555317 7.47810665524113,46.97491720487753,586.3213835555317 7.47810665524113,46.974528046030414,586.3213835555317</coordinates>
                    </LinearRing>
                  </outerBoundaryIs>
                </Polygon>
                <Polygon>
                  <altitudeMode>absolute</altitudeMode>
                  <outerBoundaryIs>
                    <LinearRing>
                      <coordinates>7.477086559435829,46.974528046030414,556.3413835555317 7.477086559435829,46.974528046030414,586.3213835555317 7.477086559435829,46.97491720487753,586.3213835555317 7.477086559435829,46.97491720487753,556.3413835555317</coordinates>
                    </LinearRing>
                  </outerBoundaryIs>
                </Polygon>
                <Polygon>
                  <altitudeMode>absolute</altitudeMode>
                  <outerBoundaryIs>
                    <LinearRing>
                      <coordinates>7.477086559435829,46.97491720487753,556.3413835555317 7.477086559435829,46.97491720487753,586.3213835555317 7.47810665524113,46.97491720487753,586.3213835555317 7.47810665524113,46.97491720487753,556.3413835555317</coordinates>
                    </LinearRing>
                  </outerBoundaryIs>
                </Polygon>
                <Polygon>
                  <altitudeMode>absolute</altitudeMode>
                  <outerBoundaryIs>
                    <LinearRing>
                      <coordinates>7.47810665524113,46.97491720487753,556.3413835555317 7.47810665524113,46.97491720487753,586.3213835555317 7.47810665524113,46.974528046030414,586.3213835555317 7.47810665524113,46.974528046030414,556.3413835555317</coordinates>
                    </LinearRing>
                  </outerBoundaryIs>
                </Polygon>
                <Polygon>
                  <altitudeMode>absolute</altitudeMode>
                  <outerBoundaryIs>
                    <LinearRing>
                      <coordinates>7.47810665524113,46.974528046030414,556.3413835555317 7.47810665524113,46.974528046030414,586.3213835555317 7.477086559435829,46.974528046030414,586.3213835555317 7.477086559435829,46.974528046030414,556.3413835555317</coordinates>
                    </LinearRing>
                  </outerBoundaryIs>
                </Polygon>
              </MultiGeometry>
            </Placemark>
          </Folder>
          <Folder>
            <name>E123: uss1 interuss.automated_testing.flight_planning.v1.UpsertFlightPlan</name>
            <Folder>
              <name>Activity Completed, flight OkToFly</name>
              <Placemark>
                <name>Volume 0</name>
                <styleUrl>#InUse_Nominal</styleUrl>
                <TimeSpan>
                  <begin>2026-10-09T06:24:17.986009+00:00</begin>
                  <end>2026-10-09T07:09:18.986009+00:00</end>
                </TimeSpan>
                <MultiGeometry>
                  <Polygon>
                    <altitudeMode>absolute</altitudeMode>
                    <outerBoundaryIs>
                      <LinearRing>
                        <coordinates>7.477086559435829,46.97461768818806,556.3413946064567 7.4771115068433796,46.97491720487753,556.3413946064567 7.478062605790899,46.974880319566886,556.3413946064567 7.47810665524113,46.974528046030414,556.3413946064567</coordinates>
                      </LinearRing>
                    </outerBoundaryIs>
                  </Polygon>
                  <Polygon>
                    <altitudeMode>absolute</altitudeMode>
                    <outerBoundaryIs>
                      <LinearRing>
                        <coordinates>7.477086559435829,46.97461768818806,586.3213946064567 7.4771115068433796,46.97491720487753,586.3213946064567 7.478062605790899,46.974880319566886,586.3213946064567 7.47810665524113,46.974528046030414,586.3213946064567</coordinates>
                      </LinearRing>
                    </outerBoundaryIs>
                  </Polygon>
                  <Polygon>
                    <altitudeMode>absolute</altitudeMode>
                    <outerBoundaryIs>
                      <LinearRing>
                        <coordinates>7.477086559435829,46.97461768818806,556.3413946064567 7.477086559435829,46.97461768818806,586.3213946064567 7.4771115068433796,46.97491720487753,586.3213946064567 7.4771115068433796,46.97491720487753,556.3413946064567</coordinates>
                      </LinearRing>
                    </outerBoundaryIs>
                  </Polygon>
                  <Polygon>
                    <altitudeMode>absolute</altitudeMode>
                    <outerBoundaryIs>
                      <LinearRing>
                        <coordinates>7.4771115068433796,46.97491720487753,556.3413946064567 7.4771115068433796,46.97491720487753,586.3213946064567 7.478062605790899,46.974880319566886,586.3213946064567 7.478062605790899,46.974880319566886,556.3413946064567</coordinates>
                      </LinearRing>
                    </outerBoundaryIs>
                  </Polygon>
                  <Polygon>
                    <altitudeMode>absolute</altitudeMode>
                    <outerBoundaryIs>
                      <LinearRing>
                        <coordinates>7.478062605790899,46.974880319566886,556.3413946064567 7.478062605790899,46.974880319566886,586.3213946064567 7.47810665524113,46.974528046030414,586.3213946064567 7.47810665524113,46.974528046030414,556.3413946064567</coordinates>
                      </LinearRing>
                    </outerBoundaryIs>
                  </Polygon>
                  <Polygon>
                    <altitudeMode>absolute</altitudeMode>
                    <outerBoundaryIs>
                      <LinearRing>
                        <coordinates>7.47810665524113,46.974528046030414,556.3413946064567 7.47810665524113,46.974528046030414,586.3213946064567 7.477086559435829,46.97461768818806,586.3213946064567 7.477086559435829,46.97461768818806,556.3413946064567</coordinates>
                      </LinearRing>
                    </outerBoundaryIs>
                  </Polygon>
                </MultiGeometry>
              </Placemark>
            </Folder>
          </Folder>
          <Folder>
            <name>E127: uss1 astm.f3548.v21.dss.queryOperationalIntentReferences</name>
            <Placemark>
              <name>area_of_interest</name>
              <styleUrl>#QueryArea</styleUrl>
              <description><![CDATA[<ul><li>uss1's Activated ba3a4a3a-b0a1-483c-a08d-7efa753f4ee6[2]</li></ul>]]></description>
              <TimeSpan>
                <begin>2026-10-09T06:24:17.986009+00:00</begin>
                <end>2026-10-09T07:09:18.986009+00:00</end>
              </TimeSpan>
              <MultiGeometry>
                <Polygon>
                  <altitudeMode>absolute</altitudeMode>
                  <outerBoundaryIs>
                    <LinearRing>
                      <coordinates>7.477086559435829,46.974528046030414,556.3413835555317 7.477086559435829,46.97491720487753,556.3413835555317 7.47810665524113,46.97491720487753,556.3413835555317 7.47810665524113,46.974528046030414,556.3413835555317</coordinates>
                    </LinearRing>
                  </outerBoundaryIs>
                </Polygon>
                <Polygon>
                  <altitudeMode>absolute</altitudeMode>
                  <outerBoundaryIs>
                    <LinearRing>
                      <coordinates>7.477086559435829,46.974528046030414,586.3213835555317 7.477086559435829,46.97491720487753,586.3213835555317 7.47810665524113,46.97491720487753,586.3213835555317 7.47810665524113,46.974528046030414,586.3213835555317</coordinates>
                    </LinearRing>
                  </outerBoundaryIs>
                </Polygon>
                <Polygon>
                  <altitudeMode>absolute</altitudeMode>
                  <outerBoundaryIs>
                    <LinearRing>
                      <coordinates>7.477086559435829,46.974528046030414,556.3413835555317 7.477086559435829,46.974528046030414,586.3213835555317 7.477086559435829,46.97491720487753,586.3213835555317 7.477086559435829,46.97491720487753,556.3413835555317</coordinates>
                    </LinearRing>
                  </outerBoundaryIs>
                </Polygon>
                <Polygon>
                  <altitudeMode>absolute</altitudeMode>
                  <outerBoundaryIs>
                    <LinearRing>
                      <coordinates>7.477086559435829,46.97491720487753,556.3413835555317 7.477086559435829,46.97491720487753,586.3213835555317 7.47810665524113,46.97491720487753,586.3213835555317 7.47810665524113,46.97491720487753,556.3413835555317</coordinates>
                    </LinearRing>
                  </outerBoundaryIs>
                </Polygon>
                <Polygon>
                  <altitudeMode>absolute</altitudeMode>
                  <outerBoundaryIs>
                    <LinearRing>
                      <coordinates>7.47810665524113,46.97491720487753,556.3413835555317 7.47810665524113,46.97491720487753,586.3213835555317 7.47810665524113,46.974528046030414,586.3213835555317 7.47810665524113,46.974528046030414,556.3413835555317</coordinates>
                    </LinearRing>
                  </outerBoundaryIs>
                </Polygon>
                <Polygon>
                  <altitudeMode>absolute</altitudeMode>
                  <outerBoundaryIs>
                    <LinearRing>
                      <coordinates>7.47810665524113,46.974528046030414,556.3413835555317 7.47810665524113,46.974528046030414,586.3213835555317 7.477086559435829,46.974528046030414,586.3213835555317 7.477086559435829,46.974528046030414,556.3413835555317</coordinates>
                    </LinearRing>
                  </outerBoundaryIs>
                </Polygon>
              </MultiGeometry>
            </Placemark>
          </Folder>
          <Folder>
            <name>E132: uss1 astm.f3548.v21.uss.getOperationalIntentDetails</name>
            <Folder>
              <name>uss1's P0 Activated ba3a4a3a-b0a1-483c-a08d-7efa753f4ee6[2] @ hNT8Rugk256mY-l59v994MFAyXtV9ejglzlcEwcPbr0_</name>
              <Placemark>
                <name>Nominal volume 0</name>
                <styleUrl>#F3548v21Activated</styleUrl>
                <TimeSpan>
                  <begin>2026-10-09T06:24:19.018095+00:00</begin>
                  <end>2026-10-09T07:09:18.986009+00:00</end>
                </TimeSpan>
                <MultiGeometry>
                  <Polygon>
                    <altitudeMode>absolute</altitudeMode>
                    <outerBoundaryIs>
                      <LinearRing>
                        <coordinates>7.477086559435829,46.97461768818806,556.3413946064567 7.4771115068433796,46.97491720487753,556.3413946064567 7.478062605790899,46.974880319566886,556.3413946064567 7.47810665524113,46.974528046030414,556.3413946064567</coordinates>
                      </LinearRing>
                    </outerBoundaryIs>
                  </Polygon>
                  <Polygon>
                    <altitudeMode>absolute</altitudeMode>
                    <outerBoundaryIs>
                      <LinearRing>
                        <coordinates>7.477086559435829,46.97461768818806,586.3213946064567 7.4771115068433796,46.97491720487753,586.3213946064567 7.478062605790899,46.974880319566886,586.3213946064567 7.47810665524113,46.974528046030414,586.3213946064567</coordinates>
                      </LinearRing>
                    </outerBoundaryIs>
                  </Polygon>
                  <Polygon>
                    <altitudeMode>absolute</altitudeMode>
                    <outerBoundaryIs>
                      <LinearRing>
                        <coordinates>7.477086559435829,46.97461768818806,556.3413946064567 7.477086559435829,46.97461768818806,586.3213946064567 7.4771115068433796,46.97491720487753,586.3213946064567 7.4771115068433796,46.97491720487753,556.3413946064567</coordinates>
                      </LinearRing>
                    </outerBoundaryIs>
                  </Polygon>
                  <Polygon>
                    <altitudeMode>absolute</altitudeMode>
                    <outerBoundaryIs>
                      <LinearRing>
                        <coordinates>7.4771115068433796,46.97491720487753,556.3413946064567 7.4771115068433796,46.97491720487753,586.3213946064567 7.478062605790899,46.974880319566886,586.3213946064567 7.478062605790899,46.974880319566886,556.3413946064567</coordinates>
                      </LinearRing>
                    </outerBoundaryIs>
                  </Polygon>
                  <Polygon>
                    <altitudeMode>absolute</altitudeMode>
                    <outerBoundaryIs>
                      <LinearRing>
                        <coordinates>7.478062605790899,46.974880319566886,556.3413946064567 7.478062605790899,46.974880319566886,586.3213946064567 7.47810665524113,46.974528046030414,586.3213946064567 7.47810665524113,46.974528046030414,556.3413946064567</coordinates>
                      </LinearRing>
                    </outerBoundaryIs>
                  </Polygon>
                  <Polygon>
                    <altitudeMode>absolute</altitudeMode>
                    <outerBoundaryIs>
                      <LinearRing>
                        <coordinates>7.47810665524113,46.974528046030414,556.3413946064567 7.47810665524113,46.974528046030414,586.3213946064567 7.477086559435829,46.97461768818806,586.3213946064567 7.477086559435829,46.97461768818806,556.3413946064567</coordinates>
                      </LinearRing>
                    </outerBoundaryIs>
                  </Polygon>
                </MultiGeometry>
              </Placemark>
            </Folder>
          </Folder>
        </Folder>
        <Folder>
          <name>Plan Flight 2</name>
          <Folder>
            <name>E141: uss1 astm.f3548.v21.dss.queryOperationalIntentReferences</name>
            <Placemark>
              <name>area_of_interest</name>
              <styleUrl>#QueryArea</styleUrl>
              <description><![CDATA[<ul><li>uss1's Activated ba3a4a3a-b0a1-483c-a08d-7efa753f4ee6[2]</li></ul>]]></description>
              <TimeSpan>
                <begin>2026-10-09T06:24:18.136786+00:00</begin>
                <end>2026-10-09T07:09:19.136786+00:00</end>
              </TimeSpan>
              <MultiGeometry>
                <Polygon>
                  <altitudeMode>absolute</altitudeMode>
                  <outerBoundaryIs>
                    <LinearRing>
                      <coordinates>7.477046661060006,46.97455925749912,555.2513975997226 7.477046661060006,46.97530804909576,555.2513975997226 7.477627795613881,46.97530804909576,555.2513975997226 7.477627795613881,46.97455925749912,555.2513975997226</coordinates>
                    </LinearRing>
                  </outerBoundaryIs>
                </Polygon>
                <Polygon>
                  <altitudeMode>absolute</altitudeMode>
                  <outerBoundaryIs>
                    <LinearRing>
                      <coordinates>7.477046661060006,46.97455925749912,584.3213975997227 7.477046661060006,46.97530804909576,584.3213975997227 7.477627795613881,46.97530804909576,584.3213975997227 7.477627795613881,46.97455925749912,584.3213975997227</coordinates>
                    </LinearRing>
                  </outerBoundaryIs>
                </Polygon>
                <Polygon>
                  <altitudeMode>absolute</altitudeMode>
                  <outerBoundaryIs>
                    <LinearRing>
                      <coordinates>7.477046661060006,46.97455925749912,555.2513975997226 7.477046661060006,46.97455925749912,584.3213975997227 7.477046661060006,46.97530804909576,584.3213975997227 7.477046661060006,46.97530804909576,555.2513975997226</coordinates>
                    </LinearRing>
                  </outerBoundaryIs>
                </Polygon>
                <Polygon>
                  <altitudeMode>absolute</altitudeMode>
                  <outerBoundaryIs>
                    <LinearRing>
                      <coordinates>7.477046661060006,46.97530804909576,555.2513975997226 7.477046661060006,46.97530804909576,584.3213975997227 7.477627795613881,46.97530804909576,584.3213975997227 7.477627795613881,46.97530804909576,555.2513975997226</coordinates>
                    </LinearRing>
                  </outerBoundaryIs>
                </Polygon>
                <Polygon>
                  <altitudeMode>absolute</altitudeMode>
                  <outerBoundaryIs>
                    <LinearRing>
                      <coordinates>7.477627795613881,46.97530804909576,555.2513975997226 7.477627795613881,46.97530804909576,584.3213975997227 7.477627795613881,46.97455925749912,584.3213975997227 7.477627795613881,46.97455925749912,555.2513975997226</coordinates>
                    </LinearRing>
                  </outerBoundaryIs>
                </Polygon>
                <Polygon>
                  <altitudeMode>absolute</altitudeMode>
                  <outerBoundaryIs>
                    <LinearRing>
                      <coordinates>7.477627795613881,46.97455925749912,555.2513975997226 7.477627795613881,46.97455925749912,584.3213975997227 7.477046661060006,46.97455925749912,584.3213975997227 7.477046661060006,46.97455925749912,555.2513975997226</coordinates>
                    </LinearRing>
                  </outerBoundaryIs>
                </Polygon>
              </MultiGeometry>
            </Placemark>
          </Folder>
          <Folder>
            <name>E143: uss1 interuss.automated_testing.flight_planning.v1.UpsertFlightPlan</name>
            <Folder>
              <name>Activity Completed, flight Planned</name>
              <Placemark>
                <name>Volume 0</name>
                <styleUrl>#Planned_Nominal</styleUrl>
                <TimeSpan>
                  <begin>2026-10-09T06:24:18.136786+00:00</begin>
                  <end>2026-10-09T07:09:19.136786+00:00</end>
                </TimeSpan>
                <MultiGeometry>
                  <Polygon>
                    <altitudeMode>absolute</altitudeMode>
                    <outerBoundaryIs>
                      <LinearRing>
                        <coordinates>7.477046661060006,46.97501988078352,555.2514246078914 7.477301884621132,46.97455925749912,555.2514246078914 7.477627795613881,46.97494726396419,555.2514246078914 7.477364256610934,46.97530804909575,555.2514246078914</coordinates>
                      </LinearRing>
                    </outerBoundaryIs>
                  </Polygon>
                  <Polygon>
                    <altitudeMode>absolute</altitudeMode>
                    <outerBoundaryIs>
                      <LinearRing>
                        <coordinates>7.477046661060006,46.97501988078352,584.3214246078915 7.477301884621132,46.97455925749912,584.3214246078915 7.477627795613881,46.97494726396419,584.3214246078915 7.477364256610934,46.97530804909575,584.3214246078915</coordinates>
                      </LinearRing>
                    </outerBoundaryIs>
                  </Polygon>
                  <Polygon>
                    <altitudeMode>absolute</altitudeMode>
                    <outerBoundaryIs>
                      <LinearRing>
                        <coordinates>7.477046661060006,46.97501988078352,555.2514246078914 7.477046661060006,46.97501988078352,584.3214246078915 7.477301884621132,46.97455925749912,584.3214246078915 7.477301884621132,46.97455925749912,555.2514246078914</coordinates>
                      </LinearRing>
                    </outerBoundaryIs>
                  </Polygon>
                  <Polygon>
                    <altitudeMode>absolute</altitudeMode>
                    <outerBoundaryIs>
                      <LinearRing>
                        <coordinates>7.477301884621132,46.97455925749912,555.2514246078914 7.477301884621132,46.97455925749912,584.3214246078915 7.477627795613881,46.97494726396419,584.3214246078915 7.477627795613881,46.97494726396419,555.2514246078914</coordinates>
                      </LinearRing>
                    </outerBoundaryIs>
                  </Polygon>
                  <Polygon>
                    <altitudeMode>absolute</altitudeMode>
                    <outerBoundaryIs>
                      <LinearRing>
                        <coordinates>7.477627795613881,46.97494726396419,555.2514246078914 7.477627795613881,46.97494726396419,584.3214246078915 7.477364256610934,46.97530804909575,584.3214246078915 7.477364256610934,46.97530804909575,555.2514246078914</coordinates>
                      </LinearRing>
                    </outerBoundaryIs>
                  </Polygon>
                  <Polygon>
                    <altitudeMode>absolute</altitudeMode>
                    <outerBoundaryIs>
                      <LinearRing>
                        <coordinates>7.477364256610934,46.97530804909575,555.2514246078914 7.477364256610934,46.97530804909575,584.3214246078915 7.477046661060006,46.97501988078352,584.3214246078915 7.477046661060006,46.97501988078352,555.2514246078914</coordinates>
                      </LinearRing>
                    </outerBoundaryIs>
                  </Polygon>
                </MultiGeometry>
              </Placemark>
            </Folder>
          </Folder>
          <Folder>
            <name>E147: uss1 astm.f3548.v21.dss.queryOperationalIntentReferences</name>
            <Placemark>
              <name>area_of_interest</name>
              <styleUrl>#QueryArea</styleUrl>
              <description><![CDATA[<ul><li>uss1's Activated ba3a4a3a-b0a1-483c-a08d-7efa753f4ee6[2]</li><li>uss1's Accepted f23e3161-6737-458f-b10e-e840b1a6d988[1]</li></ul>]]></description>
              <TimeSpan>
                <begin>2026-10-09T06:24:18.136786+00:00</begin>
                <end>2026-10-09T07:09:19.136786+00:00</end>
              </TimeSpan>
              <MultiGeometry>
                <Polygon>
                  <altitudeMode>absolute</altitudeMode>
                  <outerBoundaryIs>
                    <LinearRing>
                      <coordinates>7.477046661060006,46.97455925749912,555.2513975997226 7.477046661060006,46.97530804909576,555.2513975997226 7.477627795613881,46.97530804909576,555.2513975997226 7.477627795613881,46.97455925749912,555.2513975997226</coordinates>
                    </LinearRing>
                  </outerBoundaryIs>
                </Polygon>
                <Polygon>
                  <altitudeMode>absolute</altitudeMode>
                  <outerBoundaryIs>
                    <LinearRing>
                      <coordinates>7.477046661060006,46.97455925749912,584.3213975997227 7.477046661060006,46.97530804909576,584.3213975997227 7.477627795613881,46.97530804909576,584.3213975997227 7.477627795613881,46.97455925749912,584.3213975997227</coordinates>
                    </LinearRing>
                  </outerBoundaryIs>
                </Polygon>
                <Polygon>
                  <altitudeMode>absolute</altitudeMode>
                  <outerBoundaryIs>
                    <LinearRing>
                      <coordinates>7.477046661060006,46.97455925749912,555.2513975997226 7.477046661060006,46.97455925749912,584.3213975997227 7.477046661060006,46.97530804909576,584.3213975997227 7.477046661060006,46.97530804909576,555.2513975997226</coordinates>
                    </LinearRing>
                  </outerBoundaryIs>
                </Polygon>
                <Polygon>
                  <altitudeMode>absolute</altitudeMode>
                  <outerBoundaryIs>
                    <LinearRing>
                      <coordinates>7.477046661060006,46.97530804909576,555.2513975997226 7.477046661060006,46.97530804909576,584.3213975997227 7.477627795613881,46.97530804909576,584.3213975997227 7.477627795613881,46.97530804909576,555.2513975997226</coordinates>
                    </LinearRing>
                  </outerBoundaryIs>
                </Polygon>
                <Polygon>
                  <altitudeMode>absolute</altitudeMode>
                  <outerBoundaryIs>
                    <LinearRing>
                      <coordinates>7.477627795613881,46.97530804909576,555.2513975997226 7.477627795613881,46.97530804909576,584.3213975997227 7.477627795613881,46.97455925749912,584.3213975997227 7.477627795613881,46.97455925749912,555.2513975997226</coordinates>
                    </LinearRing>
                  </outerBoundaryIs>
                </Polygon>
                <Polygon>
                  <altitudeMode>absolute</altitudeMode>
                  <outerBoundaryIs>
                    <LinearRing>
                      <coordinates>7.477627795613881,46.97455925749912,555.2513975997226 7.477627795613881,46.97455925749912,584.3213975997227 7.477046661060006,46.97455925749912,584.3213975997227 7.477046661060006,46.97455925749912,555.2513975997226</coordinates>
                    </LinearRing>
                  </outerBoundaryIs>
                </Polygon>
              </MultiGeometry>
            </Placemark>
          </Folder>
          <Folder>
            <name>E151: uss1 astm.f3548.v21.uss.getOperationalIntentDetails</name>
            <Folder>
              <name>uss1's P100 Accepted f23e3161-6737-458f-b10e-e840b1a6d988[1] @ yOfcjkbyXK9.ZVerIiVHUVi1YuRrxBBn1s4fnU-qSlY_</name>
              <Placemark>
                <name>Nominal volume 0</name>
                <styleUrl>#F3548v21Accepted</styleUrl>
                <TimeSpan>
                  <begin>2026-10-09T06:24:19.160915+00:00</begin>
                  <end>2026-10-09T07:09:19.136786+00:00</end>
                </TimeSpan>
                <MultiGeometry>
                  <Polygon>
                    <altitudeMode>absolute</altitudeMode>
                    <outerBoundaryIs>
                      <LinearRing>
                        <coordinates>7.477046661060006,46.97501988078352,555.2514246078914 7.477301884621132,46.97455925749912,555.2514246078914 7.477627795613881,46.97494726396419,555.2514246078914 7.477364256610934,46.97530804909575,555.2514246078914</coordinates>
                      </LinearRing>
                    </outerBoundaryIs>
                  </Polygon>
                  <Polygon>
                    <altitudeMode>absolute</altitudeMode>
                    <outerBoundaryIs>
                      <LinearRing>
                        <coordinates>7.477046661060006,46.97501988078352,584.3214246078915 7.477301884621132,46.97455925749912,584.3214246078915 7.477627795613881,46.97494726396419,584.3214246078915 7.477364256610934,46.97530804909575,584.3214246078915</coordinates>
                      </LinearRing>
                    </outerBoundaryIs>
                  </Polygon>
                  <Polygon>
                    <altitudeMode>absolute</altitudeMode>
                    <outerBoundaryIs>
                      <LinearRing>
                        <coordinates>7.477046661060006,46.97501988078352,555.2514246078914 7.477046661060006,46.97501988078352,584.3214246078915 7.477301884621132,46.97455925749912,584.3214246078915 7.477301884621132,46.97455925749912,555.2514246078914</coordinates>
                      </LinearRing>
                    </outerBoundaryIs>
                  </Polygon>
                  <Polygon>
                    <altitudeMode>absolute</altitudeMode>
                    <outerBoundaryIs>
                      <LinearRing>
                        <coordinates>7.477301884621132,46.97455925749912,555.2514246078914 7.477301884621132,46.97455925749912,584.3214246078915 7.477627795613881,46.97494726396419,584.3214246078915 7.477627795613881,46.97494726396419,555.2514246078914</coordinates>
                      </LinearRing>
                    </outerBoundaryIs>
                  </Polygon>
                  <Polygon>
                    <altitudeMode>absolute</altitudeMode>
                    <outerBoundaryIs>
                      <LinearRing>
                        <coordinates>7.477627795613881,46.97494726396419,555.2514246078914 7.477627795613881,46.97494726396419,584.3214246078915 7.477364256610934,46.97530804909575,584.3214246078915 7.477364256610934,46.97530804909575,555.2514246078914</coordinates>
                      </LinearRing>
                    </outerBoundaryIs>
                  </Polygon>
                  <Polygon>
                    <altitudeMode>absolute</altitudeMode>
                    <outerBoundaryIs>
                      <LinearRing>
                        <coordinates>7.477364256610934,46.97530804909575,555.2514246078914 7.477364256610934,46.97530804909575,584.3214246078915 7.477046661060006,46.97501988078352,584.3214246078915 7.477046661060006,46.97501988078352,555.2514246078914</coordinates>
                      </LinearRing>
                    </outerBoundaryIs>
                  </Polygon>
                </MultiGeometry>
              </Placemark>
            </Folder>
          </Folder>
        </Folder>
        <Folder>
          <name>Activate Flight 2</name>
          <Folder>
            <name>E164: uss1 astm.f3548.v21.dss.queryOperationalIntentReferences</name>
            <Placemark>
              <name>area_of_interest</name>
              <styleUrl>#QueryArea</styleUrl>
              <description><![CDATA[<ul><li>uss1's Activated ba3a4a3a-b0a1-483c-a08d-7efa753f4ee6[2]</li><li>uss1's Accepted f23e3161-6737-458f-b10e-e840b1a6d988[1]</li></ul>]]></description>
              <TimeSpan>
                <begin>2026-10-09T06:24:18.290061+00:00</begin>
                <end>2026-10-09T07:09:19.290061+00:00</end>
              </TimeSpan>
              <MultiGeometry>
                <Polygon>
                  <altitudeMode>absolute</altitudeMode>
                  <outerBoundaryIs>
                    <LinearRing>
                      <coordinates>7.477046661060006,46.97455925749912,556.4013975997227 7.477046661060006,46.97530804909576,556.4013975997227 7.477627795613881,46.97530804909576,556.4013975997227 7.477627795613881,46.97455925749912,556.4013975997227</coordinates>
                    </LinearRing>
                  </outerBoundaryIs>
                </Polygon>
                <Polygon>
                  <altitudeMode>absolute</altitudeMode>
                  <outerBoundaryIs>
                    <LinearRing>
                      <coordinates>7.477046661060006,46.97455925749912,584.3213975997227 7.477046661060006,46.97530804909576,584.3213975997227 7.477627795613881,46.97530804909576,584.3213975997227 7.477627795613881,46.97455925749912,584.3213975997227</coordinates>
                    </LinearRing>
                  </outerBoundaryIs>
                </Polygon>
                <Polygon>
                  <altitudeMode>absolute</altitudeMode>
                  <outerBoundaryIs>
                    <LinearRing>
                      <coordinates>7.477046661060006,46.97455925749912,556.4013975997227 7.477046661060006,46.97455925749912,584.3213975997227 7.477046661060006,46.97530804909576,584.3213975997227 7.477046661060006,46.97530804909576,556.4013975997227</coordinates>
                    </LinearRing>
                  </outerBoundaryIs>
                </Polygon>
                <Polygon>
                  <altitudeMode>absolute</altitudeMode>
                  <outerBoundaryIs>
                    <LinearRing>
                      <coordinates>7.477046661060006,46.97530804909576,556.4013975997227 7.477046661060006,46.97530804909576,584.3213975997227 7.477627795613881,46.97530804909576,584.3213975997227 7.477627795613881,46.97530804909576,556.4013975997227</coordinates>
                    </LinearRing>
                  </outerBoundaryIs>
                </Polygon>
                <Polygon>
                  <altitudeMode>absolute</altitudeMode>
                  <outerBoundaryIs>
                    <LinearRing>
                      <coordinates>7.477627795613881,46.97530804909576,556.4013975997227 7.477627795613881,46.97530804909576,584.3213975997227 7.477627795613881,46.97455925749912,584.3213975997227 7.477627795613881,46.97455925749912,556.4013975997227</coordinates>
                    </LinearRing>
                  </outerBoundaryIs>
                </Polygon>
                <Polygon>
                  <altitudeMode>absolute</altitudeMode>
                  <outerBoundaryIs>
                    <LinearRing>
                      <coordinates>7.477627795613881,46.97455925749912,556.4013975997227 7.477627795613881,46.97455925749912,584.3213975997227 7.477046661060006,46.97455925749912,584.3213975997227 7.477046661060006,46.97455925749912,556.4013975997227</coordinates>
                    </LinearRing>
                  </outerBoundaryIs>
                </Polygon>
              </MultiGeometry>
            </Placemark>
          </Folder>
          <Folder>
            <name>E166: uss1 interuss.automated_testing.flight_planning.v1.UpsertFlightPlan</name>
            <Folder>
              <name>Activity Completed, flight OkToFly</name>
              <Placemark>
                <name>Volume 0</name>
                <styleUrl>#InUse_Nominal</styleUrl>
                <TimeSpan>
                  <begin>2026-10-09T06:24:18.290061+00:00</begin>
                  <end>2026-10-09T07:09:19.290061+00:00</end>
                </TimeSpan>
                <MultiGeometry>
                  <Polygon>
                    <altitudeMode>absolute</altitudeMode>
                    <outerBoundaryIs>
                      <LinearRing>
                        <coordinates>7.477046661060006,46.97501988078352,556.4014246078915 7.477301884621132,46.97455925749912,556.4014246078915 7.477627795613881,46.97494726396419,556.4014246078915 7.477364256610934,46.97530804909575,556.4014246078915</coordinates>
                      </LinearRing>
                    </outerBoundaryIs>
                  </Polygon>
                  <Polygon>
                    <altitudeMode>absolute</altitudeMode>
                    <outerBoundaryIs>
                      <LinearRing>
                        <coordinates>7.477046661060006,46.97501988078352,584.3214246078915 7.477301884621132,46.97455925749912,584.3214246078915 7.477627795613881,46.97494726396419,584.3214246078915 7.477364256610934,46.97530804909575,584.3214246078915</coordinates>
                      </LinearRing>
                    </outerBoundaryIs>
                  </Polygon>
                  <Polygon>
                    <altitudeMode>absolute</altitudeMode>
                    <outerBoundaryIs>
                      <LinearRing>
                        <coordinates>7.477046661060006,46.97501988078352,556.4014246078915 7.477046661060006,46.97501988078352,584.3214246078915 7.477301884621132,46.97455925749912,584.3214246078915 7.477301884621132,46.97455925749912,556.4014246078915</coordinates>
                      </LinearRing>
                    </outerBoundaryIs>
                  </Polygon>
                  <Polygon>
                    <altitudeMode>absolute</altitudeMode>
                    <outerBoundaryIs>
                      <LinearRing>
                        <coordinates>7.477301884621132,46.97455925749912,556.4014246078915 7.477301884621132,46.97455925749912,584.3214246078915 7.477627795613881,46.97494726396419,584.3214246078915 7.477627795613881,46.97494726396419,556.4014246078915</coordinates>
                      </LinearRing>
                    </outerBoundaryIs>
                  </Polygon>
                  <Polygon>
                    <altitudeMode>absolute</altitudeMode>
                    <outerBoundaryIs>
                      <LinearRing>
                        <coordinates>7.477627795613881,46.97494726396419,556.4014246078915 7.477627795613881,46.97494726396419,584.3214246078915 7.477364256610934,46.97530804909575,584.3214246078915 7.477364256610934,46.97530804909575,556.4014246078915</coordinates>
                      </LinearRing>
                    </outerBoundaryIs>
                  </Polygon>
                  <Polygon>
                    <altitudeMode>absolute</altitudeMode>
                    <outerBoundaryIs>
                      <LinearRing>
                        <coordinates>7.477364256610934,46.97530804909575,556.4014246078915 7.477364256610934,46.97530804909575,584.3214246078915 7.477046661060006,46.97501988078352,584.3214246078915 7.477046661060006,46.97501988078352,556.4014246078915</coordinates>
                      </LinearRing>
                    </outerBoundaryIs>
                  </Polygon>
                </MultiGeometry>
              </Placemark>
            </Folder>
          </Folder>
          <Folder>
            <name>E170: uss1 astm.f3548.v21.dss.queryOperationalIntentReferences</name>
            <Placemark>
              <name>area_of_interest</name>
              <styleUrl>#QueryArea</styleUrl>
              <description><![CDATA[<ul><li>uss1's Activated ba3a4a3a-b0a1-483c-a08d-7efa753f4ee6[2]</li><li>uss1's Activated f23e3161-6737-458f-b10e-e840b1a6d988[2]</li></ul>]]></description>
              <TimeSpan>
                <begin>2026-10-09T06:24:18.290061+00:00</begin>
                <end>2026-10-09T07:09:19.290061+00:00</end>
              </TimeSpan>
              <MultiGeometry>
                <Polygon>
                  <altitudeMode>absolute</altitudeMode>
                  <outerBoundaryIs>
                    <LinearRing>
                      <coordinates>7.477046661060006,46.97455925749912,556.4013975997227 7.477046661060006,46.97530804909576,556.4013975997227 7.477627795613881,46.97530804909576,556.4013975997227 7.477627795613881,46.97455925749912,556.4013975997227</coordinates>
                    </LinearRing>
                  </outerBoundaryIs>
                </Polygon>
                <Polygon>
                  <altitudeMode>absolute</altitudeMode>
                  <outerBoundaryIs>
                    <LinearRing>
                      <coordinates>7.477046661060006,46.97455925749912,584.3213975997227 7.477046661060006,46.97530804909576,584.3213975997227 7.477627795613881,46.97530804909576,584.3213975997227 7.477627795613881,46.97455925749912,584.3213975997227</coordinates>
                    </LinearRing>
                  </outerBoundaryIs>
                </Polygon>
                <Polygon>
                  <altitudeMode>absolute</altitudeMode>
                  <outerBoundaryIs>
                    <LinearRing>
                      <coordinates>7.477046661060006,46.97455925749912,556.4013975997227 7.477046661060006,46.97455925749912,584.3213975997227 7.477046661060006,46.97530804909576,584.3213975997227 7.477046661060006,46.97530804909576,556.4013975997227</coordinates>
                    </LinearRing>
                  </outerBoundaryIs>
                </Polygon>
                <Polygon>
                  <altitudeMode>absolute</altitudeMode>
                  <outerBoundaryIs>
                    <LinearRing>
                      <coordinates>7.477046661060006,46.97530804909576,556.4013975997227 7.477046661060006,46.97530804909576,584.3213975997227 7.477627795613881,46.97530804909576,584.3213975997227 7.477627795613881,46.97530804909576,556.4013975997227</coordinates>
                    </LinearRing>
                  </outerBoundaryIs>
                </Polygon>
                <Polygon>
                  <altitudeMode>absolute</altitudeMode>
                  <outerBoundaryIs>
                    <LinearRing>
                      <coordinates>7.477627795613881,46.97530804909576,556.4013975997227 7.477627795613881,46.97530804909576,584.3213975997227 7.477627795613881,46.97455925749912,584.3213975997227 7.477627795613881,46.97455925749912,556.4013975997227</coordinates>
                    </LinearRing>
                  </outerBoundaryIs>
                </Polygon>
                <Polygon>
                  <altitudeMode>absolute</altitudeMode>
                  <outerBoundaryIs>
                    <LinearRing>
                      <coordinates>7.477627795613881,46.97455925749912,556.4013975997227 7.477627795613881,46.97455925749912,584.3213975997227 7.477046661060006,46.97455925749912,584.3213975997227 7.477046661060006,46.97455925749912,556.4013975997227</coordinates>
                    </LinearRing>
                  </outerBoundaryIs>
                </Polygon>
              </MultiGeometry>
            </Placemark>
          </Folder>
          <Folder>
            <name>E175: uss1 astm.f3548.v21.uss.getOperationalIntentDetails</name>
            <Folder>
              <name>uss1's P100 Activated f23e3161-6737-458f-b10e-e840b1a6d988[2] @ kdiDt4tJ0GkE-UWi8UwPuDiH4rbf4G8BTFRelM13GaM_</name>
              <Placemark>
                <name>Nominal volume 0</name>
                <styleUrl>#F3548v21Activated</styleUrl>
                <TimeSpan>
                  <begin>2026-10-09T06:24:19.316547+00:00</begin>
                  <end>2026-10-09T07:09:19.290061+00:00</end>
                </TimeSpan>
                <MultiGeometry>
                  <Polygon>
                    <altitudeMode>absolute</altitudeMode>
                    <outerBoundaryIs>
                      <LinearRing>
                        <coordinates>7.477046661060006,46.97501988078352,556.4014246078915 7.477301884621132,46.97455925749912,556.4014246078915 7.477627795613881,46.97494726396419,556.4014246078915 7.477364256610934,46.97530804909575,556.4014246078915</coordinates>
                      </LinearRing>
                    </outerBoundaryIs>
                  </Polygon>
                  <Polygon>
                    <altitudeMode>absolute</altitudeMode>
                    <outerBoundaryIs>
                      <LinearRing>
                        <coordinates>7.477046661060006,46.97501988078352,584.3214246078915 7.477301884621132,46.97455925749912,584.3214246078915 7.477627795613881,46.97494726396419,584.3214246078915 7.477364256610934,46.97530804909575,584.3214246078915</coordinates>
                      </LinearRing>
                    </outerBoundaryIs>
                  </Polygon>
                  <Polygon>
                    <altitudeMode>absolute</altitudeMode>
                    <outerBoundaryIs>
                      <LinearRing>
                        <coordinates>7.477046661060006,46.97501988078352,556.4014246078915 7.477046661060006,46.97501988078352,584.3214246078915 7.477301884621132,46.97455925749912,584.3214246078915 7.477301884621132,46.97455925749912,556.4014246078915</coordinates>
                      </LinearRing>
                    </outerBoundaryIs>
                  </Polygon>
                  <Polygon>
                    <altitudeMode>absolute</altitudeMode>
                    <outerBoundaryIs>
                      <LinearRing>
                        <coordinates>7.477301884621132,46.97455925749912,556.4014246078915 7.477301884621132,46.97455925749912,584.3214246078915 7.477627795613881,46.97494726396419,584.3214246078915 7.477627795613881,46.97494726396419,556.4014246078915</coordinates>
                      </LinearRing>
                    </outerBoundaryIs>
                  </Polygon>
                  <Polygon>
                    <altitudeMode>absolute</altitudeMode>
                    <outerBoundaryIs>
                      <LinearRing>
                        <coordinates>7.477627795613881,46.97494726396419,556.4014246078915 7.477627795613881,46.97494726396419,584.3214246078915 7.477364256610934,46.97530804909575,584.3214246078915 7.477364256610934,46.97530804909575,556.4014246078915</coordinates>
                      </LinearRing>
                    </outerBoundaryIs>
                  </Polygon>
                  <Polygon>
                    <altitudeMode>absolute</altitudeMode>
                    <outerBoundaryIs>
                      <LinearRing>
                        <coordinates>7.477364256610934,46.97530804909575,556.4014246078915 7.477364256610934,46.97530804909575,584.3214246078915 7.477046661060006,46.97501988078352,584.3214246078915 7.477046661060006,46.97501988078352,556.4014246078915</coordinates>
                      </LinearRing>
                    </outerBoundaryIs>
                  </Polygon>
                </MultiGeometry>
              </Placemark>
            </Folder>
          </Folder>
        </Folder>
        <Folder>
          <name>Check for conflict notifications</name>
        </Folder>
        <Folder>
          <name>Modify activated Flight 1 in conflict with activated Flight 2</name>
          <Folder>
            <name>E190: uss1 astm.f3548.v21.dss.queryOperationalIntentReferences</name>
            <Placemark>
              <name>area_of_interest</name>
              <styleUrl>#QueryArea</styleUrl>
              <description><![CDATA[<ul><li>uss1's Activated ba3a4a3a-b0a1-483c-a08d-7efa753f4ee6[2]</li><li>uss1's Activated f23e3161-6737-458f-b10e-e840b1a6d988[2]</li></ul>]]></description>
              <TimeSpan>
                <begin>2026-10-09T06:24:18.448696+00:00</begin>
                <end>2026-10-09T07:09:19.448696+00:00</end>
              </TimeSpan>
              <MultiGeometry>
                <Polygon>
                  <altitudeMode>absolute</altitudeMode>
                  <outerBoundaryIs>
                    <LinearRing>
                      <coordinates>7.477086559435829,46.974528046030414,526.2713835555318 7.477086559435829,46.97491720487753,526.2713835555318 7.47810665524113,46.97491720487753,526.2713835555318 7.47810665524113,46.974528046030414,526.2713835555318</coordinates>
                    </LinearRing>
                  </outerBoundaryIs>
                </Polygon>
                <Polygon>
                  <altitudeMode>absolute</altitudeMode>
                  <outerBoundaryIs>
                    <LinearRing>
                      <coordinates>7.477086559435829,46.974528046030414,586.3213835555317 7.477086559435829,46.97491720487753,586.3213835555317 7.47810665524113,46.97491720487753,586.3213835555317 7.47810665524113,46.974528046030414,586.3213835555317</coordinates>
                    </LinearRing>
                  </outerBoundaryIs>
                </Polygon>
                <Polygon>
                  <altitudeMode>absolute</altitudeMode>
                  <outerBoundaryIs>
                    <LinearRing>
                      <coordinates>7.477086559435829,46.974528046030414,526.2713835555318 7.477086559435829,46.974528046030414,586.3213835555317 7.477086559435829,46.97491720487753,586.3213835555317 7.477086559435829,46.97491720487753,526.2713835555318</coordinates>
                    </LinearRing>
                  </outerBoundaryIs>
                </Polygon>
                <Polygon>
                  <altitudeMode>absolute</altitudeMode>
                  <outerBoundaryIs>
                    <LinearRing>
                      <coordinates>7.477086559435829,46.97491720487753,526.2713835555318 7.477086559435829,46.97491720487753,586.3213835555317 7.47810665524113,46.97491720487753,586.3213835555317 7.47810665524113,46.97491720487753,526.2713835555318</coordinates>
                    </LinearRing>
                  </outerBoundaryIs>
                </Polygon>
                <Polygon>
                  <altitudeMode>absolute</altitudeMode>
                  <outerBoundaryIs>
                    <LinearRing>
                      <coordinates>7.47810665524113,46.97491720487753,526.2713835555318 7.47810665524113,46.97491720487753,586.3213835555317 7.47810665524113,46.974528046030414,586.3213835555317 7.47810665524113,46.974528046030414,526.2713835555318</coordinates>
                    </LinearRing>
                  </outerBoundaryIs>
                </Polygon>
                <Polygon>
                  <altitudeMode>absolute</altitudeMode>
                  <outerBoundaryIs>
                    <LinearRing>
                      <coordinates>7.47810665524113,46.974528046030414,526.2713835555318 7.47810665524113,46.974528046030414,586.3213835555317 7.477086559435829,46.974528046030414,586.3213835555317 7.477086559435829,46.974528046030414,526.2713835555318</coordinates>
                    </LinearRing>
                  </outerBoundaryIs>
                </Polygon>
              </MultiGeometry>
            </Placemark>
          </Folder>
          <Folder>
            <name>E192: uss1 interuss.automated_testing.flight_planning.v1.UpsertFlightPlan</name>
            <Folder>
              <name>Activity Completed, flight OkToFly</name>
              <Placemark>
                <name>Volume 0</name>
                <styleUrl>#InUse_Nominal</styleUrl>
                <TimeSpan>
                  <begin>2026-10-09T06:24:18.448696+00:00</begin>
                  <end>2026-10-09T07:09:19.448696+00:00</end>
                </TimeSpan>
                <MultiGeometry>
                  <Polygon>
                    <altitudeMode>absolute</altitudeMode>
                    <outerBoundaryIs>
                      <LinearRing>
                        <coordinates>7.47745236483637,46.97460350254155,526.2715485664236 7.47747731428616,46.97490301915158,526.2715485664236 7.478062605790899,46.974880319566886,526.2715485664236 7.47810665524113,46.974528046030414,526.2715485664236</coordinates>
                      </LinearRing>
                    </outerBoundaryIs>
                  </Polygon>
                  <Polygon>
                    <altitudeMode>absolute</altitudeMode>
                    <outerBoundaryIs>
                      <LinearRing>
                        <coordinates>7.47745236483637,46.97460350254155,586.3215485664235 7.47747731428616,46.97490301915158,586.3215485664235 7.478062605790899,46.974880319566886,586.3215485664235 7.47810665524113,46.974528046030414,586.3215485664235</coordinates>
                      </LinearRing>
                    </outerBoundaryIs>
                  </Polygon>
                  <Polygon>
                    <altitudeMode>absolute</altitudeMode>
                    <outerBoundaryIs>
                      <LinearRing>
                        <coordinates>7.47745236483637,46.97460350254155,526.2715485664236 7.47745236483637,46.97460350254155,586.3215485664235 7.47747731428616,46.97490301915158,586.3215485664235 7.47747731428616,46.97490301915158,526.2715485664236</coordinates>
                      </LinearRing>
                    </outerBoundaryIs>
                  </Polygon>
                  <Polygon>
                    <altitudeMode>absolute</altitudeMode>
                    <outerBoundaryIs>
                      <LinearRing>
                        <coordinates>7.47747731428616,46.97490301915158,526.2715485664236 7.47747731428616,46.97490301915158,586.3215485664235 7.478062605790899,46.974880319566886,586.3215485664235 7.478062605790899,46.974880319566886,526.2715485664236</coordinates>
                      </LinearRing>
                    </outerBoundaryIs>
                  </Polygon>
                  <Polygon>
                    <altitudeMode>absolute</altitudeMode>
                    <outerBoundaryIs>
                      <LinearRing>
                        <coordinates>7.478062605790899,46.974880319566886,526.2715485664236 7.478062605790899,46.974880319566886,586.3215485664235 7.47810665524113,46.974528046030414,586.3215485664235 7.47810665524113,46.974528046030414,526.2715485664236</coordinates>
                      </LinearRing>
                    </outerBoundaryIs>
                  </Polygon>
                  <Polygon>
                    <altitudeMode>absolute</altitudeMode>
                    <outerBoundaryIs>
                      <LinearRing>
                        <coordinates>7.47810665524113,46.974528046030414,526.2715485664236 7.47810665524113,46.974528046030414,586.3215485664235 7.47745236483637,46.97460350254155,586.3215485664235 7.47745236483637,46.97460350254155,526.2715485664236</coordinates>
                      </LinearRing>
                    </outerBoundaryIs>
                  </Polygon>
                </MultiGeometry>
              </Placemark>
            </Folder>
          </Folder>
          <Folder>
            <name>E197: uss1 astm.f3548.v21.dss.queryOperationalIntentReferences</name>
            <Placemark>
              <name>area_of_interest</name>
              <styleUrl>#QueryArea</styleUrl>
              <description><![CDATA[<ul><li>uss1's Activated ba3a4a3a-b0a1-483c-a08d-7efa753f4ee6[3]</li><li>uss1's Activated f23e3161-6737-458f-b10e-e840b1a6d988[2]</li></ul>]]></description>
              <TimeSpan>
                <begin>2026-10-09T06:24:18.448696+00:00</begin>
                <end>2026-10-09T07:09:19.448696+00:00</end>
              </TimeSpan>
              <MultiGeometry>
                <Polygon>
                  <altitudeMode>absolute</altitudeMode>
                  <outerBoundaryIs>
                    <LinearRing>
                      <coordinates>7.477086559435829,46.974528046030414,526.2713835555318 7.477086559435829,46.97491720487753,526.2713835555318 7.47810665524113,46.97491720487753,526.2713835555318 7.47810665524113,46.974528046030414,526.2713835555318</coordinates>
                    </LinearRing>
                  </outerBoundaryIs>
                </Polygon>
                <Polygon>
                  <altitudeMode>absolute</altitudeMode>
                  <outerBoundaryIs>
                    <LinearRing>
                      <coordinates>7.477086559435829,46.974528046030414,586.3213835555317 7.477086559435829,46.97491720487753,586.3213835555317 7.47810665524113,46.97491720487753,586.3213835555317 7.47810665524113,46.974528046030414,586.3213835555317</coordinates>
                    </LinearRing>
                  </outerBoundaryIs>
                </Polygon>
                <Polygon>
                  <altitudeMode>absolute</altitudeMode>
                  <outerBoundaryIs>
                    <LinearRing>
                      <coordinates>7.477086559435829,46.974528046030414,526.2713835555318 7.477086559435829,46.974528046030414,586.3213835555317 7.477086559435829,46.97491720487753,586.3213835555317 7.477086559435829,46.97491720487753,526.2713835555318</coordinates>
                    </LinearRing>
                  </outerBoundaryIs>
                </Polygon>
                <Polygon>
                  <altitudeMode>absolute</altitudeMode>
                  <outerBoundaryIs>
                    <LinearRing>
                      <coordinates>7.477086559435829,46.97491720487753,526.2713835555318 7.477086559435829,46.97491720487753,586.3213835555317 7.47810665524113,46.97491720487753,586.3213835555317 7.47810665524113,46.97491720487753,526.2713835555318</coordinates>
                    </LinearRing>
                  </outerBoundaryIs>
                </Polygon>
                <Polygon>
                  <altitudeMode>absolute</altitudeMode>
                  <outerBoundaryIs>
                    <LinearRing>
                      <coordinates>7.47810665524113,46.97491720487753,526.2713835555318 7.47810665524113,46.97491720487753,586.3213835555317 7.47810665524113,46.974528046030414,586.3213835555317 7.47810665524113,46.974528046030414,526.2713835555318</coordinates>
                    </LinearRing>
                  </outerBoundaryIs>
                </Polygon>
                <Polygon>
                  <altitudeMode>absolute</altitudeMode>
                  <outerBoundaryIs>
                    <LinearRing>
                      <coordinates>7.47810665524113,46.974528046030414,526.2713835555318 7.47810665524113,46.974528046030414,586.3213835555317 7.477086559435829,46.974528046030414,586.3213835555317 7.477086559435829,46.974528046030414,526.2713835555318</coordinates>
                    </LinearRing>
                  </outerBoundaryIs>
                </Polygon>
              </MultiGeometry>
            </Placemark>
          </Folder>
          <Folder>
            <name>E202: uss1 astm.f3548.v21.uss.getOperationalIntentDetails</name>
            <Folder>
              <name>uss1's P0 Activated ba3a4a3a-b0a1-483c-a08d-7efa753f4ee6[3] @ VdQptNxv5H38z6eVZbGyjM2rhDFMAv5FUTu.pIgobtw_</name>
              <Placemark>
                <name>Nominal volume 0</name>
                <styleUrl>#F3548v21Activated</styleUrl>
                <TimeSpan>
                  <begin>2026-10-09T06:24:19.479502+00:00</begin>
                  <end>2026-10-09T07:09:19.448696+00:00</end>
                </TimeSpan>
                <MultiGeometry>
                  <Polygon>
                    <altitudeMode>absolute</altitudeMode>
                    <outerBoundaryIs>
                      <LinearRing>
                        <coordinates>7.47745236483637,46.97460350254155,526.2715485664236 7.47747731428616,46.97490301915158,526.2715485664236 7.478062605790899,46.974880319566886,526.2715485664236 7.47810665524113,46.974528046030414,526.2715485664236</coordinates>
                      </LinearRing>
                    </outerBoundaryIs>
                  </Polygon>
                  <Polygon>
                    <altitudeMode>absolute</altitudeMode>
                    <outerBoundaryIs>
                      <LinearRing>
                        <coordinates>7.47745236483637,46.97460350254155,586.3215485664235 7.47747731428616,46.97490301915158,586.3215485664235 7.478062605790899,46.974880319566886,586.3215485664235 7.47810665524113,46.974528046030414,586.3215485664235</coordinates>
                      </LinearRing>
                    </outerBoundaryIs>
                  </Polygon>
                  <Polygon>
                    <altitudeMode>absolute</altitudeMode>
                    <outerBoundaryIs>
                      <LinearRing>
                        <coordinates>7.47745236483637,46.97460350254155,526.2715485664236 7.47745236483637,46.97460350254155,586.3215485664235 7.47747731428616,46.97490301915158,586.3215485664235 7.47747731428616,46.97490301915158,526.2715485664236</coordinates>
                      </LinearRing>
                    </outerBoundaryIs>
                  </Polygon>
                  <Polygon>
                    <altitudeMode>absolute</altitudeMode>
                    <outerBoundaryIs>
                      <LinearRing>
                        <coordinates>7.47747731428616,46.97490301915158,526.2715485664236 7.47747731428616,46.97490301915158,586.3215485664235 7.478062605790899,46.974880319566886,586.3215485664235 7.478062605790899,46.974880319566886,526.2715485664236</coordinates>
                      </LinearRing>
                    </outerBoundaryIs>
                  </Polygon>
                  <Polygon>
                    <altitudeMode>absolute</altitudeMode>
                    <outerBoundaryIs>
                      <LinearRing>
                        <coordinates>7.478062605790899,46.974880319566886,526.2715485664236 7.478062605790899,46.974880319566886,586.3215485664235 7.47810665524113,46.974528046030414,586.3215485664235 7.47810665524113,46.974528046030414,526.2715485664236</coordinates>
                      </LinearRing>
                    </outerBoundaryIs>
                  </Polygon>
                  <Polygon>
                    <altitudeMode>absolute</altitudeMode>
                    <outerBoundaryIs>
                      <LinearRing>
                        <coordinates>7.47810665524113,46.974528046030414,526.2715485664236 7.47810665524113,46.974528046030414,586.3215485664235 7.47745236483637,46.97460350254155,586.3215485664235 7.47745236483637,46.97460350254155,526.2715485664236</coordinates>
                      </LinearRing>
                    </outerBoundaryIs>
                  </Polygon>
                </MultiGeometry>
              </Placemark>
            </Folder>
          </Folder>
        </Folder>
      </Folder>
      <Folder>
        <name>Attempt to modify activated flight into conflict</name>
        <Folder>
          <name>Modify activated Flight 2 to not conflict with activated Flight 1</name>
          <Folder>
            <name>E211: uss1 astm.f3548.v21.dss.queryOperationalIntentReferences</name>
            <Placemark>
              <name>area_of_interest</name>
              <styleUrl>#QueryArea</styleUrl>
              <description><![CDATA[<ul><li>uss1's Activated ba3a4a3a-b0a1-483c-a08d-7efa753f4ee6[3]</li><li>uss1's Activated f23e3161-6737-458f-b10e-e840b1a6d988[2]</li></ul>]]></description>
              <TimeSpan>
                <begin>2026-10-09T06:24:18.600303+00:00</begin>
                <end>2026-10-09T07:09:19.600303+00:00</end>
              </TimeSpan>
              <MultiGeometry>
                <Polygon>
                  <altitudeMode>absolute</altitudeMode>
                  <outerBoundaryIs>
                    <LinearRing>
                      <coordinates>7.477046661060006,46.97493591416124,553.2317453140104 7.477046661060006,46.97530804909576,553.2317453140104 7.477920441638552,46.97530804909576,553.2317453140104 7.477920441638552,46.97493591416124,553.2317453140104</coordinates>
                    </LinearRing>
                  </outerBoundaryIs>
                </Polygon>
                <Polygon>
                  <altitudeMode>absolute</altitudeMode>
                  <outerBoundaryIs>
                    <LinearRing>
                      <coordinates>7.477046661060006,46.97493591416124,606.3217453140104 7.477046661060006,46.97530804909576,606.3217453140104 7.477920441638552,46.97530804909576,606.3217453140104 7.477920441638552,46.97493591416124,606.3217453140104</coordinates>
                    </LinearRing>
                  </outerBoundaryIs>
                </Polygon>
                <Polygon>
                  <altitudeMode>absolute</altitudeMode>
                  <outerBoundaryIs>
                    <LinearRing>
                      <coordinates>7.477046661060006,46.97493591416124,553.2317453140104 7.477046661060006,46.97493591416124,606.3217453140104 7.477046661060006,46.97530804909576,606.3217453140104 7.477046661060006,46.97530804909576,553.2317453140104</coordinates>
                    </LinearRing>
                  </outerBoundaryIs>
                </Polygon>
                <Polygon>
                  <altitudeMode>absolute</altitudeMode>
                  <outerBoundaryIs>
                    <LinearRing>
                      <coordinates>7.477046661060006,46.97530804909576,553.2317453140104 7.477046661060006,46.97530804909576,606.3217453140104 7.477920441638552,46.97530804909576,606.3217453140104 7.477920441638552,46.97530804909576,553.2317453140104</coordinates>
                    </LinearRing>
                  </outerBoundaryIs>
                </Polygon>
                <Polygon>
                  <altitudeMode>absolute</altitudeMode>
                  <outerBoundaryIs>
                    <LinearRing>
                      <coordinates>7.477920441638552,46.97530804909576,553.2317453140104 7.477920441638552,46.97530804909576,606.3217453140104 7.477920441638552,46.97493591416124,606.3217453140104 7.477920441638552,46.97493591416124,553.2317453140104</coordinates>
                    </LinearRing>
                  </outerBoundaryIs>
                </Polygon>
                <Polygon>
                  <altitudeMode>absolute</altitudeMode>
                  <outerBoundaryIs>
                    <LinearRing>
                      <coordinates>7.477920441638552,46.97493591416124,553.2317453140104 7.477920441638552,46.97493591416124,606.3217453140104 7.477046661060006,46.97493591416124,606.3217453140104 7.477046661060006,46.97493591416124,553.2317453140104</coordinates>
                    </LinearRing>
                  </outerBoundaryIs>
                </Polygon>
              </MultiGeometry>
            </Placemark>
          </Folder>
          <Folder>
            <name>E213: uss1 interuss.automated_testing.flight_planning.v1.UpsertFlightPlan</name>
            <Folder>
              <name>Activity Completed, flight OkToFly</name>
              <Placemark>
                <name>Volume 0</name>
                <styleUrl>#InUse_Nominal</styleUrl>
                <TimeSpan>
                  <begin>2026-10-09T06:24:18.600303+00:00</begin>
                  <end>2026-10-09T07:09:19.600303+00:00</end>
                </TimeSpan>
                <MultiGeometry>
                  <Polygon>
                    <altitudeMode>absolute</altitudeMode>
                    <outerBoundaryIs>
                      <LinearRing>
                        <coordinates>7.477046661060006,46.97501988078352,553.2316706396805 7.477920441638552,46.97493591416124,553.2316706396805 7.477364256610934,46.97530804909575,553.2316706396805</coordinates>
                      </LinearRing>
                    </outerBoundaryIs>
                  </Polygon>
                  <Polygon>
                    <altitudeMode>absolute</altitudeMode>
                    <outerBoundaryIs>
                      <LinearRing>
                        <coordinates>7.477046661060006,46.97501988078352,606.3216706396805 7.477920441638552,46.97493591416124,606.3216706396805 7.477364256610934,46.97530804909575,606.3216706396805</coordinates>
                      </LinearRing>
                    </outerBoundaryIs>
                  </Polygon>
                  <Polygon>
                    <altitudeMode>absolute</altitudeMode>
                    <outerBoundaryIs>
                      <LinearRing>
                        <coordinates>7.477046661060006,46.97501988078352,553.2316706396805 7.477046661060006,46.97501988078352,606.3216706396805 7.477920441638552,46.97493591416124,606.3216706396805 7.477920441638552,46.97493591416124,553.2316706396805</coordinates>
                      </LinearRing>
                    </outerBoundaryIs>
                  </Polygon>
                  <Polygon>
                    <altitudeMode>absolute</altitudeMode>
                    <outerBoundaryIs>
                      <LinearRing>
                        <coordinates>7.477920441638552,46.97493591416124,553.2316706396805 7.477920441638552,46.97493591416124,606.3216706396805 7.477364256610934,46.97530804909575,606.3216706396805 7.477364256610934,46.97530804909575,553.2316706396805</coordinates>
                      </LinearRing>
                    </outerBoundaryIs>
                  </Polygon>
                  <Polygon>
                    <altitudeMode>absolute</altitudeMode>
                    <outerBoundaryIs>
                      <LinearRing>
                        <coordinates>7.477364256610934,46.97530804909575,553.2316706396805 7.477364256610934,46.97530804909575,606.3216706396805 7.477046661060006,46.97501988078352,606.3216706396805 7.477046661060006,46.97501988078352,553.2316706396805</coordinates>
                      </LinearRing>
                    </outerBoundaryIs>
                  </Polygon>
                </MultiGeometry>
              </Placemark>
            </Folder>
          </Folder>
          <Folder>
            <name>E217: uss1 astm.f3548.v21.dss.queryOperationalIntentReferences</name>
            <Placemark>
              <name>area_of_interest</name>
              <styleUrl>#QueryArea</styleUrl>
              <description><![CDATA[<ul><li>uss1's Activated ba3a4a3a-b0a1-483c-a08d-7efa753f4ee6[3]</li><li>uss1's Activated f23e3161-6737-458f-b10e-e840b1a6d988[3]</li></ul>]]></description>
              <TimeSpan>
                <begin>2026-10-09T06:24:18.600303+00:00</begin>
                <end>2026-10-09T07:09:19.600303+00:00</end>
              </TimeSpan>
              <MultiGeometry>
                <Polygon>
                  <altitudeMode>absolute</altitudeMode>
                  <outerBoundaryIs>
                    <LinearRing>
                      <coordinates>7.477046661060006,46.97493591416124,553.2317453140104 7.477046661060006,46.97530804909576,553.2317453140104 7.477920441638552,46.97530804909576,553.2317453140104 7.477920441638552,46.97493591416124,553.2317453140104</coordinates>
                    </LinearRing>
                  </outerBoundaryIs>
                </Polygon>
                <Polygon>
                  <altitudeMode>absolute</altitudeMode>
                  <outerBoundaryIs>
                    <LinearRing>
                      <coordinates>7.477046661060006,46.97493591416124,606.3217453140104 7.477046661060006,46.97530804909576,606.3217453140104 7.477920441638552,46.97530804909576,606.3217453140104 7.477920441638552,46.97493591416124,606.3217453140104</coordinates>
                    </LinearRing>
                  </outerBoundaryIs>
                </Polygon>
                <Polygon>
                  <altitudeMode>absolute</altitudeMode>
                  <outerBoundaryIs>
                    <LinearRing>
                      <coordinates>7.477046661060006,46.97493591416124,553.2317453140104 7.477046661060006,46.97493591416124,606.3217453140104 7.477046661060006,46.97530804909576,606.3217453140104 7.477046661060006,46.97530804909576,553.2317453140104</coordinates>
                    </LinearRing>
                  </outerBoundaryIs>
                </Polygon>
                <Polygon>
                  <altitudeMode>absolute</altitudeMode>
                  <outerBoundaryIs>
                    <LinearRing>
                      <coordinates>7.477046661060006,46.97530804909576,553.2317453140104 7.477046661060006,46.97530804909576,606.3217453140104 7.477920441638552,46.97530804909576,606.3217453140104 7.477920441638552,46.97530804909576,553.2317453140104</coordinates>
                    </LinearRing>
                  </outerBoundaryIs>
                </Polygon>
                <Polygon>
                  <altitudeMode>absolute</altitudeMode>
                  <outerBoundaryIs>
                    <LinearRing>
                      <coordinates>7.477920441638552,46.97530804909576,553.2317453140104 7.477920441638552,46.97530804909576,606.3217453140104 7.477920441638552,46.97493591416124,606.3217453140104 7.477920441638552,46.97493591416124,553.2317453140104</coordinates>
                    </LinearRing>
                  </outerBoundaryIs>
                </Polygon>
                <Polygon>
                  <altitudeMode>absolute</altitudeMode>
                  <outerBoundaryIs>
                    <LinearRing>
                      <coordinates>7.477920441638552,46.97493591416124,553.2317453140104 7.477920441638552,46.97493591416124,606.3217453140104 7.477046661060006,46.97493591416124,606.3217453140104 7.477046661060006,46.97493591416124,553.2317453140104</coordinates>
                    </LinearRing>
                  </outerBoundaryIs>
                </Polygon>
              </MultiGeometry>
            </Placemark>
          </Folder>
          <Folder>
            <name>E222: uss1 astm.f3548.v21.uss.getOperationalIntentDetails</name>
            <Folder>
              <name>uss1's P100 Activated f23e3161-6737-458f-b10e-e840b1a6d988[3] @ rNQ56TSPy7Vva2zwR95SEEuctsIyJfc2.VKC-J.Mf6c_</name>
              <Placemark>
                <name>Nominal volume 0</name>
                <styleUrl>#F3548v21Activated</styleUrl>
                <TimeSpan>
                  <begin>2026-10-09T06:24:19.633924+00:00</begin>
                  <end>2026-10-09T07:09:19.600303+00:00</end>
                </TimeSpan>
                <MultiGeometry>
                  <Polygon>
                    <altitudeMode>absolute</altitudeMode>
                    <outerBoundaryIs>
                      <LinearRing>
                        <coordinates>7.477046661060006,46.97501988078352,553.2316706396805 7.477920441638552,46.97493591416124,553.2316706396805 7.477364256610934,46.97530804909575,553.2316706396805</coordinates>
                      </LinearRing>
                    </outerBoundaryIs>
                  </Polygon>
                  <Polygon>
                    <altitudeMode>absolute</altitudeMode>
                    <outerBoundaryIs>
                      <LinearRing>
                        <coordinates>7.477046661060006,46.97501988078352,606.3216706396805 7.477920441638552,46.97493591416124,606.3216706396805 7.477364256610934,46.97530804909575,606.3216706396805</coordinates>
                      </LinearRing>
                    </outerBoundaryIs>
                  </Polygon>
                  <Polygon>
                    <altitudeMode>absolute</altitudeMode>
                    <outerBoundaryIs>
                      <LinearRing>
                        <coordinates>7.477046661060006,46.97501988078352,553.2316706396805 7.477046661060006,46.97501988078352,606.3216706396805 7.477920441638552,46.97493591416124,606.3216706396805 7.477920441638552,46.97493591416124,553.2316706396805</coordinates>
                      </LinearRing>
                    </outerBoundaryIs>
                  </Polygon>
                  <Polygon>
                    <altitudeMode>absolute</altitudeMode>
                    <outerBoundaryIs>
                      <LinearRing>
                        <coordinates>7.477920441638552,46.97493591416124,553.2316706396805 7.477920441638552,46.97493591416124,606.3216706396805 7.477364256610934,46.97530804909575,606.3216706396805 7.477364256610934,46.97530804909575,553.2316706396805</coordinates>
                      </LinearRing>
                    </outerBoundaryIs>
                  </Polygon>
                  <Polygon>
                    <altitudeMode>absolute</altitudeMode>
                    <outerBoundaryIs>
                      <LinearRing>
                        <coordinates>7.477364256610934,46.97530804909575,553.2316706396805 7.477364256610934,46.97530804909575,606.3216706396805 7.477046661060006,46.97501988078352,606.3216706396805 7.477046661060006,46.97501988078352,553.2316706396805</coordinates>
                      </LinearRing>
                    </outerBoundaryIs>
                  </Polygon>
                </MultiGeometry>
              </Placemark>
            </Folder>
          </Folder>
        </Folder>
        <Folder>
          <name>Attempt to modify activated Flight 1 into conflict</name>
          <Folder>
            <name>E231: uss1 astm.f3548.v21.dss.queryOperationalIntentReferences</name>
            <Placemark>
              <name>area_of_interest</name>
              <styleUrl>#QueryArea</styleUrl>
              <description><![CDATA[<ul><li>uss1's Activated ba3a4a3a-b0a1-483c-a08d-7efa753f4ee6[3]</li><li>uss1's Activated f23e3161-6737-458f-b10e-e840b1a6d988[3]</li></ul>]]></description>
              <TimeSpan>
                <begin>2026-10-09T06:24:18.753821+00:00</begin>
                <end>2026-10-09T07:09:19.753821+00:00</end>
              </TimeSpan>
              <MultiGeometry>
                <Polygon>
                  <altitudeMode>absolute</altitudeMode>
                  <outerBoundaryIs>
                    <LinearRing>
                      <coordinates>7.47745236483637,46.974528046030414,526.2717623930505 7.47745236483637,46.97529102511888,526.2717623930505 7.47810665524113,46.97529102511888,526.2717623930505 7.47810665524113,46.974528046030414,526.2717623930505</coordinates>
                    </LinearRing>
                  </outerBoundaryIs>
                </Polygon>
                <Polygon>
                  <altitudeMode>absolute</altitudeMode>
                  <outerBoundaryIs>
                    <LinearRing>
                      <coordinates>7.47745236483637,46.974528046030414,591.3217623930504 7.47745236483637,46.97529102511888,591.3217623930504 7.47810665524113,46.97529102511888,591.3217623930504 7.47810665524113,46.974528046030414,591.3217623930504</coordinates>
                    </LinearRing>
                  </outerBoundaryIs>
                </Polygon>
                <Polygon>
                  <altitudeMode>absolute</altitudeMode>
                  <outerBoundaryIs>
                    <LinearRing>
                      <coordinates>7.47745236483637,46.974528046030414,526.2717623930505 7.47745236483637,46.974528046030414,591.3217623930504 7.47745236483637,46.97529102511888,591.3217623930504 7.47745236483637,46.97529102511888,526.2717623930505</coordinates>
                    </LinearRing>
                  </outerBoundaryIs>
                </Polygon>
                <Polygon>
                  <altitudeMode>absolute</altitudeMode>
                  <outerBoundaryIs>
                    <LinearRing>
                      <coordinates>7.47745236483637,46.97529102511888,526.2717623930505 7.47745236483637,46.97529102511888,591.3217623930504 7.47810665524113,46.97529102511888,591.3217623930504 7.47810665524113,46.97529102511888,526.2717623930505</coordinates>
                    </LinearRing>
                  </outerBoundaryIs>
                </Polygon>
                <Polygon>
                  <altitudeMode>absolute</altitudeMode>
                  <outerBoundaryIs>
                    <LinearRing>
                      <coordinates>7.47810665524113,46.97529102511888,526.2717623930505 7.47810665524113,46.97529102511888,591.3217623930504 7.47810665524113,46.974528046030414,591.3217623930504 7.47810665524113,46.974528046030414,526.2717623930505</coordinates>
                    </LinearRing>
                  </outerBoundaryIs>
                </Polygon>
                <Polygon>
                  <altitudeMode>absolute</altitudeMode>
                  <outerBoundaryIs>
                    <LinearRing>
                      <coordinates>7.47810665524113,46.974528046030414,526.2717623930505 7.47810665524113,46.974528046030414,591.3217623930504 7.47745236483637,46.974528046030414,591.3217623930504 7.47745236483637,46.974528046030414,526.2717623930505</coordinates>
                    </LinearRing>
                  </outerBoundaryIs>
                </Polygon>
              </MultiGeometry>
            </Placemark>
          </Folder>
          <Folder>
            <name>E233: uss1 interuss.automated_testing.flight_planning.v1.UpsertFlightPlan</name>
            <Folder>
              <name>Activity Rejected, flight OkToFly</name>
              <Placemark>
                <name>Volume 0</name>
                <styleUrl>#InUse_Nominal</styleUrl>
                <TimeSpan>
                  <begin>2026-10-09T06:24:18.753821+00:00</begin>
                  <end>2026-10-09T07:09:19.753821+00:00</end>
                </TimeSpan>
                <MultiGeometry>
                  <Polygon>
                    <altitudeMode>absolute</altitudeMode>
                    <outerBoundaryIs>
                      <LinearRing>
                        <coordinates>7.477745009017069,46.97459215318556,556.3817948731519 7.4778032286468505,46.97529102511888,556.3817948731519 7.478062605790899,46.974880319566886,556.3817948731519 7.47810665524113,46.974528046030414,556.3817948731519</coordinates>
                      </LinearRing>
                    </outerBoundaryIs>
                  </Polygon>
                  <Polygon>
                    <altitudeMode>absolute</altitudeMode>
                    <outerBoundaryIs>
                      <LinearRing>
                        <coordinates>7.477745009017069,46.97459215318556,591.3217948731519 7.4778032286468505,46.97529102511888,591.3217948731519 7.478062605790899,46.974880319566886,591.3217948731519 7.47810665524113,46.974528046030414,591.3217948731519</coordinates>
                      </LinearRing>
                    </outerBoundaryIs>
                  </Polygon>
                  <Polygon>
                    <altitudeMode>absolute</altitudeMode>
                    <outerBoundaryIs>
                      <LinearRing>
                        <coordinates>7.477745009017069,46.97459215318556,556.3817948731519 7.477745009017069,46.97459215318556,591.3217948731519 7.4778032286468505,46.97529102511888,591.3217948731519 7.4778032286468505,46.97529102511888,556.3817948731519</coordinates>
                      </LinearRing>
                    </outerBoundaryIs>
                  </Polygon>
                  <Polygon>
                    <altitudeMode>absolute</altitudeMode>
                    <outerBoundaryIs>
                      <LinearRing>
                        <coordinates>7.4778032286468505,46.97529102511888,556.3817948731519 7.4778032286468505,46.97529102511888,591.3217948731519 7.478062605790899,46.974880319566886,591.3217948731519 7.478062605790899,46.974880319566886,556.3817948731519</coordinates>
                      </LinearRing>
                    </outerBoundaryIs>
                  </Polygon>
                  <Polygon>
                    <altitudeMode>absolute</altitudeMode>
                    <outerBoundaryIs>
                      <LinearRing>
                        <coordinates>7.478062605790899,46.974880319566886,556.3817948731519 7.478062605790899,46.974880319566886,591.3217948731519 7.47810665524113,46.974528046030414,591.3217948731519 7.47810665524113,46.974528046030414,556.3817948731519</coordinates>
                      </LinearRing>
                    </outerBoundaryIs>
                  </Polygon>
                  <Polygon>
                    <altitudeMode>absolute</altitudeMode>
                    <outerBoundaryIs>
                      <LinearRing>
                        <coordinates>7.47810665524113,46.974528046030414,556.3817948731519 7.47810665524113,46.974528046030414,591.3217948731519 7.477745009017069,46.97459215318556,591.3217948731519 7.477745009017069,46.97459215318556,556.3817948731519</coordinates>
                      </LinearRing>
                    </outerBoundaryIs>
                  </Polygon>
                </MultiGeometry>
              </Placemark>
            </Folder>
          </Folder>
          <Folder>
            <name>E236: uss1 astm.f3548.v21.dss.queryOperationalIntentReferences</name>
            <Placemark>
              <name>area_of_interest</name>
              <styleUrl>#QueryArea</styleUrl>
              <description><![CDATA[<ul><li>uss1's Activated ba3a4a3a-b0a1-483c-a08d-7efa753f4ee6[3]</li><li>uss1's Activated f23e3161-6737-458f-b10e-e840b1a6d988[3]</li></ul>]]></description>
              <TimeSpan>
                <begin>2026-10-09T06:24:18.753821+00:00</begin>
                <end>2026-10-09T07:09:19.753821+00:00</end>
              </TimeSpan>
              <MultiGeometry>
                <Polygon>
                  <altitudeMode>absolute</altitudeMode>
                  <outerBoundaryIs>
                    <LinearRing>
                      <coordinates>7.47745236483637,46.974528046030414,526.2717623930505 7.47745236483637,46.97529102511888,526.2717623930505 7.47810665524113,46.97529102511888,526.2717623930505 7.47810665524113,46.974528046030414,526.2717623930505</coordinates>
                    </LinearRing>
                  </outerBoundaryIs>
                </Polygon>
                <Polygon>
                  <altitudeMode>absolute</altitudeMode>
                  <outerBoundaryIs>
                    <LinearRing>
                      <coordinates>7.47745236483637,46.974528046030414,591.3217623930504 7.47745236483637,46.97529102511888,591.3217623930504 7.47810665524113,46.97529102511888,591.3217623930504 7.47810665524113,46.974528046030414,591.3217623930504</coordinates>
                    </LinearRing>
                  </outerBoundaryIs>
                </Polygon>
                <Polygon>
                  <altitudeMode>absolute</altitudeMode>
                  <outerBoundaryIs>
                    <LinearRing>
                      <coordinates>7.47745236483637,46.974528046030414,526.2717623930505 7.47745236483637,46.974528046030414,591.3217623930504 7.47745236483637,46.97529102511888,591.3217623930504 7.47745236483637,46.97529102511888,526.2717623930505</coordinates>
                    </LinearRing>
                  </outerBoundaryIs>
                </Polygon>
                <Polygon>
                  <altitudeMode>absolute</altitudeMode>
                  <outerBoundaryIs>
                    <LinearRing>
                      <coordinates>7.47745236483637,46.97529102511888,526.2717623930505 7.47745236483637,46.97529102511888,591.3217623930504 7.47810665524113,46.97529102511888,591.3217623930504 7.47810665524113,46.97529102511888,526.2717623930505</coordinates>
                    </LinearRing>
                  </outerBoundaryIs>
                </Polygon>
                <Polygon>
                  <altitudeMode>absolute</altitudeMode>
                  <outerBoundaryIs>
                    <LinearRing>
                      <coordinates>7.47810665524113,46.97529102511888,526.2717623930505 7.47810665524113,46.97529102511888,591.3217623930504 7.47810665524113,46.974528046030414,591.3217623930504 7.47810665524113,46.974528046030414,526.2717623930505</coordinates>
                    </LinearRing>
                  </outerBoundaryIs>
                </Polygon>
                <Polygon>
                  <altitudeMode>absolute</altitudeMode>
                  <outerBoundaryIs>
                    <LinearRing>
                      <coordinates>7.47810665524113,46.974528046030414,526.2717623930505 7.47810665524113,46.974528046030414,591.3217623930504 7.47745236483637,46.974528046030414,591.3217623930504 7.47745236483637,46.974528046030414,526.2717623930505</coordinates>
                    </LinearRing>
                  </outerBoundaryIs>
                </Polygon>
              </MultiGeometry>
            </Placemark>
          </Folder>
        </Folder>
      </Folder>
      <Folder>
        <name/>
        <Folder>
          <name>Cleanup</name>
        </Folder>
      </Folder>
    </Folder>
  </Document>
</kml>
