<kml xmlns="http://www.opengis.net/kml/2.2" xmlns:atom="http://www.w3.org/2005/Atom" xmlns:gx="http://www.google.com/kml/ext/2.2">
  <Document>
    <Style id="QueryArea">
      <LineStyle>
        <color>ffc0c000</color>
        <width>3</width>
      </LineStyle>
      <PolyStyle>
        <color>80ffffaa</color>
      </PolyStyle>
    </Style>
    <Style id="F3548v21Accepted">
      <LineStyle>
        <color>ff00c000</color>
        <width>3</width>
      </LineStyle>
      <PolyStyle>
        <color>80c0c0c0</color>
      </PolyStyle>
    </Style>
    <Style id="F3548v21Activated">
      <LineStyle>
        <color>ff00c000</color>
        <width>3</width>
      </LineStyle>
      <PolyStyle>
        <color>8000ff00</color>
      </PolyStyle>
    </Style>
    <Style id="F3548v21Nonconforming">
      <LineStyle>
        <color>ff00ffff</color>
        <width>5</width>
      </LineStyle>
      <PolyStyle>
        <color>8000ffff</color>
      </PolyStyle>
    </Style>
    <Style id="F3548v21Contingent">
      <LineStyle>
        <color>ff0000ff</color>
        <width>5</width>
      </LineStyle>
      <PolyStyle>
        <color>80ff0000ff</color>
      </PolyStyle>
    </Style>
    <Style id="F3548v21AcceptedFuture">
      <LineStyle>
        <color>80c0c0c0</color>
        <width>1</width>
      </LineStyle>
      <PolyStyle>
        <color>00000000</color>
      </PolyStyle>
    </Style>
    <Style id="F3548v21ActivatedFuture">
      <LineStyle>
        <color>8040c040</color>
        <width>1</width>
      </LineStyle>
      <PolyStyle>
        <color>00000000</color>
      </PolyStyle>
    </Style>
    <Style id="F3548v21NonconformingFuture">
      <LineStyle>
        <color>8000ffff</color>
        <width>1</width>
      </LineStyle>
      <PolyStyle>
        <color>00000000</color>
      </PolyStyle>
    </Style>
    <Style id="F3548v21ContingentFuture">
      <LineStyle>
        <color>80ff0000ff</color>
        <width>1</width>
      </LineStyle>
      <PolyStyle>
        <color>00000000</color>
      </PolyStyle>
    </Style>
    <Style id="Planned_Nominal">
      <LineStyle>
        <color>ff00c000</color>
        <width>3</width>
      </LineStyle>
      <PolyStyle>
        <color>80808080</color>
      </PolyStyle>
    </Style>
    <Style id="InUse_Nominal">
      <LineStyle>
        <color>ff00c000</color>
        <width>3</width>
      </LineStyle>
      <PolyStyle>
        <color>8000ff00</color>
      </PolyStyle>
    </Style>
    <Style id="InUse_OffNominal">
      <LineStyle>
        <color>ff00ffff</color>
        <width>5</width>
      </LineStyle>
      <PolyStyle>
        <color>8000ff00</color>
      </PolyStyle>
    </Style>
    <Style id="InUse_Contingent">
      <LineStyle>
        <color>ff0000ff</color>
        <width>5</width>
      </LineStyle>
      <PolyStyle>
        <color>8000ff00</color>
      </PolyStyle>
    </Style>
    <Style id="unmodifiedtelemetry">
      <IconStyle>
        <scale>1.4</scale>
        <Icon>
          <href>http://maps.google.com/mapfiles/kml/shapes/placemark_circle.png</href>
        </Icon>
      </IconStyle>
    </Style>
    <Style id="modifiedtelemetry">
      <IconStyle>
        <scale>1.4</scale>
        <Icon>
          <href>http://maps.google.com/mapfiles/kml/shapes/placemark_square.png</href>
        </Icon>
      </IconStyle>
    </Style>
    <Style id="aircraft">
      <IconStyle>
        <scale>1.4</scale>
        <Icon>
          <href>http://maps.google.com/mapfiles/kml/shapes/airports.png</href>
        </Icon>
      </IconStyle>
    </Style>
    <Folder>
      <name>ASTM NetRID Service Provider operator notification on missing fields</name>
      <Folder>
        <name>Missing fields flight</name>
        <Folder>
          <name>Retrieve pre-existing operator notification</name>
        </Folder>
        <Folder>
          <name>Injection</name>
          <Folder>
            <name>E4: uss1 interuss.automated_testing.rid.v1.injection.createTest</name>
            <Folder>
              <name>Test flight 667e04c4-ad9b-47dc-990d-191caa633b21</name>
              <Placemark>
                <name>Telemetry 0</name>
                <styleUrl>#modifiedtelemetry</styleUrl>
                <TimeSpan>
                  <begin>2026-10-02T15:05:50.923483+00:00</begin>
                  <end>2026-10-02T15:05:51.923483+00:00</end>
                </TimeSpan>
                <Point>
                  <coordinates>8.523321827032547,47.3715045208158,0</coordinates>
                </Point>
              </Placemark>
              <Placemark>
                <name>Telemetry 1</name>
                <styleUrl>#modifiedtelemetry</styleUrl>
                <TimeSpan>
                  <begin>2026-10-02T15:05:51.923483+00:00</begin>
                  <end>2026-10-02T15:05:52.923483+00:00</end>
                </TimeSpan>
                <Point>
                  <coordinates>8.523282890548819,47.371540881223694,0</coordinates>
                </Point>
              </Placemark>
              <Placemark>
                <name>Telemetry 2</name>
                <styleUrl>#modifiedtelemetry</styleUrl>
                <TimeSpan>
                  <begin>2026-10-02T15:05:52.923483+00:00</begin>
                  <end>2026-10-02T15:05:53.923483+00:00</end>
                </TimeSpan>
                <Point>
                  <coordinates>8.52324395406509,47.37157724163159,0</coordinates>
                </Point>
              </Placemark>
              <Placemark>
                <name>Telemetry 3</name>
                <styleUrl>#modifiedtelemetry</styleUrl>
                <TimeSpan>
                  <begin>2026-10-02T15:05:53.923483+00:00</begin>
                  <end>2026-10-02T15:05:54.923483+00:00</end>
                </TimeSpan>
                <Point>
                  <coordinates>8.523205017581365,47.37161360203949,0</coordinates>
                </Point>
              </Placemark>
              <Placemark>
                <name>Telemetry 4</name>
                <styleUrl>#modifiedtelemetry</styleUrl>
                <TimeSpan>
                  <begin>2026-10-02T15:05:54.923483+00:00</begin>
                  <end>2026-10-02T15:05:55.923483+00:00</end>
                </TimeSpan>
                <Point>
                  <coordinates>8.523166081097637,47.371649962447385,0</coordinates>
                </Point>
              </Placemark>
              <Placemark>
                <name>Telemetry 5</name>
                <styleUrl>#modifiedtelemetry</styleUrl>
                <TimeSpan>
                  <begin>2026-10-02T15:05:55.923483+00:00</begin>
                  <end>2026-10-02T15:05:56.923483+00:00</end>
                </TimeSpan>
                <Point>
                  <coordinates>8.523118769605144,47.37168134446735,0</coordinates>
                </Point>
              </Placemark>
              <Placemark>
                <name>Telemetry 6</name>
                <styleUrl>#modifiedtelemetry</styleUrl>
                <TimeSpan>
                  <begin>2026-10-02T15:05:56.923483+00:00</begin>
                  <end>2026-10-02T15:05:57.923483+00:00</end>
                </TimeSpan>
                <Point>
                  <coordinates>8.523070583658326,47.37171220668214,0</coordinates>
                </Point>
              </Placemark>
              <Placemark>
                <name>Telemetry 7</name>
                <styleUrl>#modifiedtelemetry</styleUrl>
                <TimeSpan>
                  <begin>2026-10-02T15:05:57.923483+00:00</begin>
                  <end>2026-10-02T15:05:58.923483+00:00</end>
                </TimeSpan>
                <Point>
                  <coordinates>8.523022397711506,47.371743068896926,0</coordinates>
                </Point>
              </Placemark>
              <Placemark>
                <name>Telemetry 8</name>
                <styleUrl>#modifiedtelemetry</styleUrl>
                <TimeSpan>
                  <begin>2026-10-02T15:05:58.923483+00:00</begin>
                  <end>2026-10-02T15:05:59.923483+00:00</end>
                </TimeSpan>
                <Point>
                  <coordinates>8.5229757392881,47.371774910132885,0</coordinates>
                </Point>
              </Placemark>
              <Placemark>
                <name>Telemetry 9</name>
                <styleUrl>#modifiedtelemetry</styleUrl>
                <TimeSpan>
                  <begin>2026-10-02T15:05:59.923483+00:00</begin>
                  <end>2026-10-02T15:06:00.923483+00:00</end>
                </TimeSpan>
                <Point>
                  <coordinates>8.522932891599606,47.371809193747204,0</coordinates>
                </Point>
              </Placemark>
              <Placemark>
                <name>Telemetry 10</name>
                <styleUrl>#modifiedtelemetry</styleUrl>
                <TimeSpan>
                  <begin>2026-10-02T15:06:00.923483+00:00</begin>
                  <end>2026-10-02T15:06:01.923483+00:00</end>
                </TimeSpan>
                <Point>
                  <coordinates>8.522890043911113,47.37184347736152,0</coordinates>
                </Point>
              </Placemark>
              <Placemark>
                <name>Telemetry 11</name>
                <styleUrl>#modifiedtelemetry</styleUrl>
                <TimeSpan>
                  <begin>2026-10-02T15:06:01.923483+00:00</begin>
                  <end>2026-10-02T15:06:02.923483+00:00</end>
                </TimeSpan>
                <Point>
                  <coordinates>8.52284719622262,47.37187776097584,0</coordinates>
                </Point>
              </Placemark>
              <Placemark>
                <name>Telemetry 12</name>
                <styleUrl>#modifiedtelemetry</styleUrl>
                <TimeSpan>
                  <begin>2026-10-02T15:06:02.923483+00:00</begin>
                  <end>2026-10-02T15:06:03.923483+00:00</end>
                </TimeSpan>
                <Point>
                  <coordinates>8.522804348534127,47.37191204459016,0</coordinates>
                </Point>
              </Placemark>
              <Placemark>
                <name>Telemetry 13</name>
                <styleUrl>#modifiedtelemetry</styleUrl>
                <TimeSpan>
                  <begin>2026-10-02T15:06:03.923483+00:00</begin>
                  <end>2026-10-02T15:06:04.923483+00:00</end>
                </TimeSpan>
                <Point>
                  <coordinates>8.522761500845634,47.37194632820448,0</coordinates>
                </Point>
              </Placemark>
              <Placemark>
                <name>Telemetry 14</name>
                <styleUrl>#modifiedtelemetry</styleUrl>
                <TimeSpan>
                  <begin>2026-10-02T15:06:04.923483+00:00</begin>
                  <end>2026-10-02T15:06:05.923483+00:00</end>
                </TimeSpan>
                <Point>
                  <coordinates>8.522718653157142,47.371980611818806,0</coordinates>
                </Point>
              </Placemark>
              <Placemark>
                <name>Telemetry 15</name>
                <styleUrl>#modifiedtelemetry</styleUrl>
                <TimeSpan>
                  <begin>2026-10-02T15:06:05.923483+00:00</begin>
                  <end>2026-10-02T15:06:06.923483+00:00</end>
                </TimeSpan>
                <Point>
                  <coordinates>8.522675805468648,47.372014895433125,0</coordinates>
                </Point>
              </Placemark>
              <Placemark>
                <name>Telemetry 16</name>
                <styleUrl>#modifiedtelemetry</styleUrl>
                <TimeSpan>
                  <begin>2026-10-02T15:06:06.923483+00:00</begin>
                  <end>2026-10-02T15:06:07.923483+00:00</end>
                </TimeSpan>
                <Point>
                  <coordinates>8.522630095760274,47.37204743572325,0</coordinates>
                </Point>
              </Placemark>
              <Placemark>
                <name>Telemetry 17</name>
                <styleUrl>#modifiedtelemetry</styleUrl>
                <TimeSpan>
                  <begin>2026-10-02T15:06:07.923483+00:00</begin>
                  <end>2026-10-02T15:06:08.923483+00:00</end>
                </TimeSpan>
                <Point>
                  <coordinates>8.522580799973472,47.372082380767935,0</coordinates>
                </Point>
              </Placemark>
              <Placemark>
                <name>Telemetry 18</name>
                <styleUrl>#modifiedtelemetry</styleUrl>
                <TimeSpan>
                  <begin>2026-10-02T15:06:08.923483+00:00</begin>
                  <end>2026-10-02T15:06:09.923483+00:00</end>
                </TimeSpan>
                <Point>
                  <coordinates>8.52253150418667,47.372117325812624,0</coordinates>
                </Point>
              </Placemark>
              <Placemark>
                <name>Telemetry 19</name>
                <styleUrl>#modifiedtelemetry</styleUrl>
                <TimeSpan>
                  <begin>2026-10-02T15:06:09.923483+00:00</begin>
                  <end>2026-10-02T15:06:10.923483+00:00</end>
                </TimeSpan>
                <Point>
                  <coordinates>8.52248220839987,47.372152270857306,0</coordinates>
                </Point>
              </Placemark>
              <Placemark>
                <name>Telemetry 20</name>
                <styleUrl>#modifiedtelemetry</styleUrl>
                <TimeSpan>
                  <begin>2026-10-02T15:06:10.923483+00:00</begin>
                  <end>2026-10-02T15:06:11.923483+00:00</end>
                </TimeSpan>
                <Point>
                  <coordinates>8.522432912613064,47.372187215901995,0</coordinates>
                </Point>
              </Placemark>
              <Placemark>
                <name>Telemetry 21</name>
                <styleUrl>#modifiedtelemetry</styleUrl>
                <TimeSpan>
                  <begin>2026-10-02T15:06:11.923483+00:00</begin>
                  <end>2026-10-02T15:06:12.923483+00:00</end>
                </TimeSpan>
                <Point>
                  <coordinates>8.522383616826263,47.37222216094668,0</coordinates>
                </Point>
              </Placemark>
              <Placemark>
                <name>Telemetry 22</name>
                <styleUrl>#modifiedtelemetry</styleUrl>
                <TimeSpan>
                  <begin>2026-10-02T15:06:12.923483+00:00</begin>
                  <end>2026-10-02T15:06:13.923483+00:00</end>
                </TimeSpan>
                <Point>
                  <coordinates>8.52233432103946,47.372257105991366,0</coordinates>
                </Point>
              </Placemark>
              <Placemark>
                <name>Telemetry 23</name>
                <styleUrl>#modifiedtelemetry</styleUrl>
                <TimeSpan>
                  <begin>2026-10-02T15:06:13.923483+00:00</begin>
                  <end>2026-10-02T15:06:14.923483+00:00</end>
                </TimeSpan>
                <Point>
                  <coordinates>8.52228502525266,47.37229205103605,0</coordinates>
                </Point>
              </Placemark>
              <Placemark>
                <name>Telemetry 24</name>
                <styleUrl>#modifiedtelemetry</styleUrl>
                <TimeSpan>
                  <begin>2026-10-02T15:06:14.923483+00:00</begin>
                  <end>2026-10-02T15:06:15.923483+00:00</end>
                </TimeSpan>
                <Point>
                  <coordinates>8.522235729465857,47.37232699608074,0</coordinates>
                </Point>
              </Placemark>
              <Placemark>
                <name>Telemetry 25</name>
                <styleUrl>#modifiedtelemetry</styleUrl>
                <TimeSpan>
                  <begin>2026-10-02T15:06:15.923483+00:00</begin>
                  <end>2026-10-02T15:06:16.923483+00:00</end>
                </TimeSpan>
                <Point>
                  <coordinates>8.522186433679055,47.37236194112542,0</coordinates>
                </Point>
              </Placemark>
              <Placemark>
                <name>Telemetry 26</name>
                <styleUrl>#modifiedtelemetry</styleUrl>
                <TimeSpan>
                  <begin>2026-10-02T15:06:16.923483+00:00</begin>
                  <end>2026-10-02T15:06:17.923483+00:00</end>
                </TimeSpan>
                <Point>
                  <coordinates>8.522137137892253,47.37239688617011,0</coordinates>
                </Point>
              </Placemark>
              <Placemark>
                <name>Telemetry 27</name>
                <styleUrl>#modifiedtelemetry</styleUrl>
                <TimeSpan>
                  <begin>2026-10-02T15:06:17.923483+00:00</begin>
                  <end>2026-10-02T15:06:18.923483+00:00</end>
                </TimeSpan>
                <Point>
                  <coordinates>8.522087838468211,47.37243182886079,0</coordinates>
                </Point>
              </Placemark>
              <Placemark>
                <name>Telemetry 28</name>
                <styleUrl>#modifiedtelemetry</styleUrl>
                <TimeSpan>
                  <begin>2026-10-02T15:06:18.923483+00:00</begin>
                  <end>2026-10-02T15:06:19.923483+00:00</end>
                </TimeSpan>
                <Point>
                  <coordinates>8.522032112466293,47.37247131013179,0</coordinates>
                </Point>
              </Placemark>
              <Placemark>
                <name>Telemetry 29</name>
                <styleUrl>#modifiedtelemetry</styleUrl>
                <TimeSpan>
                  <begin>2026-10-02T15:06:19.923483+00:00</begin>
                  <end>2026-10-02T15:06:20.923483+00:00</end>
                </TimeSpan>
                <Point>
                  <coordinates>8.521976386464376,47.37251079140279,0</coordinates>
                </Point>
              </Placemark>
              <Placemark>
                <name>Telemetry 30</name>
                <styleUrl>#modifiedtelemetry</styleUrl>
                <TimeSpan>
                  <begin>2026-10-02T15:06:20.923483+00:00</begin>
                  <end>2026-10-02T15:06:21.923483+00:00</end>
                </TimeSpan>
                <Point>
                  <coordinates>8.521920660462458,47.37255027267379,0</coordinates>
                </Point>
              </Placemark>
              <Placemark>
                <name>Telemetry 31</name>
                <styleUrl>#modifiedtelemetry</styleUrl>
                <TimeSpan>
                  <begin>2026-10-02T15:06:21.923483+00:00</begin>
                  <end>2026-10-02T15:06:22.923483+00:00</end>
                </TimeSpan>
                <Point>
                  <coordinates>8.521864934460542,47.37258975394479,0</coordinates>
                </Point>
              </Placemark>
              <Placemark>
                <name>Telemetry 32</name>
                <styleUrl>#modifiedtelemetry</styleUrl>
                <TimeSpan>
                  <begin>2026-10-02T15:06:22.923483+00:00</begin>
                  <end>2026-10-02T15:06:23.923483+00:00</end>
                </TimeSpan>
                <Point>
                  <coordinates>8.521809208458624,47.37262923521579,0</coordinates>
                </Point>
              </Placemark>
              <Placemark>
                <name>Telemetry 33</name>
                <styleUrl>#modifiedtelemetry</styleUrl>
                <TimeSpan>
                  <begin>2026-10-02T15:06:23.923483+00:00</begin>
                  <end>2026-10-02T15:06:24.923483+00:00</end>
                </TimeSpan>
                <Point>
                  <coordinates>8.521753482456708,47.372668716486785,0</coordinates>
                </Point>
              </Placemark>
              <Placemark>
                <name>Telemetry 34</name>
                <styleUrl>#modifiedtelemetry</styleUrl>
                <TimeSpan>
                  <begin>2026-10-02T15:06:24.923483+00:00</begin>
                  <end>2026-10-02T15:06:25.923483+00:00</end>
                </TimeSpan>
                <Point>
                  <coordinates>8.521697756454788,47.37270819775779,0</coordinates>
                </Point>
              </Placemark>
              <Placemark>
                <name>Telemetry 35</name>
                <styleUrl>#modifiedtelemetry</styleUrl>
                <TimeSpan>
                  <begin>2026-10-02T15:06:25.923483+00:00</begin>
                  <end>2026-10-02T15:06:26.923483+00:00</end>
                </TimeSpan>
                <Point>
                  <coordinates>8.52164203045287,47.372747679028784,0</coordinates>
                </Point>
              </Placemark>
              <Placemark>
                <name>Telemetry 36</name>
                <styleUrl>#modifiedtelemetry</styleUrl>
                <TimeSpan>
                  <begin>2026-10-02T15:06:26.923483+00:00</begin>
                  <end>2026-10-02T15:06:27.923483+00:00</end>
                </TimeSpan>
                <Point>
                  <coordinates>8.521586304450953,47.37278716029979,0</coordinates>
                </Point>
              </Placemark>
              <Placemark>
                <name>Telemetry 37</name>
                <styleUrl>#modifiedtelemetry</styleUrl>
                <TimeSpan>
                  <begin>2026-10-02T15:06:27.923483+00:00</begin>
                  <end>2026-10-02T15:06:28.923483+00:00</end>
                </TimeSpan>
                <Point>
                  <coordinates>8.521530578449035,47.37282664157078,0</coordinates>
                </Point>
              </Placemark>
              <Placemark>
                <name>Telemetry 38</name>
                <styleUrl>#modifiedtelemetry</styleUrl>
                <TimeSpan>
                  <begin>2026-10-02T15:06:28.923483+00:00</begin>
                  <end>2026-10-02T15:06:29.923483+00:00</end>
                </TimeSpan>
                <Point>
                  <coordinates>8.521474852447117,47.372866122841785,0</coordinates>
                </Point>
              </Placemark>
              <Placemark>
                <name>Telemetry 39</name>
                <styleUrl>#modifiedtelemetry</styleUrl>
                <TimeSpan>
                  <begin>2026-10-02T15:06:29.923483+00:00</begin>
                  <end>2026-10-02T15:06:30.923483+00:00</end>
                </TimeSpan>
                <Point>
                  <coordinates>8.5214191264452,47.37290560411278,0</coordinates>
                </Point>
              </Placemark>
              <Placemark>
                <name>Telemetry 40</name>
                <styleUrl>#modifiedtelemetry</styleUrl>
                <TimeSpan>
                  <begin>2026-10-02T15:06:30.923483+00:00</begin>
                  <end>2026-10-02T15:06:31.923483+00:00</end>
                </TimeSpan>
                <Point>
                  <coordinates>8.521363400443283,47.37294508538378,0</coordinates>
                </Point>
              </Placemark>
              <Placemark>
                <name>Telemetry 41</name>
                <styleUrl>#modifiedtelemetry</styleUrl>
                <TimeSpan>
                  <begin>2026-10-02T15:06:31.923483+00:00</begin>
                  <end>2026-10-02T15:06:32.923483+00:00</end>
                </TimeSpan>
                <Point>
                  <coordinates>8.521307674441365,47.37298456665478,0</coordinates>
                </Point>
              </Placemark>
              <Placemark>
                <name>Telemetry 42</name>
                <styleUrl>#modifiedtelemetry</styleUrl>
                <TimeSpan>
                  <begin>2026-10-02T15:06:32.923483+00:00</begin>
                  <end>2026-10-02T15:06:33.923483+00:00</end>
                </TimeSpan>
                <Point>
                  <coordinates>8.521251948439447,47.37302404792578,0</coordinates>
                </Point>
              </Placemark>
              <Placemark>
                <name>Telemetry 43</name>
                <styleUrl>#modifiedtelemetry</styleUrl>
                <TimeSpan>
                  <begin>2026-10-02T15:06:33.923483+00:00</begin>
                  <end>2026-10-02T15:06:34.923483+00:00</end>
                </TimeSpan>
                <Point>
                  <coordinates>8.52119622243753,47.37306352919678,0</coordinates>
                </Point>
              </Placemark>
              <Placemark>
                <name>Telemetry 44</name>
                <styleUrl>#modifiedtelemetry</styleUrl>
                <TimeSpan>
                  <begin>2026-10-02T15:06:34.923483+00:00</begin>
                  <end>2026-10-02T15:06:35.923483+00:00</end>
                </TimeSpan>
                <Point>
                  <coordinates>8.521140496435612,47.37310301046778,0</coordinates>
                </Point>
              </Placemark>
              <Placemark>
                <name>Telemetry 45</name>
                <styleUrl>#modifiedtelemetry</styleUrl>
                <TimeSpan>
                  <begin>2026-10-02T15:06:35.923483+00:00</begin>
                  <end>2026-10-02T15:06:36.923483+00:00</end>
                </TimeSpan>
                <Point>
                  <coordinates>8.521084770433694,47.373142491738776,0</coordinates>
                </Point>
              </Placemark>
              <Placemark>
                <name>Telemetry 46</name>
                <styleUrl>#modifiedtelemetry</styleUrl>
                <TimeSpan>
                  <begin>2026-10-02T15:06:36.923483+00:00</begin>
                  <end>2026-10-02T15:06:37.923483+00:00</end>
                </TimeSpan>
                <Point>
                  <coordinates>8.521029997240193,47.37318257084312,0</coordinates>
                </Point>
              </Placemark>
              <Placemark>
                <name>Telemetry 47</name>
                <styleUrl>#modifiedtelemetry</styleUrl>
                <TimeSpan>
                  <begin>2026-10-02T15:06:37.923483+00:00</begin>
                  <end>2026-10-02T15:06:38.923483+00:00</end>
                </TimeSpan>
                <Point>
                  <coordinates>8.520963533997929,47.37323270220549,0</coordinates>
                </Point>
              </Placemark>
              <Placemark>
                <name>Telemetry 48</name>
                <styleUrl>#modifiedtelemetry</styleUrl>
                <TimeSpan>
                  <begin>2026-10-02T15:06:38.923483+00:00</begin>
                  <end>2026-10-02T15:06:39.923483+00:00</end>
                </TimeSpan>
                <Point>
                  <coordinates>8.520897070755662,47.37328283356786,0</coordinates>
                </Point>
              </Placemark>
              <Placemark>
                <name>Telemetry 49</name>
                <styleUrl>#modifiedtelemetry</styleUrl>
                <TimeSpan>
                  <begin>2026-10-02T15:06:39.923483+00:00</begin>
                  <end>2026-10-02T15:06:40.923483+00:00</end>
                </TimeSpan>
                <Point>
                  <coordinates>8.520830607513398,47.37333296493023,0</coordinates>
                </Point>
              </Placemark>
              <Placemark>
                <name>Telemetry 50</name>
                <styleUrl>#modifiedtelemetry</styleUrl>
                <TimeSpan>
                  <begin>2026-10-02T15:06:40.923483+00:00</begin>
                  <end>2026-10-02T15:06:41.923483+00:00</end>
                </TimeSpan>
                <Point>
                  <coordinates>8.520764144271133,47.3733830962926,0</coordinates>
                </Point>
              </Placemark>
              <Placemark>
                <name>Telemetry 51</name>
                <styleUrl>#modifiedtelemetry</styleUrl>
                <TimeSpan>
                  <begin>2026-10-02T15:06:41.923483+00:00</begin>
                  <end>2026-10-02T15:06:42.923483+00:00</end>
                </TimeSpan>
                <Point>
                  <coordinates>8.520697681028867,47.37343322765497,0</coordinates>
                </Point>
              </Placemark>
              <Placemark>
                <name>Telemetry 52</name>
                <styleUrl>#modifiedtelemetry</styleUrl>
                <TimeSpan>
                  <begin>2026-10-02T15:06:42.923483+00:00</begin>
                  <end>2026-10-02T15:06:43.923483+00:00</end>
                </TimeSpan>
                <Point>
                  <coordinates>8.520631217786603,47.373483359017335,0</coordinates>
                </Point>
              </Placemark>
              <Placemark>
                <name>Telemetry 53</name>
                <styleUrl>#modifiedtelemetry</styleUrl>
                <TimeSpan>
                  <begin>2026-10-02T15:06:43.923483+00:00</begin>
                  <end>2026-10-02T15:06:44.923483+00:00</end>
                </TimeSpan>
                <Point>
                  <coordinates>8.520564754544338,47.37353349037971,0</coordinates>
                </Point>
              </Placemark>
              <Placemark>
                <name>Telemetry 54</name>
                <styleUrl>#modifiedtelemetry</styleUrl>
                <TimeSpan>
                  <begin>2026-10-02T15:06:44.923483+00:00</begin>
                  <end>2026-10-02T15:06:45.923483+00:00</end>
                </TimeSpan>
                <Point>
                  <coordinates>8.520498291302074,47.37358362174207,0</coordinates>
                </Point>
              </Placemark>
              <Placemark>
                <name>Telemetry 55</name>
                <styleUrl>#modifiedtelemetry</styleUrl>
                <TimeSpan>
                  <begin>2026-10-02T15:06:45.923483+00:00</begin>
                  <end>2026-10-02T15:06:46.923483+00:00</end>
                </TimeSpan>
                <Point>
                  <coordinates>8.520431828059808,47.37363375310444,0</coordinates>
                </Point>
              </Placemark>
              <Placemark>
                <name>Telemetry 56</name>
                <styleUrl>#modifiedtelemetry</styleUrl>
                <TimeSpan>
                  <begin>2026-10-02T15:06:46.923483+00:00</begin>
                  <end>2026-10-02T15:06:47.923483+00:00</end>
                </TimeSpan>
                <Point>
                  <coordinates>8.520365364817543,47.373683884466814,0</coordinates>
                </Point>
              </Placemark>
              <Placemark>
                <name>Telemetry 57</name>
                <styleUrl>#modifiedtelemetry</styleUrl>
                <TimeSpan>
                  <begin>2026-10-02T15:06:47.923483+00:00</begin>
                  <end>2026-10-02T15:06:48.923483+00:00</end>
                </TimeSpan>
                <Point>
                  <coordinates>8.520303903282091,47.37373680594896,0</coordinates>
                </Point>
              </Placemark>
              <Placemark>
                <name>Telemetry 58</name>
                <styleUrl>#modifiedtelemetry</styleUrl>
                <TimeSpan>
                  <begin>2026-10-02T15:06:48.923483+00:00</begin>
                  <end>2026-10-02T15:06:49.923483+00:00</end>
                </TimeSpan>
                <Point>
                  <coordinates>8.520235595452737,47.373798117289056,0</coordinates>
                </Point>
              </Placemark>
              <Placemark>
                <name>Telemetry 59</name>
                <styleUrl>#modifiedtelemetry</styleUrl>
                <TimeSpan>
                  <begin>2026-10-02T15:06:49.923483+00:00</begin>
                  <end>2026-10-02T15:06:50.923483+00:00</end>
                </TimeSpan>
                <Point>
                  <coordinates>8.520167287623382,47.373859428629146,0</coordinates>
                </Point>
              </Placemark>
              <Placemark>
                <name>Telemetry 60</name>
                <styleUrl>#modifiedtelemetry</styleUrl>
                <TimeSpan>
                  <begin>2026-10-02T15:06:50.923483+00:00</begin>
                  <end>2026-10-02T15:06:51.923483+00:00</end>
                </TimeSpan>
                <Point>
                  <coordinates>8.520098979794028,47.37392073996924,0</coordinates>
                </Point>
              </Placemark>
              <Placemark>
                <name>Telemetry 61</name>
                <styleUrl>#modifiedtelemetry</styleUrl>
                <TimeSpan>
                  <begin>2026-10-02T15:06:51.923483+00:00</begin>
                  <end>2026-10-02T15:06:52.923483+00:00</end>
                </TimeSpan>
                <Point>
                  <coordinates>8.520030671964673,47.37398205130934,0</coordinates>
                </Point>
              </Placemark>
              <Placemark>
                <name>Telemetry 62</name>
                <styleUrl>#modifiedtelemetry</styleUrl>
                <TimeSpan>
                  <begin>2026-10-02T15:06:52.923483+00:00</begin>
                  <end>2026-10-02T15:06:53.923483+00:00</end>
                </TimeSpan>
                <Point>
                  <coordinates>8.519962364135319,47.37404336264943,0</coordinates>
                </Point>
              </Placemark>
              <Placemark>
                <name>Telemetry 63</name>
                <styleUrl>#modifiedtelemetry</styleUrl>
                <TimeSpan>
                  <begin>2026-10-02T15:06:53.923483+00:00</begin>
                  <end>2026-10-02T15:06:54.923483+00:00</end>
                </TimeSpan>
                <Point>
                  <coordinates>8.519895098918301,47.374105167193115,0</coordinates>
                </Point>
              </Placemark>
            </Folder>
          </Folder>
        </Folder>
        <Folder>
          <name>Service Provider polling</name>
        </Folder>
        <Folder>
          <name>Service Provider polling</name>
        </Folder>
        <Folder>
          <name>Service Provider polling</name>
        </Folder>
        <Folder>
          <name>Service Provider polling</name>
        </Folder>
        <Folder>
          <name>Service Provider polling</name>
        </Folder>
        <Folder>
          <name>Verify operator notification</name>
        </Folder>
        <Folder>
          <name>Intermediate cleanup</name>
        </Folder>
        <Folder>
          <name>Retrieve pre-existing operator notification</name>
        </Folder>
        <Folder>
          <name>Injection</name>
          <Folder>
            <name>E24: uss1 interuss.automated_testing.rid.v1.injection.createTest</name>
            <Folder>
              <name>Test flight db268de3-3050-40c4-a2cd-207bb577b942</name>
              <Placemark>
                <name>Telemetry 0</name>
                <styleUrl>#modifiedtelemetry</styleUrl>
                <TimeSpan>
                  <begin>2026-10-02T15:06:01.409583+00:00</begin>
                  <end>2026-10-02T15:06:02.409583+00:00</end>
                </TimeSpan>
                <Point>
                  <coordinates>8.523321827032547,47.3715045208158,0</coordinates>
                </Point>
              </Placemark>
              <Placemark>
                <name>Telemetry 1</name>
                <styleUrl>#modifiedtelemetry</styleUrl>
                <TimeSpan>
                  <begin>2026-10-02T15:06:02.409583+00:00</begin>
                  <end>2026-10-02T15:06:03.409583+00:00</end>
                </TimeSpan>
                <Point>
                  <coordinates>8.523282890548819,47.371540881223694,0</coordinates>
                </Point>
              </Placemark>
              <Placemark>
                <name>Telemetry 2</name>
                <styleUrl>#modifiedtelemetry</styleUrl>
                <TimeSpan>
                  <begin>2026-10-02T15:06:03.409583+00:00</begin>
                  <end>2026-10-02T15:06:04.409583+00:00</end>
                </TimeSpan>
                <Point>
                  <coordinates>8.52324395406509,47.37157724163159,0</coordinates>
                </Point>
              </Placemark>
              <Placemark>
                <name>Telemetry 3</name>
                <styleUrl>#modifiedtelemetry</styleUrl>
                <TimeSpan>
                  <begin>2026-10-02T15:06:04.409583+00:00</begin>
                  <end>2026-10-02T15:06:05.409583+00:00</end>
                </TimeSpan>
                <Point>
                  <coordinates>8.523205017581365,47.37161360203949,0</coordinates>
                </Point>
              </Placemark>
              <Placemark>
                <name>Telemetry 4</name>
                <styleUrl>#modifiedtelemetry</styleUrl>
                <TimeSpan>
                  <begin>2026-10-02T15:06:05.409583+00:00</begin>
                  <end>2026-10-02T15:06:06.409583+00:00</end>
                </TimeSpan>
                <Point>
                  <coordinates>8.523166081097637,47.371649962447385,0</coordinates>
                </Point>
              </Placemark>
              <Placemark>
                <name>Telemetry 5</name>
                <styleUrl>#modifiedtelemetry</styleUrl>
                <TimeSpan>
                  <begin>2026-10-02T15:06:06.409583+00:00</begin>
                  <end>2026-10-02T15:06:07.409583+00:00</end>
                </TimeSpan>
                <Point>
                  <coordinates>8.523118769605144,47.37168134446735,0</coordinates>
                </Point>
              </Placemark>
              <Placemark>
                <name>Telemetry 6</name>
                <styleUrl>#modifiedtelemetry</styleUrl>
                <TimeSpan>
                  <begin>2026-10-02T15:06:07.409583+00:00</begin>
                  <end>2026-10-02T15:06:08.409583+00:00</end>
                </TimeSpan>
                <Point>
                  <coordinates>8.523070583658326,47.37171220668214,0</coordinates>
                </Point>
              </Placemark>
              <Placemark>
                <name>Telemetry 7</name>
                <styleUrl>#modifiedtelemetry</styleUrl>
                <TimeSpan>
                  <begin>2026-10-02T15:06:08.409583+00:00</begin>
                  <end>2026-10-02T15:06:09.409583+00:00</end>
                </TimeSpan>
                <Point>
                  <coordinates>8.523022397711506,47.371743068896926,0</coordinates>
                </Point>
              </Placemark>
              <Placemark>
                <name>Telemetry 8</name>
                <styleUrl>#modifiedtelemetry</styleUrl>
                <TimeSpan>
                  <begin>2026-10-02T15:06:09.409583+00:00</begin>
                  <end>2026-10-02T15:06:10.409583+00:00</end>
                </TimeSpan>
                <Point>
                  <coordinates>8.5229757392881,47.371774910132885,0</coordinates>
                </Point>
              </Placemark>
              <Placemark>
                <name>Telemetry 9</name>
                <styleUrl>#modifiedtelemetry</styleUrl>
                <TimeSpan>
                  <begin>2026-10-02T15:06:10.409583+00:00</begin>
                  <end>2026-10-02T15:06:11.409583+00:00</end>
                </TimeSpan>
                <Point>
                  <coordinates>8.522932891599606,47.371809193747204,0</coordinates>
                </Point>
              </Placemark>
              <Placemark>
                <name>Telemetry 10</name>
                <styleUrl>#modifiedtelemetry</styleUrl>
                <TimeSpan>
                  <begin>2026-10-02T15:06:11.409583+00:00</begin>
                  <end>2026-10-02T15:06:12.409583+00:00</end>
                </TimeSpan>
                <Point>
                  <coordinates>8.522890043911113,47.37184347736152,0</coordinates>
                </Point>
              </Placemark>
              <Placemark>
                <name>Telemetry 11</name>
                <styleUrl>#modifiedtelemetry</styleUrl>
                <TimeSpan>
                  <begin>2026-10-02T15:06:12.409583+00:00</begin>
                  <end>2026-10-02T15:06:13.409583+00:00</end>
                </TimeSpan>
                <Point>
                  <coordinates>8.52284719622262,47.37187776097584,0</coordinates>
                </Point>
              </Placemark>
              <Placemark>
                <name>Telemetry 12</name>
                <styleUrl>#modifiedtelemetry</styleUrl>
                <TimeSpan>
                  <begin>2026-10-02T15:06:13.409583+00:00</begin>
                  <end>2026-10-02T15:06:14.409583+00:00</end>
                </TimeSpan>
                <Point>
                  <coordinates>8.522804348534127,47.37191204459016,0</coordinates>
                </Point>
              </Placemark>
              <Placemark>
                <name>Telemetry 13</name>
                <styleUrl>#modifiedtelemetry</styleUrl>
                <TimeSpan>
                  <begin>2026-10-02T15:06:14.409583+00:00</begin>
                  <end>2026-10-02T15:06:15.409583+00:00</end>
                </TimeSpan>
                <Point>
                  <coordinates>8.522761500845634,47.37194632820448,0</coordinates>
                </Point>
              </Placemark>
              <Placemark>
                <name>Telemetry 14</name>
                <styleUrl>#modifiedtelemetry</styleUrl>
                <TimeSpan>
                  <begin>2026-10-02T15:06:15.409583+00:00</begin>
                  <end>2026-10-02T15:06:16.409583+00:00</end>
                </TimeSpan>
                <Point>
                  <coordinates>8.522718653157142,47.371980611818806,0</coordinates>
                </Point>
              </Placemark>
              <Placemark>
                <name>Telemetry 15</name>
                <styleUrl>#modifiedtelemetry</styleUrl>
                <TimeSpan>
                  <begin>2026-10-02T15:06:16.409583+00:00</begin>
                  <end>2026-10-02T15:06:17.409583+00:00</end>
                </TimeSpan>
                <Point>
                  <coordinates>8.522675805468648,47.372014895433125,0</coordinates>
                </Point>
              </Placemark>
              <Placemark>
                <name>Telemetry 16</name>
                <styleUrl>#modifiedtelemetry</styleUrl>
                <TimeSpan>
                  <begin>2026-10-02T15:06:17.409583+00:00</begin>
                  <end>2026-10-02T15:06:18.409583+00:00</end>
                </TimeSpan>
                <Point>
                  <coordinates>8.522630095760274,47.37204743572325,0</coordinates>
                </Point>
              </Placemark>
              <Placemark>
                <name>Telemetry 17</name>
                <styleUrl>#modifiedtelemetry</styleUrl>
                <TimeSpan>
                  <begin>2026-10-02T15:06:18.409583+00:00</begin>
                  <end>2026-10-02T15:06:19.409583+00:00</end>
                </TimeSpan>
                <Point>
                  <coordinates>8.522580799973472,47.372082380767935,0</coordinates>
                </Point>
              </Placemark>
              <Placemark>
                <name>Telemetry 18</name>
                <styleUrl>#modifiedtelemetry</styleUrl>
                <TimeSpan>
                  <begin>2026-10-02T15:06:19.409583+00:00</begin>
                  <end>2026-10-02T15:06:20.409583+00:00</end>
                </TimeSpan>
                <Point>
                  <coordinates>8.52253150418667,47.372117325812624,0</coordinates>
                </Point>
              </Placemark>
              <Placemark>
                <name>Telemetry 19</name>
                <styleUrl>#modifiedtelemetry</styleUrl>
                <TimeSpan>
                  <begin>2026-10-02T15:06:20.409583+00:00</begin>
                  <end>2026-10-02T15:06:21.409583+00:00</end>
                </TimeSpan>
                <Point>
                  <coordinates>8.52248220839987,47.372152270857306,0</coordinates>
                </Point>
              </Placemark>
              <Placemark>
                <name>Telemetry 20</name>
                <styleUrl>#modifiedtelemetry</styleUrl>
                <TimeSpan>
                  <begin>2026-10-02T15:06:21.409583+00:00</begin>
                  <end>2026-10-02T15:06:22.409583+00:00</end>
                </TimeSpan>
                <Point>
                  <coordinates>8.522432912613064,47.372187215901995,0</coordinates>
                </Point>
              </Placemark>
              <Placemark>
                <name>Telemetry 21</name>
                <styleUrl>#modifiedtelemetry</styleUrl>
                <TimeSpan>
                  <begin>2026-10-02T15:06:22.409583+00:00</begin>
                  <end>2026-10-02T15:06:23.409583+00:00</end>
                </TimeSpan>
                <Point>
                  <coordinates>8.522383616826263,47.37222216094668,0</coordinates>
                </Point>
              </Placemark>
              <Placemark>
                <name>Telemetry 22</name>
                <styleUrl>#modifiedtelemetry</styleUrl>
                <TimeSpan>
                  <begin>2026-10-02T15:06:23.409583+00:00</begin>
                  <end>2026-10-02T15:06:24.409583+00:00</end>
                </TimeSpan>
                <Point>
                  <coordinates>8.52233432103946,47.372257105991366,0</coordinates>
                </Point>
              </Placemark>
              <Placemark>
                <name>Telemetry 23</name>
                <styleUrl>#modifiedtelemetry</styleUrl>
                <TimeSpan>
                  <begin>2026-10-02T15:06:24.409583+00:00</begin>
                  <end>2026-10-02T15:06:25.409583+00:00</end>
                </TimeSpan>
                <Point>
                  <coordinates>8.52228502525266,47.37229205103605,0</coordinates>
                </Point>
              </Placemark>
              <Placemark>
                <name>Telemetry 24</name>
                <styleUrl>#modifiedtelemetry</styleUrl>
                <TimeSpan>
                  <begin>2026-10-02T15:06:25.409583+00:00</begin>
                  <end>2026-10-02T15:06:26.409583+00:00</end>
                </TimeSpan>
                <Point>
                  <coordinates>8.522235729465857,47.37232699608074,0</coordinates>
                </Point>
              </Placemark>
              <Placemark>
                <name>Telemetry 25</name>
                <styleUrl>#modifiedtelemetry</styleUrl>
                <TimeSpan>
                  <begin>2026-10-02T15:06:26.409583+00:00</begin>
                  <end>2026-10-02T15:06:27.409583+00:00</end>
                </TimeSpan>
                <Point>
                  <coordinates>8.522186433679055,47.37236194112542,0</coordinates>
                </Point>
              </Placemark>
              <Placemark>
                <name>Telemetry 26</name>
                <styleUrl>#modifiedtelemetry</styleUrl>
                <TimeSpan>
                  <begin>2026-10-02T15:06:27.409583+00:00</begin>
                  <end>2026-10-02T15:06:28.409583+00:00</end>
                </TimeSpan>
                <Point>
                  <coordinates>8.522137137892253,47.37239688617011,0</coordinates>
                </Point>
              </Placemark>
              <Placemark>
                <name>Telemetry 27</name>
                <styleUrl>#modifiedtelemetry</styleUrl>
                <TimeSpan>
                  <begin>2026-10-02T15:06:28.409583+00:00</begin>
                  <end>2026-10-02T15:06:29.409583+00:00</end>
                </TimeSpan>
                <Point>
                  <coordinates>8.522087838468211,47.37243182886079,0</coordinates>
                </Point>
              </Placemark>
              <Placemark>
                <name>Telemetry 28</name>
                <styleUrl>#modifiedtelemetry</styleUrl>
                <TimeSpan>
                  <begin>2026-10-02T15:06:29.409583+00:00</begin>
                  <end>2026-10-02T15:06:30.409583+00:00</end>
                </TimeSpan>
                <Point>
                  <coordinates>8.522032112466293,47.37247131013179,0</coordinates>
                </Point>
              </Placemark>
              <Placemark>
                <name>Telemetry 29</name>
                <styleUrl>#modifiedtelemetry</styleUrl>
                <TimeSpan>
                  <begin>2026-10-02T15:06:30.409583+00:00</begin>
                  <end>2026-10-02T15:06:31.409583+00:00</end>
                </TimeSpan>
                <Point>
                  <coordinates>8.521976386464376,47.37251079140279,0</coordinates>
                </Point>
              </Placemark>
              <Placemark>
                <name>Telemetry 30</name>
                <styleUrl>#modifiedtelemetry</styleUrl>
                <TimeSpan>
                  <begin>2026-10-02T15:06:31.409583+00:00</begin>
                  <end>2026-10-02T15:06:32.409583+00:00</end>
                </TimeSpan>
                <Point>
                  <coordinates>8.521920660462458,47.37255027267379,0</coordinates>
                </Point>
              </Placemark>
              <Placemark>
                <name>Telemetry 31</name>
                <styleUrl>#modifiedtelemetry</styleUrl>
                <TimeSpan>
                  <begin>2026-10-02T15:06:32.409583+00:00</begin>
                  <end>2026-10-02T15:06:33.409583+00:00</end>
                </TimeSpan>
                <Point>
                  <coordinates>8.521864934460542,47.37258975394479,0</coordinates>
                </Point>
              </Placemark>
              <Placemark>
                <name>Telemetry 32</name>
                <styleUrl>#modifiedtelemetry</styleUrl>
                <TimeSpan>
                  <begin>2026-10-02T15:06:33.409583+00:00</begin>
                  <end>2026-10-02T15:06:34.409583+00:00</end>
                </TimeSpan>
                <Point>
                  <coordinates>8.521809208458624,47.37262923521579,0</coordinates>
                </Point>
              </Placemark>
              <Placemark>
                <name>Telemetry 33</name>
                <styleUrl>#modifiedtelemetry</styleUrl>
                <TimeSpan>
                  <begin>2026-10-02T15:06:34.409583+00:00</begin>
                  <end>2026-10-02T15:06:35.409583+00:00</end>
                </TimeSpan>
                <Point>
                  <coordinates>8.521753482456708,47.372668716486785,0</coordinates>
                </Point>
              </Placemark>
              <Placemark>
                <name>Telemetry 34</name>
                <styleUrl>#modifiedtelemetry</styleUrl>
                <TimeSpan>
                  <begin>2026-10-02T15:06:35.409583+00:00</begin>
                  <end>2026-10-02T15:06:36.409583+00:00</end>
                </TimeSpan>
                <Point>
                  <coordinates>8.521697756454788,47.37270819775779,0</coordinates>
                </Point>
              </Placemark>
              <Placemark>
                <name>Telemetry 35</name>
                <styleUrl>#modifiedtelemetry</styleUrl>
                <TimeSpan>
                  <begin>2026-10-02T15:06:36.409583+00:00</begin>
                  <end>2026-10-02T15:06:37.409583+00:00</end>
                </TimeSpan>
                <Point>
                  <coordinates>8.52164203045287,47.372747679028784,0</coordinates>
                </Point>
              </Placemark>
              <Placemark>
                <name>Telemetry 36</name>
                <styleUrl>#modifiedtelemetry</styleUrl>
                <TimeSpan>
                  <begin>2026-10-02T15:06:37.409583+00:00</begin>
                  <end>2026-10-02T15:06:38.409583+00:00</end>
                </TimeSpan>
                <Point>
                  <coordinates>8.521586304450953,47.37278716029979,0</coordinates>
                </Point>
              </Placemark>
              <Placemark>
                <name>Telemetry 37</name>
                <styleUrl>#modifiedtelemetry</styleUrl>
                <TimeSpan>
                  <begin>2026-10-02T15:06:38.409583+00:00</begin>
                  <end>2026-10-02T15:06:39.409583+00:00</end>
                </TimeSpan>
                <Point>
                  <coordinates>8.521530578449035,47.37282664157078,0</coordinates>
                </Point>
              </Placemark>
              <Placemark>
                <name>Telemetry 38</name>
                <styleUrl>#modifiedtelemetry</styleUrl>
                <TimeSpan>
                  <begin>2026-10-02T15:06:39.409583+00:00</begin>
                  <end>2026-10-02T15:06:40.409583+00:00</end>
                </TimeSpan>
                <Point>
                  <coordinates>8.521474852447117,47.372866122841785,0</coordinates>
                </Point>
              </Placemark>
              <Placemark>
                <name>Telemetry 39</name>
                <styleUrl>#modifiedtelemetry</styleUrl>
                <TimeSpan>
                  <begin>2026-10-02T15:06:40.409583+00:00</begin>
                  <end>2026-10-02T15:06:41.409583+00:00</end>
                </TimeSpan>
                <Point>
                  <coordinates>8.5214191264452,47.37290560411278,0</coordinates>
                </Point>
              </Placemark>
              <Placemark>
                <name>Telemetry 40</name>
                <styleUrl>#modifiedtelemetry</styleUrl>
                <TimeSpan>
                  <begin>2026-10-02T15:06:41.409583+00:00</begin>
                  <end>2026-10-02T15:06:42.409583+00:00</end>
                </TimeSpan>
                <Point>
                  <coordinates>8.521363400443283,47.37294508538378,0</coordinates>
                </Point>
              </Placemark>
              <Placemark>
                <name>Telemetry 41</name>
                <styleUrl>#modifiedtelemetry</styleUrl>
                <TimeSpan>
                  <begin>2026-10-02T15:06:42.409583+00:00</begin>
                  <end>2026-10-02T15:06:43.409583+00:00</end>
                </TimeSpan>
                <Point>
                  <coordinates>8.521307674441365,47.37298456665478,0</coordinates>
                </Point>
              </Placemark>
              <Placemark>
                <name>Telemetry 42</name>
                <styleUrl>#modifiedtelemetry</styleUrl>
                <TimeSpan>
                  <begin>2026-10-02T15:06:43.409583+00:00</begin>
                  <end>2026-10-02T15:06:44.409583+00:00</end>
                </TimeSpan>
                <Point>
                  <coordinates>8.521251948439447,47.37302404792578,0</coordinates>
                </Point>
              </Placemark>
              <Placemark>
                <name>Telemetry 43</name>
                <styleUrl>#modifiedtelemetry</styleUrl>
                <TimeSpan>
                  <begin>2026-10-02T15:06:44.409583+00:00</begin>
                  <end>2026-10-02T15:06:45.409583+00:00</end>
                </TimeSpan>
                <Point>
                  <coordinates>8.52119622243753,47.37306352919678,0</coordinates>
                </Point>
              </Placemark>
              <Placemark>
                <name>Telemetry 44</name>
                <styleUrl>#modifiedtelemetry</styleUrl>
                <TimeSpan>
                  <begin>2026-10-02T15:06:45.409583+00:00</begin>
                  <end>2026-10-02T15:06:46.409583+00:00</end>
                </TimeSpan>
                <Point>
                  <coordinates>8.521140496435612,47.37310301046778,0</coordinates>
                </Point>
              </Placemark>
              <Placemark>
                <name>Telemetry 45</name>
                <styleUrl>#modifiedtelemetry</styleUrl>
                <TimeSpan>
                  <begin>2026-10-02T15:06:46.409583+00:00</begin>
                  <end>2026-10-02T15:06:47.409583+00:00</end>
                </TimeSpan>
                <Point>
                  <coordinates>8.521084770433694,47.373142491738776,0</coordinates>
                </Point>
              </Placemark>
              <Placemark>
                <name>Telemetry 46</name>
                <styleUrl>#modifiedtelemetry</styleUrl>
                <TimeSpan>
                  <begin>2026-10-02T15:06:47.409583+00:00</begin>
                  <end>2026-10-02T15:06:48.409583+00:00</end>
                </TimeSpan>
                <Point>
                  <coordinates>8.521029997240193,47.37318257084312,0</coordinates>
                </Point>
              </Placemark>
              <Placemark>
                <name>Telemetry 47</name>
                <styleUrl>#modifiedtelemetry</styleUrl>
                <TimeSpan>
                  <begin>2026-10-02T15:06:48.409583+00:00</begin>
                  <end>2026-10-02T15:06:49.409583+00:00</end>
                </TimeSpan>
                <Point>
                  <coordinates>8.520963533997929,47.37323270220549,0</coordinates>
                </Point>
              </Placemark>
              <Placemark>
                <name>Telemetry 48</name>
                <styleUrl>#modifiedtelemetry</styleUrl>
                <TimeSpan>
                  <begin>2026-10-02T15:06:49.409583+00:00</begin>
                  <end>2026-10-02T15:06:50.409583+00:00</end>
                </TimeSpan>
                <Point>
                  <coordinates>8.520897070755662,47.37328283356786,0</coordinates>
                </Point>
              </Placemark>
              <Placemark>
                <name>Telemetry 49</name>
                <styleUrl>#modifiedtelemetry</styleUrl>
                <TimeSpan>
                  <begin>2026-10-02T15:06:50.409583+00:00</begin>
                  <end>2026-10-02T15:06:51.409583+00:00</end>
                </TimeSpan>
                <Point>
                  <coordinates>8.520830607513398,47.37333296493023,0</coordinates>
                </Point>
              </Placemark>
              <Placemark>
                <name>Telemetry 50</name>
                <styleUrl>#modifiedtelemetry</styleUrl>
                <TimeSpan>
                  <begin>2026-10-02T15:06:51.409583+00:00</begin>
                  <end>2026-10-02T15:06:52.409583+00:00</end>
                </TimeSpan>
                <Point>
                  <coordinates>8.520764144271133,47.3733830962926,0</coordinates>
                </Point>
              </Placemark>
              <Placemark>
                <name>Telemetry 51</name>
                <styleUrl>#modifiedtelemetry</styleUrl>
                <TimeSpan>
                  <begin>2026-10-02T15:06:52.409583+00:00</begin>
                  <end>2026-10-02T15:06:53.409583+00:00</end>
                </TimeSpan>
                <Point>
                  <coordinates>8.520697681028867,47.37343322765497,0</coordinates>
                </Point>
              </Placemark>
              <Placemark>
                <name>Telemetry 52</name>
                <styleUrl>#modifiedtelemetry</styleUrl>
                <TimeSpan>
                  <begin>2026-10-02T15:06:53.409583+00:00</begin>
                  <end>2026-10-02T15:06:54.409583+00:00</end>
                </TimeSpan>
                <Point>
                  <coordinates>8.520631217786603,47.373483359017335,0</coordinates>
                </Point>
              </Placemark>
              <Placemark>
                <name>Telemetry 53</name>
                <styleUrl>#modifiedtelemetry</styleUrl>
                <TimeSpan>
                  <begin>2026-10-02T15:06:54.409583+00:00</begin>
                  <end>2026-10-02T15:06:55.409583+00:00</end>
                </TimeSpan>
                <Point>
                  <coordinates>8.520564754544338,47.37353349037971,0</coordinates>
                </Point>
              </Placemark>
              <Placemark>
                <name>Telemetry 54</name>
                <styleUrl>#modifiedtelemetry</styleUrl>
                <TimeSpan>
                  <begin>2026-10-02T15:06:55.409583+00:00</begin>
                  <end>2026-10-02T15:06:56.409583+00:00</end>
                </TimeSpan>
                <Point>
                  <coordinates>8.520498291302074,47.37358362174207,0</coordinates>
                </Point>
              </Placemark>
              <Placemark>
                <name>Telemetry 55</name>
                <styleUrl>#modifiedtelemetry</styleUrl>
                <TimeSpan>
                  <begin>2026-10-02T15:06:56.409583+00:00</begin>
                  <end>2026-10-02T15:06:57.409583+00:00</end>
                </TimeSpan>
                <Point>
                  <coordinates>8.520431828059808,47.37363375310444,0</coordinates>
                </Point>
              </Placemark>
              <Placemark>
                <name>Telemetry 56</name>
                <styleUrl>#modifiedtelemetry</styleUrl>
                <TimeSpan>
                  <begin>2026-10-02T15:06:57.409583+00:00</begin>
                  <end>2026-10-02T15:06:58.409583+00:00</end>
                </TimeSpan>
                <Point>
                  <coordinates>8.520365364817543,47.373683884466814,0</coordinates>
                </Point>
              </Placemark>
              <Placemark>
                <name>Telemetry 57</name>
                <styleUrl>#modifiedtelemetry</styleUrl>
                <TimeSpan>
                  <begin>2026-10-02T15:06:58.409583+00:00</begin>
                  <end>2026-10-02T15:06:59.409583+00:00</end>
                </TimeSpan>
                <Point>
                  <coordinates>8.520303903282091,47.37373680594896,0</coordinates>
                </Point>
              </Placemark>
              <Placemark>
                <name>Telemetry 58</name>
                <styleUrl>#modifiedtelemetry</styleUrl>
                <TimeSpan>
                  <begin>2026-10-02T15:06:59.409583+00:00</begin>
                  <end>2026-10-02T15:07:00.409583+00:00</end>
                </TimeSpan>
                <Point>
                  <coordinates>8.520235595452737,47.373798117289056,0</coordinates>
                </Point>
              </Placemark>
              <Placemark>
                <name>Telemetry 59</name>
                <styleUrl>#modifiedtelemetry</styleUrl>
                <TimeSpan>
                  <begin>2026-10-02T15:07:00.409583+00:00</begin>
                  <end>2026-10-02T15:07:01.409583+00:00</end>
                </TimeSpan>
                <Point>
                  <coordinates>8.520167287623382,47.373859428629146,0</coordinates>
                </Point>
              </Placemark>
              <Placemark>
                <name>Telemetry 60</name>
                <styleUrl>#modifiedtelemetry</styleUrl>
                <TimeSpan>
                  <begin>2026-10-02T15:07:01.409583+00:00</begin>
                  <end>2026-10-02T15:07:02.409583+00:00</end>
                </TimeSpan>
                <Point>
                  <coordinates>8.520098979794028,47.37392073996924,0</coordinates>
                </Point>
              </Placemark>
              <Placemark>
                <name>Telemetry 61</name>
                <styleUrl>#modifiedtelemetry</styleUrl>
                <TimeSpan>
                  <begin>2026-10-02T15:07:02.409583+00:00</begin>
                  <end>2026-10-02T15:07:03.409583+00:00</end>
                </TimeSpan>
                <Point>
                  <coordinates>8.520030671964673,47.37398205130934,0</coordinates>
                </Point>
              </Placemark>
              <Placemark>
                <name>Telemetry 62</name>
                <styleUrl>#modifiedtelemetry</styleUrl>
                <TimeSpan>
                  <begin>2026-10-02T15:07:03.409583+00:00</begin>
                  <end>2026-10-02T15:07:04.409583+00:00</end>
                </TimeSpan>
                <Point>
                  <coordinates>8.519962364135319,47.37404336264943,0</coordinates>
                </Point>
              </Placemark>
              <Placemark>
                <name>Telemetry 63</name>
                <styleUrl>#modifiedtelemetry</styleUrl>
                <TimeSpan>
                  <begin>2026-10-02T15:07:04.409583+00:00</begin>
                  <end>2026-10-02T15:07:05.409583+00:00</end>
                </TimeSpan>
                <Point>
                  <coordinates>8.519895098918301,47.374105167193115,0</coordinates>
                </Point>
              </Placemark>
            </Folder>
          </Folder>
        </Folder>
        <Folder>
          <name>Service Provider polling</name>
        </Folder>
        <Folder>
          <name>Service Provider polling</name>
        </Folder>
        <Folder>
          <name>Service Provider polling</name>
        </Folder>
        <Folder>
          <name>Service Provider polling</name>
        </Folder>
        <Folder>
          <name>Service Provider polling</name>
        </Folder>
        <Folder>
          <name>Verify operator notification</name>
        </Folder>
        <Folder>
          <name>Intermediate cleanup</name>
        </Folder>
        <Folder>
          <name>Retrieve pre-existing operator notification</name>
        </Folder>
        <Folder>
          <name>Injection</name>
          <Folder>
            <name>E44: uss1 interuss.automated_testing.rid.v1.injection.createTest</name>
            <Folder>
              <name>Test flight a3d9e286-ff4a-4f3d-84f2-50db6ae8dccd</name>
              <Placemark>
                <name>Telemetry 0</name>
                <styleUrl>#modifiedtelemetry</styleUrl>
                <TimeSpan>
                  <begin>2026-10-02T15:06:11.885977+00:00</begin>
                  <end>2026-10-02T15:06:12.885977+00:00</end>
                </TimeSpan>
                <Point>
                  <coordinates>8.523321827032547,47.3715045208158,0</coordinates>
                </Point>
              </Placemark>
              <Placemark>
                <name>Telemetry 1</name>
                <styleUrl>#modifiedtelemetry</styleUrl>
                <TimeSpan>
                  <begin>2026-10-02T15:06:12.885977+00:00</begin>
                  <end>2026-10-02T15:06:13.885977+00:00</end>
                </TimeSpan>
                <Point>
                  <coordinates>8.523282890548819,47.371540881223694,0</coordinates>
                </Point>
              </Placemark>
              <Placemark>
                <name>Telemetry 2</name>
                <styleUrl>#modifiedtelemetry</styleUrl>
                <TimeSpan>
                  <begin>2026-10-02T15:06:13.885977+00:00</begin>
                  <end>2026-10-02T15:06:14.885977+00:00</end>
                </TimeSpan>
                <Point>
                  <coordinates>8.52324395406509,47.37157724163159,0</coordinates>
                </Point>
              </Placemark>
              <Placemark>
                <name>Telemetry 3</name>
                <styleUrl>#modifiedtelemetry</styleUrl>
                <TimeSpan>
                  <begin>2026-10-02T15:06:14.885977+00:00</begin>
                  <end>2026-10-02T15:06:15.885977+00:00</end>
                </TimeSpan>
                <Point>
                  <coordinates>8.523205017581365,47.37161360203949,0</coordinates>
                </Point>
              </Placemark>
              <Placemark>
                <name>Telemetry 4</name>
                <styleUrl>#modifiedtelemetry</styleUrl>
                <TimeSpan>
                  <begin>2026-10-02T15:06:15.885977+00:00</begin>
                  <end>2026-10-02T15:06:16.885977+00:00</end>
                </TimeSpan>
                <Point>
                  <coordinates>8.523166081097637,47.371649962447385,0</coordinates>
                </Point>
              </Placemark>
              <Placemark>
                <name>Telemetry 5</name>
                <styleUrl>#modifiedtelemetry</styleUrl>
                <TimeSpan>
                  <begin>2026-10-02T15:06:16.885977+00:00</begin>
                  <end>2026-10-02T15:06:17.885977+00:00</end>
                </TimeSpan>
                <Point>
                  <coordinates>8.523118769605144,47.37168134446735,0</coordinates>
                </Point>
              </Placemark>
              <Placemark>
                <name>Telemetry 6</name>
                <styleUrl>#modifiedtelemetry</styleUrl>
                <TimeSpan>
                  <begin>2026-10-02T15:06:17.885977+00:00</begin>
                  <end>2026-10-02T15:06:18.885977+00:00</end>
                </TimeSpan>
                <Point>
                  <coordinates>8.523070583658326,47.37171220668214,0</coordinates>
                </Point>
              </Placemark>
              <Placemark>
                <name>Telemetry 7</name>
                <styleUrl>#modifiedtelemetry</styleUrl>
                <TimeSpan>
                  <begin>2026-10-02T15:06:18.885977+00:00</begin>
                  <end>2026-10-02T15:06:19.885977+00:00</end>
                </TimeSpan>
                <Point>
                  <coordinates>8.523022397711506,47.371743068896926,0</coordinates>
                </Point>
              </Placemark>
              <Placemark>
                <name>Telemetry 8</name>
                <styleUrl>#modifiedtelemetry</styleUrl>
                <TimeSpan>
                  <begin>2026-10-02T15:06:19.885977+00:00</begin>
                  <end>2026-10-02T15:06:20.885977+00:00</end>
                </TimeSpan>
                <Point>
                  <coordinates>8.5229757392881,47.371774910132885,0</coordinates>
                </Point>
              </Placemark>
              <Placemark>
                <name>Telemetry 9</name>
                <styleUrl>#modifiedtelemetry</styleUrl>
                <TimeSpan>
                  <begin>2026-10-02T15:06:20.885977+00:00</begin>
                  <end>2026-10-02T15:06:21.885977+00:00</end>
                </TimeSpan>
                <Point>
                  <coordinates>8.522932891599606,47.371809193747204,0</coordinates>
                </Point>
              </Placemark>
              <Placemark>
                <name>Telemetry 10</name>
                <styleUrl>#modifiedtelemetry</styleUrl>
                <TimeSpan>
                  <begin>2026-10-02T15:06:21.885977+00:00</begin>
                  <end>2026-10-02T15:06:22.885977+00:00</end>
                </TimeSpan>
                <Point>
                  <coordinates>8.522890043911113,47.37184347736152,0</coordinates>
                </Point>
              </Placemark>
              <Placemark>
                <name>Telemetry 11</name>
                <styleUrl>#modifiedtelemetry</styleUrl>
                <TimeSpan>
                  <begin>2026-10-02T15:06:22.885977+00:00</begin>
                  <end>2026-10-02T15:06:23.885977+00:00</end>
                </TimeSpan>
                <Point>
                  <coordinates>8.52284719622262,47.37187776097584,0</coordinates>
                </Point>
              </Placemark>
              <Placemark>
                <name>Telemetry 12</name>
                <styleUrl>#modifiedtelemetry</styleUrl>
                <TimeSpan>
                  <begin>2026-10-02T15:06:23.885977+00:00</begin>
                  <end>2026-10-02T15:06:24.885977+00:00</end>
                </TimeSpan>
                <Point>
                  <coordinates>8.522804348534127,47.37191204459016,0</coordinates>
                </Point>
              </Placemark>
              <Placemark>
                <name>Telemetry 13</name>
                <styleUrl>#modifiedtelemetry</styleUrl>
                <TimeSpan>
                  <begin>2026-10-02T15:06:24.885977+00:00</begin>
                  <end>2026-10-02T15:06:25.885977+00:00</end>
                </TimeSpan>
                <Point>
                  <coordinates>8.522761500845634,47.37194632820448,0</coordinates>
                </Point>
              </Placemark>
              <Placemark>
                <name>Telemetry 14</name>
                <styleUrl>#modifiedtelemetry</styleUrl>
                <TimeSpan>
                  <begin>2026-10-02T15:06:25.885977+00:00</begin>
                  <end>2026-10-02T15:06:26.885977+00:00</end>
                </TimeSpan>
                <Point>
                  <coordinates>8.522718653157142,47.371980611818806,0</coordinates>
                </Point>
              </Placemark>
              <Placemark>
                <name>Telemetry 15</name>
                <styleUrl>#modifiedtelemetry</styleUrl>
                <TimeSpan>
                  <begin>2026-10-02T15:06:26.885977+00:00</begin>
                  <end>2026-10-02T15:06:27.885977+00:00</end>
                </TimeSpan>
                <Point>
                  <coordinates>8.522675805468648,47.372014895433125,0</coordinates>
                </Point>
              </Placemark>
              <Placemark>
                <name>Telemetry 16</name>
                <styleUrl>#modifiedtelemetry</styleUrl>
                <TimeSpan>
                  <begin>2026-10-02T15:06:27.885977+00:00</begin>
                  <end>2026-10-02T15:06:28.885977+00:00</end>
                </TimeSpan>
                <Point>
                  <coordinates>8.522630095760274,47.37204743572325,0</coordinates>
                </Point>
              </Placemark>
              <Placemark>
                <name>Telemetry 17</name>
                <styleUrl>#modifiedtelemetry</styleUrl>
                <TimeSpan>
                  <begin>2026-10-02T15:06:28.885977+00:00</begin>
                  <end>2026-10-02T15:06:29.885977+00:00</end>
                </TimeSpan>
                <Point>
                  <coordinates>8.522580799973472,47.372082380767935,0</coordinates>
                </Point>
              </Placemark>
              <Placemark>
                <name>Telemetry 18</name>
                <styleUrl>#modifiedtelemetry</styleUrl>
                <TimeSpan>
                  <begin>2026-10-02T15:06:29.885977+00:00</begin>
                  <end>2026-10-02T15:06:30.885977+00:00</end>
                </TimeSpan>
                <Point>
                  <coordinates>8.52253150418667,47.372117325812624,0</coordinates>
                </Point>
              </Placemark>
              <Placemark>
                <name>Telemetry 19</name>
                <styleUrl>#modifiedtelemetry</styleUrl>
                <TimeSpan>
                  <begin>2026-10-02T15:06:30.885977+00:00</begin>
                  <end>2026-10-02T15:06:31.885977+00:00</end>
                </TimeSpan>
                <Point>
                  <coordinates>8.52248220839987,47.372152270857306,0</coordinates>
                </Point>
              </Placemark>
              <Placemark>
                <name>Telemetry 20</name>
                <styleUrl>#modifiedtelemetry</styleUrl>
                <TimeSpan>
                  <begin>2026-10-02T15:06:31.885977+00:00</begin>
                  <end>2026-10-02T15:06:32.885977+00:00</end>
                </TimeSpan>
                <Point>
                  <coordinates>8.522432912613064,47.372187215901995,0</coordinates>
                </Point>
              </Placemark>
              <Placemark>
                <name>Telemetry 21</name>
                <styleUrl>#modifiedtelemetry</styleUrl>
                <TimeSpan>
                  <begin>2026-10-02T15:06:32.885977+00:00</begin>
                  <end>2026-10-02T15:06:33.885977+00:00</end>
                </TimeSpan>
                <Point>
                  <coordinates>8.522383616826263,47.37222216094668,0</coordinates>
                </Point>
              </Placemark>
              <Placemark>
                <name>Telemetry 22</name>
                <styleUrl>#modifiedtelemetry</styleUrl>
                <TimeSpan>
                  <begin>2026-10-02T15:06:33.885977+00:00</begin>
                  <end>2026-10-02T15:06:34.885977+00:00</end>
                </TimeSpan>
                <Point>
                  <coordinates>8.52233432103946,47.372257105991366,0</coordinates>
                </Point>
              </Placemark>
              <Placemark>
                <name>Telemetry 23</name>
                <styleUrl>#modifiedtelemetry</styleUrl>
                <TimeSpan>
                  <begin>2026-10-02T15:06:34.885977+00:00</begin>
                  <end>2026-10-02T15:06:35.885977+00:00</end>
                </TimeSpan>
                <Point>
                  <coordinates>8.52228502525266,47.37229205103605,0</coordinates>
                </Point>
              </Placemark>
              <Placemark>
                <name>Telemetry 24</name>
                <styleUrl>#modifiedtelemetry</styleUrl>
                <TimeSpan>
                  <begin>2026-10-02T15:06:35.885977+00:00</begin>
                  <end>2026-10-02T15:06:36.885977+00:00</end>
                </TimeSpan>
                <Point>
                  <coordinates>8.522235729465857,47.37232699608074,0</coordinates>
                </Point>
              </Placemark>
              <Placemark>
                <name>Telemetry 25</name>
                <styleUrl>#modifiedtelemetry</styleUrl>
                <TimeSpan>
                  <begin>2026-10-02T15:06:36.885977+00:00</begin>
                  <end>2026-10-02T15:06:37.885977+00:00</end>
                </TimeSpan>
                <Point>
                  <coordinates>8.522186433679055,47.37236194112542,0</coordinates>
                </Point>
              </Placemark>
              <Placemark>
                <name>Telemetry 26</name>
                <styleUrl>#modifiedtelemetry</styleUrl>
                <TimeSpan>
                  <begin>2026-10-02T15:06:37.885977+00:00</begin>
                  <end>2026-10-02T15:06:38.885977+00:00</end>
                </TimeSpan>
                <Point>
                  <coordinates>8.522137137892253,47.37239688617011,0</coordinates>
                </Point>
              </Placemark>
              <Placemark>
                <name>Telemetry 27</name>
                <styleUrl>#modifiedtelemetry</styleUrl>
                <TimeSpan>
                  <begin>2026-10-02T15:06:38.885977+00:00</begin>
                  <end>2026-10-02T15:06:39.885977+00:00</end>
                </TimeSpan>
                <Point>
                  <coordinates>8.522087838468211,47.37243182886079,0</coordinates>
                </Point>
              </Placemark>
              <Placemark>
                <name>Telemetry 28</name>
                <styleUrl>#modifiedtelemetry</styleUrl>
                <TimeSpan>
                  <begin>2026-10-02T15:06:39.885977+00:00</begin>
                  <end>2026-10-02T15:06:40.885977+00:00</end>
                </TimeSpan>
                <Point>
                  <coordinates>8.522032112466293,47.37247131013179,0</coordinates>
                </Point>
              </Placemark>
              <Placemark>
                <name>Telemetry 29</name>
                <styleUrl>#modifiedtelemetry</styleUrl>
                <TimeSpan>
                  <begin>2026-10-02T15:06:40.885977+00:00</begin>
                  <end>2026-10-02T15:06:41.885977+00:00</end>
                </TimeSpan>
                <Point>
                  <coordinates>8.521976386464376,47.37251079140279,0</coordinates>
                </Point>
              </Placemark>
              <Placemark>
                <name>Telemetry 30</name>
                <styleUrl>#modifiedtelemetry</styleUrl>
                <TimeSpan>
                  <begin>2026-10-02T15:06:41.885977+00:00</begin>
                  <end>2026-10-02T15:06:42.885977+00:00</end>
                </TimeSpan>
                <Point>
                  <coordinates>8.521920660462458,47.37255027267379,0</coordinates>
                </Point>
              </Placemark>
              <Placemark>
                <name>Telemetry 31</name>
                <styleUrl>#modifiedtelemetry</styleUrl>
                <TimeSpan>
                  <begin>2026-10-02T15:06:42.885977+00:00</begin>
                  <end>2026-10-02T15:06:43.885977+00:00</end>
                </TimeSpan>
                <Point>
                  <coordinates>8.521864934460542,47.37258975394479,0</coordinates>
                </Point>
              </Placemark>
              <Placemark>
                <name>Telemetry 32</name>
                <styleUrl>#modifiedtelemetry</styleUrl>
                <TimeSpan>
                  <begin>2026-10-02T15:06:43.885977+00:00</begin>
                  <end>2026-10-02T15:06:44.885977+00:00</end>
                </TimeSpan>
                <Point>
                  <coordinates>8.521809208458624,47.37262923521579,0</coordinates>
                </Point>
              </Placemark>
              <Placemark>
                <name>Telemetry 33</name>
                <styleUrl>#modifiedtelemetry</styleUrl>
                <TimeSpan>
                  <begin>2026-10-02T15:06:44.885977+00:00</begin>
                  <end>2026-10-02T15:06:45.885977+00:00</end>
                </TimeSpan>
                <Point>
                  <coordinates>8.521753482456708,47.372668716486785,0</coordinates>
                </Point>
              </Placemark>
              <Placemark>
                <name>Telemetry 34</name>
                <styleUrl>#modifiedtelemetry</styleUrl>
                <TimeSpan>
                  <begin>2026-10-02T15:06:45.885977+00:00</begin>
                  <end>2026-10-02T15:06:46.885977+00:00</end>
                </TimeSpan>
                <Point>
                  <coordinates>8.521697756454788,47.37270819775779,0</coordinates>
                </Point>
              </Placemark>
              <Placemark>
                <name>Telemetry 35</name>
                <styleUrl>#modifiedtelemetry</styleUrl>
                <TimeSpan>
                  <begin>2026-10-02T15:06:46.885977+00:00</begin>
                  <end>2026-10-02T15:06:47.885977+00:00</end>
                </TimeSpan>
                <Point>
                  <coordinates>8.52164203045287,47.372747679028784,0</coordinates>
                </Point>
              </Placemark>
              <Placemark>
                <name>Telemetry 36</name>
                <styleUrl>#modifiedtelemetry</styleUrl>
                <TimeSpan>
                  <begin>2026-10-02T15:06:47.885977+00:00</begin>
                  <end>2026-10-02T15:06:48.885977+00:00</end>
                </TimeSpan>
                <Point>
                  <coordinates>8.521586304450953,47.37278716029979,0</coordinates>
                </Point>
              </Placemark>
              <Placemark>
                <name>Telemetry 37</name>
                <styleUrl>#modifiedtelemetry</styleUrl>
                <TimeSpan>
                  <begin>2026-10-02T15:06:48.885977+00:00</begin>
                  <end>2026-10-02T15:06:49.885977+00:00</end>
                </TimeSpan>
                <Point>
                  <coordinates>8.521530578449035,47.37282664157078,0</coordinates>
                </Point>
              </Placemark>
              <Placemark>
                <name>Telemetry 38</name>
                <styleUrl>#modifiedtelemetry</styleUrl>
                <TimeSpan>
                  <begin>2026-10-02T15:06:49.885977+00:00</begin>
                  <end>2026-10-02T15:06:50.885977+00:00</end>
                </TimeSpan>
                <Point>
                  <coordinates>8.521474852447117,47.372866122841785,0</coordinates>
                </Point>
              </Placemark>
              <Placemark>
                <name>Telemetry 39</name>
                <styleUrl>#modifiedtelemetry</styleUrl>
                <TimeSpan>
                  <begin>2026-10-02T15:06:50.885977+00:00</begin>
                  <end>2026-10-02T15:06:51.885977+00:00</end>
                </TimeSpan>
                <Point>
                  <coordinates>8.5214191264452,47.37290560411278,0</coordinates>
                </Point>
              </Placemark>
              <Placemark>
                <name>Telemetry 40</name>
                <styleUrl>#modifiedtelemetry</styleUrl>
                <TimeSpan>
                  <begin>2026-10-02T15:06:51.885977+00:00</begin>
                  <end>2026-10-02T15:06:52.885977+00:00</end>
                </TimeSpan>
                <Point>
                  <coordinates>8.521363400443283,47.37294508538378,0</coordinates>
                </Point>
              </Placemark>
              <Placemark>
                <name>Telemetry 41</name>
                <styleUrl>#modifiedtelemetry</styleUrl>
                <TimeSpan>
                  <begin>2026-10-02T15:06:52.885977+00:00</begin>
                  <end>2026-10-02T15:06:53.885977+00:00</end>
                </TimeSpan>
                <Point>
                  <coordinates>8.521307674441365,47.37298456665478,0</coordinates>
                </Point>
              </Placemark>
              <Placemark>
                <name>Telemetry 42</name>
                <styleUrl>#modifiedtelemetry</styleUrl>
                <TimeSpan>
                  <begin>2026-10-02T15:06:53.885977+00:00</begin>
                  <end>2026-10-02T15:06:54.885977+00:00</end>
                </TimeSpan>
                <Point>
                  <coordinates>8.521251948439447,47.37302404792578,0</coordinates>
                </Point>
              </Placemark>
              <Placemark>
                <name>Telemetry 43</name>
                <styleUrl>#modifiedtelemetry</styleUrl>
                <TimeSpan>
                  <begin>2026-10-02T15:06:54.885977+00:00</begin>
                  <end>2026-10-02T15:06:55.885977+00:00</end>
                </TimeSpan>
                <Point>
                  <coordinates>8.52119622243753,47.37306352919678,0</coordinates>
                </Point>
              </Placemark>
              <Placemark>
                <name>Telemetry 44</name>
                <styleUrl>#modifiedtelemetry</styleUrl>
                <TimeSpan>
                  <begin>2026-10-02T15:06:55.885977+00:00</begin>
                  <end>2026-10-02T15:06:56.885977+00:00</end>
                </TimeSpan>
                <Point>
                  <coordinates>8.521140496435612,47.37310301046778,0</coordinates>
                </Point>
              </Placemark>
              <Placemark>
                <name>Telemetry 45</name>
                <styleUrl>#modifiedtelemetry</styleUrl>
                <TimeSpan>
                  <begin>2026-10-02T15:06:56.885977+00:00</begin>
                  <end>2026-10-02T15:06:57.885977+00:00</end>
                </TimeSpan>
                <Point>
                  <coordinates>8.521084770433694,47.373142491738776,0</coordinates>
                </Point>
              </Placemark>
              <Placemark>
                <name>Telemetry 46</name>
                <styleUrl>#modifiedtelemetry</styleUrl>
                <TimeSpan>
                  <begin>2026-10-02T15:06:57.885977+00:00</begin>
                  <end>2026-10-02T15:06:58.885977+00:00</end>
                </TimeSpan>
                <Point>
                  <coordinates>8.521029997240193,47.37318257084312,0</coordinates>
                </Point>
              </Placemark>
              <Placemark>
                <name>Telemetry 47</name>
                <styleUrl>#modifiedtelemetry</styleUrl>
                <TimeSpan>
                  <begin>2026-10-02T15:06:58.885977+00:00</begin>
                  <end>2026-10-02T15:06:59.885977+00:00</end>
                </TimeSpan>
                <Point>
                  <coordinates>8.520963533997929,47.37323270220549,0</coordinates>
                </Point>
              </Placemark>
              <Placemark>
                <name>Telemetry 48</name>
                <styleUrl>#modifiedtelemetry</styleUrl>
                <TimeSpan>
                  <begin>2026-10-02T15:06:59.885977+00:00</begin>
                  <end>2026-10-02T15:07:00.885977+00:00</end>
                </TimeSpan>
                <Point>
                  <coordinates>8.520897070755662,47.37328283356786,0</coordinates>
                </Point>
              </Placemark>
              <Placemark>
                <name>Telemetry 49</name>
                <styleUrl>#modifiedtelemetry</styleUrl>
                <TimeSpan>
                  <begin>2026-10-02T15:07:00.885977+00:00</begin>
                  <end>2026-10-02T15:07:01.885977+00:00</end>
                </TimeSpan>
                <Point>
                  <coordinates>8.520830607513398,47.37333296493023,0</coordinates>
                </Point>
              </Placemark>
              <Placemark>
                <name>Telemetry 50</name>
                <styleUrl>#modifiedtelemetry</styleUrl>
                <TimeSpan>
                  <begin>2026-10-02T15:07:01.885977+00:00</begin>
                  <end>2026-10-02T15:07:02.885977+00:00</end>
                </TimeSpan>
                <Point>
                  <coordinates>8.520764144271133,47.3733830962926,0</coordinates>
                </Point>
              </Placemark>
              <Placemark>
                <name>Telemetry 51</name>
                <styleUrl>#modifiedtelemetry</styleUrl>
                <TimeSpan>
                  <begin>2026-10-02T15:07:02.885977+00:00</begin>
                  <end>2026-10-02T15:07:03.885977+00:00</end>
                </TimeSpan>
                <Point>
                  <coordinates>8.520697681028867,47.37343322765497,0</coordinates>
                </Point>
              </Placemark>
              <Placemark>
                <name>Telemetry 52</name>
                <styleUrl>#modifiedtelemetry</styleUrl>
                <TimeSpan>
                  <begin>2026-10-02T15:07:03.885977+00:00</begin>
                  <end>2026-10-02T15:07:04.885977+00:00</end>
                </TimeSpan>
                <Point>
                  <coordinates>8.520631217786603,47.373483359017335,0</coordinates>
                </Point>
              </Placemark>
              <Placemark>
                <name>Telemetry 53</name>
                <styleUrl>#modifiedtelemetry</styleUrl>
                <TimeSpan>
                  <begin>2026-10-02T15:07:04.885977+00:00</begin>
                  <end>2026-10-02T15:07:05.885977+00:00</end>
                </TimeSpan>
                <Point>
                  <coordinates>8.520564754544338,47.37353349037971,0</coordinates>
                </Point>
              </Placemark>
              <Placemark>
                <name>Telemetry 54</name>
                <styleUrl>#modifiedtelemetry</styleUrl>
                <TimeSpan>
                  <begin>2026-10-02T15:07:05.885977+00:00</begin>
                  <end>2026-10-02T15:07:06.885977+00:00</end>
                </TimeSpan>
                <Point>
                  <coordinates>8.520498291302074,47.37358362174207,0</coordinates>
                </Point>
              </Placemark>
              <Placemark>
                <name>Telemetry 55</name>
                <styleUrl>#modifiedtelemetry</styleUrl>
                <TimeSpan>
                  <begin>2026-10-02T15:07:06.885977+00:00</begin>
                  <end>2026-10-02T15:07:07.885977+00:00</end>
                </TimeSpan>
                <Point>
                  <coordinates>8.520431828059808,47.37363375310444,0</coordinates>
                </Point>
              </Placemark>
              <Placemark>
                <name>Telemetry 56</name>
                <styleUrl>#modifiedtelemetry</styleUrl>
                <TimeSpan>
                  <begin>2026-10-02T15:07:07.885977+00:00</begin>
                  <end>2026-10-02T15:07:08.885977+00:00</end>
                </TimeSpan>
                <Point>
                  <coordinates>8.520365364817543,47.373683884466814,0</coordinates>
                </Point>
              </Placemark>
              <Placemark>
                <name>Telemetry 57</name>
                <styleUrl>#modifiedtelemetry</styleUrl>
                <TimeSpan>
                  <begin>2026-10-02T15:07:08.885977+00:00</begin>
                  <end>2026-10-02T15:07:09.885977+00:00</end>
                </TimeSpan>
                <Point>
                  <coordinates>8.520303903282091,47.37373680594896,0</coordinates>
                </Point>
              </Placemark>
              <Placemark>
                <name>Telemetry 58</name>
                <styleUrl>#modifiedtelemetry</styleUrl>
                <TimeSpan>
                  <begin>2026-10-02T15:07:09.885977+00:00</begin>
                  <end>2026-10-02T15:07:10.885977+00:00</end>
                </TimeSpan>
                <Point>
                  <coordinates>8.520235595452737,47.373798117289056,0</coordinates>
                </Point>
              </Placemark>
              <Placemark>
                <name>Telemetry 59</name>
                <styleUrl>#modifiedtelemetry</styleUrl>
                <TimeSpan>
                  <begin>2026-10-02T15:07:10.885977+00:00</begin>
                  <end>2026-10-02T15:07:11.885977+00:00</end>
                </TimeSpan>
                <Point>
                  <coordinates>8.520167287623382,47.373859428629146,0</coordinates>
                </Point>
              </Placemark>
              <Placemark>
                <name>Telemetry 60</name>
                <styleUrl>#modifiedtelemetry</styleUrl>
                <TimeSpan>
                  <begin>2026-10-02T15:07:11.885977+00:00</begin>
                  <end>2026-10-02T15:07:12.885977+00:00</end>
                </TimeSpan>
                <Point>
                  <coordinates>8.520098979794028,47.37392073996924,0</coordinates>
                </Point>
              </Placemark>
              <Placemark>
                <name>Telemetry 61</name>
                <styleUrl>#modifiedtelemetry</styleUrl>
                <TimeSpan>
                  <begin>2026-10-02T15:07:12.885977+00:00</begin>
                  <end>2026-10-02T15:07:13.885977+00:00</end>
                </TimeSpan>
                <Point>
                  <coordinates>8.520030671964673,47.37398205130934,0</coordinates>
                </Point>
              </Placemark>
              <Placemark>
                <name>Telemetry 62</name>
                <styleUrl>#modifiedtelemetry</styleUrl>
                <TimeSpan>
                  <begin>2026-10-02T15:07:13.885977+00:00</begin>
                  <end>2026-10-02T15:07:14.885977+00:00</end>
                </TimeSpan>
                <Point>
                  <coordinates>8.519962364135319,47.37404336264943,0</coordinates>
                </Point>
              </Placemark>
              <Placemark>
                <name>Telemetry 63</name>
                <styleUrl>#modifiedtelemetry</styleUrl>
                <TimeSpan>
                  <begin>2026-10-02T15:07:14.885977+00:00</begin>
                  <end>2026-10-02T15:07:15.885977+00:00</end>
                </TimeSpan>
                <Point>
                  <coordinates>8.519895098918301,47.374105167193115,0</coordinates>
                </Point>
              </Placemark>
            </Folder>
          </Folder>
        </Folder>
        <Folder>
          <name>Service Provider polling</name>
        </Folder>
        <Folder>
          <name>Service Provider polling</name>
        </Folder>
        <Folder>
          <name>Service Provider polling</name>
        </Folder>
        <Folder>
          <name>Service Provider polling</name>
        </Folder>
        <Folder>
          <name>Service Provider polling</name>
        </Folder>
        <Folder>
          <name>Verify operator notification</name>
        </Folder>
        <Folder>
          <name>Intermediate cleanup</name>
        </Folder>
        <Folder>
          <name>Retrieve pre-existing operator notification</name>
        </Folder>
        <Folder>
          <name>Injection</name>
          <Folder>
            <name>E64: uss1 interuss.automated_testing.rid.v1.injection.createTest</name>
            <Folder>
              <name>Test flight 0123bf3f-02e5-4412-b522-3a71160fbc43</name>
              <Placemark>
                <name>Telemetry 0</name>
                <styleUrl>#modifiedtelemetry</styleUrl>
                <TimeSpan>
                  <begin>2026-10-02T15:06:22.363083+00:00</begin>
                  <end>2026-10-02T15:06:23.363083+00:00</end>
                </TimeSpan>
                <Point>
                  <coordinates>8.523321827032547,47.3715045208158,0</coordinates>
                </Point>
              </Placemark>
              <Placemark>
                <name>Telemetry 1</name>
                <styleUrl>#modifiedtelemetry</styleUrl>
                <TimeSpan>
                  <begin>2026-10-02T15:06:23.363083+00:00</begin>
                  <end>2026-10-02T15:06:24.363083+00:00</end>
                </TimeSpan>
                <Point>
                  <coordinates>8.523282890548819,47.371540881223694,0</coordinates>
                </Point>
              </Placemark>
              <Placemark>
                <name>Telemetry 2</name>
                <styleUrl>#modifiedtelemetry</styleUrl>
                <TimeSpan>
                  <begin>2026-10-02T15:06:24.363083+00:00</begin>
                  <end>2026-10-02T15:06:25.363083+00:00</end>
                </TimeSpan>
                <Point>
                  <coordinates>8.52324395406509,47.37157724163159,0</coordinates>
                </Point>
              </Placemark>
              <Placemark>
                <name>Telemetry 3</name>
                <styleUrl>#modifiedtelemetry</styleUrl>
                <TimeSpan>
                  <begin>2026-10-02T15:06:25.363083+00:00</begin>
                  <end>2026-10-02T15:06:26.363083+00:00</end>
                </TimeSpan>
                <Point>
                  <coordinates>8.523205017581365,47.37161360203949,0</coordinates>
                </Point>
              </Placemark>
              <Placemark>
                <name>Telemetry 4</name>
                <styleUrl>#modifiedtelemetry</styleUrl>
                <TimeSpan>
                  <begin>2026-10-02T15:06:26.363083+00:00</begin>
                  <end>2026-10-02T15:06:27.363083+00:00</end>
                </TimeSpan>
                <Point>
                  <coordinates>8.523166081097637,47.371649962447385,0</coordinates>
                </Point>
              </Placemark>
              <Placemark>
                <name>Telemetry 5</name>
                <styleUrl>#modifiedtelemetry</styleUrl>
                <TimeSpan>
                  <begin>2026-10-02T15:06:27.363083+00:00</begin>
                  <end>2026-10-02T15:06:28.363083+00:00</end>
                </TimeSpan>
                <Point>
                  <coordinates>8.523118769605144,47.37168134446735,0</coordinates>
                </Point>
              </Placemark>
              <Placemark>
                <name>Telemetry 6</name>
                <styleUrl>#modifiedtelemetry</styleUrl>
                <TimeSpan>
                  <begin>2026-10-02T15:06:28.363083+00:00</begin>
                  <end>2026-10-02T15:06:29.363083+00:00</end>
                </TimeSpan>
                <Point>
                  <coordinates>8.523070583658326,47.37171220668214,0</coordinates>
                </Point>
              </Placemark>
              <Placemark>
                <name>Telemetry 7</name>
                <styleUrl>#modifiedtelemetry</styleUrl>
                <TimeSpan>
                  <begin>2026-10-02T15:06:29.363083+00:00</begin>
                  <end>2026-10-02T15:06:30.363083+00:00</end>
                </TimeSpan>
                <Point>
                  <coordinates>8.523022397711506,47.371743068896926,0</coordinates>
                </Point>
              </Placemark>
              <Placemark>
                <name>Telemetry 8</name>
                <styleUrl>#modifiedtelemetry</styleUrl>
                <TimeSpan>
                  <begin>2026-10-02T15:06:30.363083+00:00</begin>
                  <end>2026-10-02T15:06:31.363083+00:00</end>
                </TimeSpan>
                <Point>
                  <coordinates>8.5229757392881,47.371774910132885,0</coordinates>
                </Point>
              </Placemark>
              <Placemark>
                <name>Telemetry 9</name>
                <styleUrl>#modifiedtelemetry</styleUrl>
                <TimeSpan>
                  <begin>2026-10-02T15:06:31.363083+00:00</begin>
                  <end>2026-10-02T15:06:32.363083+00:00</end>
                </TimeSpan>
                <Point>
                  <coordinates>8.522932891599606,47.371809193747204,0</coordinates>
                </Point>
              </Placemark>
              <Placemark>
                <name>Telemetry 10</name>
                <styleUrl>#modifiedtelemetry</styleUrl>
                <TimeSpan>
                  <begin>2026-10-02T15:06:32.363083+00:00</begin>
                  <end>2026-10-02T15:06:33.363083+00:00</end>
                </TimeSpan>
                <Point>
                  <coordinates>8.522890043911113,47.37184347736152,0</coordinates>
                </Point>
              </Placemark>
              <Placemark>
                <name>Telemetry 11</name>
                <styleUrl>#modifiedtelemetry</styleUrl>
                <TimeSpan>
                  <begin>2026-10-02T15:06:33.363083+00:00</begin>
                  <end>2026-10-02T15:06:34.363083+00:00</end>
                </TimeSpan>
                <Point>
                  <coordinates>8.52284719622262,47.37187776097584,0</coordinates>
                </Point>
              </Placemark>
              <Placemark>
                <name>Telemetry 12</name>
                <styleUrl>#modifiedtelemetry</styleUrl>
                <TimeSpan>
                  <begin>2026-10-02T15:06:34.363083+00:00</begin>
                  <end>2026-10-02T15:06:35.363083+00:00</end>
                </TimeSpan>
                <Point>
                  <coordinates>8.522804348534127,47.37191204459016,0</coordinates>
                </Point>
              </Placemark>
              <Placemark>
                <name>Telemetry 13</name>
                <styleUrl>#modifiedtelemetry</styleUrl>
                <TimeSpan>
                  <begin>2026-10-02T15:06:35.363083+00:00</begin>
                  <end>2026-10-02T15:06:36.363083+00:00</end>
                </TimeSpan>
                <Point>
                  <coordinates>8.522761500845634,47.37194632820448,0</coordinates>
                </Point>
              </Placemark>
              <Placemark>
                <name>Telemetry 14</name>
                <styleUrl>#modifiedtelemetry</styleUrl>
                <TimeSpan>
                  <begin>2026-10-02T15:06:36.363083+00:00</begin>
                  <end>2026-10-02T15:06:37.363083+00:00</end>
                </TimeSpan>
                <Point>
                  <coordinates>8.522718653157142,47.371980611818806,0</coordinates>
                </Point>
              </Placemark>
              <Placemark>
                <name>Telemetry 15</name>
                <styleUrl>#modifiedtelemetry</styleUrl>
                <TimeSpan>
                  <begin>2026-10-02T15:06:37.363083+00:00</begin>
                  <end>2026-10-02T15:06:38.363083+00:00</end>
                </TimeSpan>
                <Point>
                  <coordinates>8.522675805468648,47.372014895433125,0</coordinates>
                </Point>
              </Placemark>
              <Placemark>
                <name>Telemetry 16</name>
                <styleUrl>#modifiedtelemetry</styleUrl>
                <TimeSpan>
                  <begin>2026-10-02T15:06:38.363083+00:00</begin>
                  <end>2026-10-02T15:06:39.363083+00:00</end>
                </TimeSpan>
                <Point>
                  <coordinates>8.522630095760274,47.37204743572325,0</coordinates>
                </Point>
              </Placemark>
              <Placemark>
                <name>Telemetry 17</name>
                <styleUrl>#modifiedtelemetry</styleUrl>
                <TimeSpan>
                  <begin>2026-10-02T15:06:39.363083+00:00</begin>
                  <end>2026-10-02T15:06:40.363083+00:00</end>
                </TimeSpan>
                <Point>
                  <coordinates>8.522580799973472,47.372082380767935,0</coordinates>
                </Point>
              </Placemark>
              <Placemark>
                <name>Telemetry 18</name>
                <styleUrl>#modifiedtelemetry</styleUrl>
                <TimeSpan>
                  <begin>2026-10-02T15:06:40.363083+00:00</begin>
                  <end>2026-10-02T15:06:41.363083+00:00</end>
                </TimeSpan>
                <Point>
                  <coordinates>8.52253150418667,47.372117325812624,0</coordinates>
                </Point>
              </Placemark>
              <Placemark>
                <name>Telemetry 19</name>
                <styleUrl>#modifiedtelemetry</styleUrl>
                <TimeSpan>
                  <begin>2026-10-02T15:06:41.363083+00:00</begin>
                  <end>2026-10-02T15:06:42.363083+00:00</end>
                </TimeSpan>
                <Point>
                  <coordinates>8.52248220839987,47.372152270857306,0</coordinates>
                </Point>
              </Placemark>
              <Placemark>
                <name>Telemetry 20</name>
                <styleUrl>#modifiedtelemetry</styleUrl>
                <TimeSpan>
                  <begin>2026-10-02T15:06:42.363083+00:00</begin>
                  <end>2026-10-02T15:06:43.363083+00:00</end>
                </TimeSpan>
                <Point>
                  <coordinates>8.522432912613064,47.372187215901995,0</coordinates>
                </Point>
              </Placemark>
              <Placemark>
                <name>Telemetry 21</name>
                <styleUrl>#modifiedtelemetry</styleUrl>
                <TimeSpan>
                  <begin>2026-10-02T15:06:43.363083+00:00</begin>
                  <end>2026-10-02T15:06:44.363083+00:00</end>
                </TimeSpan>
                <Point>
                  <coordinates>8.522383616826263,47.37222216094668,0</coordinates>
                </Point>
              </Placemark>
              <Placemark>
                <name>Telemetry 22</name>
                <styleUrl>#modifiedtelemetry</styleUrl>
                <TimeSpan>
                  <begin>2026-10-02T15:06:44.363083+00:00</begin>
                  <end>2026-10-02T15:06:45.363083+00:00</end>
                </TimeSpan>
                <Point>
                  <coordinates>8.52233432103946,47.372257105991366,0</coordinates>
                </Point>
              </Placemark>
              <Placemark>
                <name>Telemetry 23</name>
                <styleUrl>#modifiedtelemetry</styleUrl>
                <TimeSpan>
                  <begin>2026-10-02T15:06:45.363083+00:00</begin>
                  <end>2026-10-02T15:06:46.363083+00:00</end>
                </TimeSpan>
                <Point>
                  <coordinates>8.52228502525266,47.37229205103605,0</coordinates>
                </Point>
              </Placemark>
              <Placemark>
                <name>Telemetry 24</name>
                <styleUrl>#modifiedtelemetry</styleUrl>
                <TimeSpan>
                  <begin>2026-10-02T15:06:46.363083+00:00</begin>
                  <end>2026-10-02T15:06:47.363083+00:00</end>
                </TimeSpan>
                <Point>
                  <coordinates>8.522235729465857,47.37232699608074,0</coordinates>
                </Point>
              </Placemark>
              <Placemark>
                <name>Telemetry 25</name>
                <styleUrl>#modifiedtelemetry</styleUrl>
                <TimeSpan>
                  <begin>2026-10-02T15:06:47.363083+00:00</begin>
                  <end>2026-10-02T15:06:48.363083+00:00</end>
                </TimeSpan>
                <Point>
                  <coordinates>8.522186433679055,47.37236194112542,0</coordinates>
                </Point>
              </Placemark>
              <Placemark>
                <name>Telemetry 26</name>
                <styleUrl>#modifiedtelemetry</styleUrl>
                <TimeSpan>
                  <begin>2026-10-02T15:06:48.363083+00:00</begin>
                  <end>2026-10-02T15:06:49.363083+00:00</end>
                </TimeSpan>
                <Point>
                  <coordinates>8.522137137892253,47.37239688617011,0</coordinates>
                </Point>
              </Placemark>
              <Placemark>
                <name>Telemetry 27</name>
                <styleUrl>#modifiedtelemetry</styleUrl>
                <TimeSpan>
                  <begin>2026-10-02T15:06:49.363083+00:00</begin>
                  <end>2026-10-02T15:06:50.363083+00:00</end>
                </TimeSpan>
                <Point>
                  <coordinates>8.522087838468211,47.37243182886079,0</coordinates>
                </Point>
              </Placemark>
              <Placemark>
                <name>Telemetry 28</name>
                <styleUrl>#modifiedtelemetry</styleUrl>
                <TimeSpan>
                  <begin>2026-10-02T15:06:50.363083+00:00</begin>
                  <end>2026-10-02T15:06:51.363083+00:00</end>
                </TimeSpan>
                <Point>
                  <coordinates>8.522032112466293,47.37247131013179,0</coordinates>
                </Point>
              </Placemark>
              <Placemark>
                <name>Telemetry 29</name>
                <styleUrl>#modifiedtelemetry</styleUrl>
                <TimeSpan>
                  <begin>2026-10-02T15:06:51.363083+00:00</begin>
                  <end>2026-10-02T15:06:52.363083+00:00</end>
                </TimeSpan>
                <Point>
                  <coordinates>8.521976386464376,47.37251079140279,0</coordinates>
                </Point>
              </Placemark>
              <Placemark>
                <name>Telemetry 30</name>
                <styleUrl>#modifiedtelemetry</styleUrl>
                <TimeSpan>
                  <begin>2026-10-02T15:06:52.363083+00:00</begin>
                  <end>2026-10-02T15:06:53.363083+00:00</end>
                </TimeSpan>
                <Point>
                  <coordinates>8.521920660462458,47.37255027267379,0</coordinates>
                </Point>
              </Placemark>
              <Placemark>
                <name>Telemetry 31</name>
                <styleUrl>#modifiedtelemetry</styleUrl>
                <TimeSpan>
                  <begin>2026-10-02T15:06:53.363083+00:00</begin>
                  <end>2026-10-02T15:06:54.363083+00:00</end>
                </TimeSpan>
                <Point>
                  <coordinates>8.521864934460542,47.37258975394479,0</coordinates>
                </Point>
              </Placemark>
              <Placemark>
                <name>Telemetry 32</name>
                <styleUrl>#modifiedtelemetry</styleUrl>
                <TimeSpan>
                  <begin>2026-10-02T15:06:54.363083+00:00</begin>
                  <end>2026-10-02T15:06:55.363083+00:00</end>
                </TimeSpan>
                <Point>
                  <coordinates>8.521809208458624,47.37262923521579,0</coordinates>
                </Point>
              </Placemark>
              <Placemark>
                <name>Telemetry 33</name>
                <styleUrl>#modifiedtelemetry</styleUrl>
                <TimeSpan>
                  <begin>2026-10-02T15:06:55.363083+00:00</begin>
                  <end>2026-10-02T15:06:56.363083+00:00</end>
                </TimeSpan>
                <Point>
                  <coordinates>8.521753482456708,47.372668716486785,0</coordinates>
                </Point>
              </Placemark>
              <Placemark>
                <name>Telemetry 34</name>
                <styleUrl>#modifiedtelemetry</styleUrl>
                <TimeSpan>
                  <begin>2026-10-02T15:06:56.363083+00:00</begin>
                  <end>2026-10-02T15:06:57.363083+00:00</end>
                </TimeSpan>
                <Point>
                  <coordinates>8.521697756454788,47.37270819775779,0</coordinates>
                </Point>
              </Placemark>
              <Placemark>
                <name>Telemetry 35</name>
                <styleUrl>#modifiedtelemetry</styleUrl>
                <TimeSpan>
                  <begin>2026-10-02T15:06:57.363083+00:00</begin>
                  <end>2026-10-02T15:06:58.363083+00:00</end>
                </TimeSpan>
                <Point>
                  <coordinates>8.52164203045287,47.372747679028784,0</coordinates>
                </Point>
              </Placemark>
              <Placemark>
                <name>Telemetry 36</name>
                <styleUrl>#modifiedtelemetry</styleUrl>
                <TimeSpan>
                  <begin>2026-10-02T15:06:58.363083+00:00</begin>
                  <end>2026-10-02T15:06:59.363083+00:00</end>
                </TimeSpan>
                <Point>
                  <coordinates>8.521586304450953,47.37278716029979,0</coordinates>
                </Point>
              </Placemark>
              <Placemark>
                <name>Telemetry 37</name>
                <styleUrl>#modifiedtelemetry</styleUrl>
                <TimeSpan>
                  <begin>2026-10-02T15:06:59.363083+00:00</begin>
                  <end>2026-10-02T15:07:00.363083+00:00</end>
                </TimeSpan>
                <Point>
                  <coordinates>8.521530578449035,47.37282664157078,0</coordinates>
                </Point>
              </Placemark>
              <Placemark>
                <name>Telemetry 38</name>
                <styleUrl>#modifiedtelemetry</styleUrl>
                <TimeSpan>
                  <begin>2026-10-02T15:07:00.363083+00:00</begin>
                  <end>2026-10-02T15:07:01.363083+00:00</end>
                </TimeSpan>
                <Point>
                  <coordinates>8.521474852447117,47.372866122841785,0</coordinates>
                </Point>
              </Placemark>
              <Placemark>
                <name>Telemetry 39</name>
                <styleUrl>#modifiedtelemetry</styleUrl>
                <TimeSpan>
                  <begin>2026-10-02T15:07:01.363083+00:00</begin>
                  <end>2026-10-02T15:07:02.363083+00:00</end>
                </TimeSpan>
                <Point>
                  <coordinates>8.5214191264452,47.37290560411278,0</coordinates>
                </Point>
              </Placemark>
              <Placemark>
                <name>Telemetry 40</name>
                <styleUrl>#modifiedtelemetry</styleUrl>
                <TimeSpan>
                  <begin>2026-10-02T15:07:02.363083+00:00</begin>
                  <end>2026-10-02T15:07:03.363083+00:00</end>
                </TimeSpan>
                <Point>
                  <coordinates>8.521363400443283,47.37294508538378,0</coordinates>
                </Point>
              </Placemark>
              <Placemark>
                <name>Telemetry 41</name>
                <styleUrl>#modifiedtelemetry</styleUrl>
                <TimeSpan>
                  <begin>2026-10-02T15:07:03.363083+00:00</begin>
                  <end>2026-10-02T15:07:04.363083+00:00</end>
                </TimeSpan>
                <Point>
                  <coordinates>8.521307674441365,47.37298456665478,0</coordinates>
                </Point>
              </Placemark>
              <Placemark>
                <name>Telemetry 42</name>
                <styleUrl>#modifiedtelemetry</styleUrl>
                <TimeSpan>
                  <begin>2026-10-02T15:07:04.363083+00:00</begin>
                  <end>2026-10-02T15:07:05.363083+00:00</end>
                </TimeSpan>
                <Point>
                  <coordinates>8.521251948439447,47.37302404792578,0</coordinates>
                </Point>
              </Placemark>
              <Placemark>
                <name>Telemetry 43</name>
                <styleUrl>#modifiedtelemetry</styleUrl>
                <TimeSpan>
                  <begin>2026-10-02T15:07:05.363083+00:00</begin>
                  <end>2026-10-02T15:07:06.363083+00:00</end>
                </TimeSpan>
                <Point>
                  <coordinates>8.52119622243753,47.37306352919678,0</coordinates>
                </Point>
              </Placemark>
              <Placemark>
                <name>Telemetry 44</name>
                <styleUrl>#modifiedtelemetry</styleUrl>
                <TimeSpan>
                  <begin>2026-10-02T15:07:06.363083+00:00</begin>
                  <end>2026-10-02T15:07:07.363083+00:00</end>
                </TimeSpan>
                <Point>
                  <coordinates>8.521140496435612,47.37310301046778,0</coordinates>
                </Point>
              </Placemark>
              <Placemark>
                <name>Telemetry 45</name>
                <styleUrl>#modifiedtelemetry</styleUrl>
                <TimeSpan>
                  <begin>2026-10-02T15:07:07.363083+00:00</begin>
                  <end>2026-10-02T15:07:08.363083+00:00</end>
                </TimeSpan>
                <Point>
                  <coordinates>8.521084770433694,47.373142491738776,0</coordinates>
                </Point>
              </Placemark>
              <Placemark>
                <name>Telemetry 46</name>
                <styleUrl>#modifiedtelemetry</styleUrl>
                <TimeSpan>
                  <begin>2026-10-02T15:07:08.363083+00:00</begin>
                  <end>2026-10-02T15:07:09.363083+00:00</end>
                </TimeSpan>
                <Point>
                  <coordinates>8.521029997240193,47.37318257084312,0</coordinates>
                </Point>
              </Placemark>
              <Placemark>
                <name>Telemetry 47</name>
                <styleUrl>#modifiedtelemetry</styleUrl>
                <TimeSpan>
                  <begin>2026-10-02T15:07:09.363083+00:00</begin>
                  <end>2026-10-02T15:07:10.363083+00:00</end>
                </TimeSpan>
                <Point>
                  <coordinates>8.520963533997929,47.37323270220549,0</coordinates>
                </Point>
              </Placemark>
              <Placemark>
                <name>Telemetry 48</name>
                <styleUrl>#modifiedtelemetry</styleUrl>
                <TimeSpan>
                  <begin>2026-10-02T15:07:10.363083+00:00</begin>
                  <end>2026-10-02T15:07:11.363083+00:00</end>
                </TimeSpan>
                <Point>
                  <coordinates>8.520897070755662,47.37328283356786,0</coordinates>
                </Point>
              </Placemark>
              <Placemark>
                <name>Telemetry 49</name>
                <styleUrl>#modifiedtelemetry</styleUrl>
                <TimeSpan>
                  <begin>2026-10-02T15:07:11.363083+00:00</begin>
                  <end>2026-10-02T15:07:12.363083+00:00</end>
                </TimeSpan>
                <Point>
                  <coordinates>8.520830607513398,47.37333296493023,0</coordinates>
                </Point>
              </Placemark>
              <Placemark>
                <name>Telemetry 50</name>
                <styleUrl>#modifiedtelemetry</styleUrl>
                <TimeSpan>
                  <begin>2026-10-02T15:07:12.363083+00:00</begin>
                  <end>2026-10-02T15:07:13.363083+00:00</end>
                </TimeSpan>
                <Point>
                  <coordinates>8.520764144271133,47.3733830962926,0</coordinates>
                </Point>
              </Placemark>
              <Placemark>
                <name>Telemetry 51</name>
                <styleUrl>#modifiedtelemetry</styleUrl>
                <TimeSpan>
                  <begin>2026-10-02T15:07:13.363083+00:00</begin>
                  <end>2026-10-02T15:07:14.363083+00:00</end>
                </TimeSpan>
                <Point>
                  <coordinates>8.520697681028867,47.37343322765497,0</coordinates>
                </Point>
              </Placemark>
              <Placemark>
                <name>Telemetry 52</name>
                <styleUrl>#modifiedtelemetry</styleUrl>
                <TimeSpan>
                  <begin>2026-10-02T15:07:14.363083+00:00</begin>
                  <end>2026-10-02T15:07:15.363083+00:00</end>
                </TimeSpan>
                <Point>
                  <coordinates>8.520631217786603,47.373483359017335,0</coordinates>
                </Point>
              </Placemark>
              <Placemark>
                <name>Telemetry 53</name>
                <styleUrl>#modifiedtelemetry</styleUrl>
                <TimeSpan>
                  <begin>2026-10-02T15:07:15.363083+00:00</begin>
                  <end>2026-10-02T15:07:16.363083+00:00</end>
                </TimeSpan>
                <Point>
                  <coordinates>8.520564754544338,47.37353349037971,0</coordinates>
                </Point>
              </Placemark>
              <Placemark>
                <name>Telemetry 54</name>
                <styleUrl>#modifiedtelemetry</styleUrl>
                <TimeSpan>
                  <begin>2026-10-02T15:07:16.363083+00:00</begin>
                  <end>2026-10-02T15:07:17.363083+00:00</end>
                </TimeSpan>
                <Point>
                  <coordinates>8.520498291302074,47.37358362174207,0</coordinates>
                </Point>
              </Placemark>
              <Placemark>
                <name>Telemetry 55</name>
                <styleUrl>#modifiedtelemetry</styleUrl>
                <TimeSpan>
                  <begin>2026-10-02T15:07:17.363083+00:00</begin>
                  <end>2026-10-02T15:07:18.363083+00:00</end>
                </TimeSpan>
                <Point>
                  <coordinates>8.520431828059808,47.37363375310444,0</coordinates>
                </Point>
              </Placemark>
              <Placemark>
                <name>Telemetry 56</name>
                <styleUrl>#modifiedtelemetry</styleUrl>
                <TimeSpan>
                  <begin>2026-10-02T15:07:18.363083+00:00</begin>
                  <end>2026-10-02T15:07:19.363083+00:00</end>
                </TimeSpan>
                <Point>
                  <coordinates>8.520365364817543,47.373683884466814,0</coordinates>
                </Point>
              </Placemark>
              <Placemark>
                <name>Telemetry 57</name>
                <styleUrl>#modifiedtelemetry</styleUrl>
                <TimeSpan>
                  <begin>2026-10-02T15:07:19.363083+00:00</begin>
                  <end>2026-10-02T15:07:20.363083+00:00</end>
                </TimeSpan>
                <Point>
                  <coordinates>8.520303903282091,47.37373680594896,0</coordinates>
                </Point>
              </Placemark>
              <Placemark>
                <name>Telemetry 58</name>
                <styleUrl>#modifiedtelemetry</styleUrl>
                <TimeSpan>
                  <begin>2026-10-02T15:07:20.363083+00:00</begin>
                  <end>2026-10-02T15:07:21.363083+00:00</end>
                </TimeSpan>
                <Point>
                  <coordinates>8.520235595452737,47.373798117289056,0</coordinates>
                </Point>
              </Placemark>
              <Placemark>
                <name>Telemetry 59</name>
                <styleUrl>#modifiedtelemetry</styleUrl>
                <TimeSpan>
                  <begin>2026-10-02T15:07:21.363083+00:00</begin>
                  <end>2026-10-02T15:07:22.363083+00:00</end>
                </TimeSpan>
                <Point>
                  <coordinates>8.520167287623382,47.373859428629146,0</coordinates>
                </Point>
              </Placemark>
              <Placemark>
                <name>Telemetry 60</name>
                <styleUrl>#modifiedtelemetry</styleUrl>
                <TimeSpan>
                  <begin>2026-10-02T15:07:22.363083+00:00</begin>
                  <end>2026-10-02T15:07:23.363083+00:00</end>
                </TimeSpan>
                <Point>
                  <coordinates>8.520098979794028,47.37392073996924,0</coordinates>
                </Point>
              </Placemark>
              <Placemark>
                <name>Telemetry 61</name>
                <styleUrl>#modifiedtelemetry</styleUrl>
                <TimeSpan>
                  <begin>2026-10-02T15:07:23.363083+00:00</begin>
                  <end>2026-10-02T15:07:24.363083+00:00</end>
                </TimeSpan>
                <Point>
                  <coordinates>8.520030671964673,47.37398205130934,0</coordinates>
                </Point>
              </Placemark>
              <Placemark>
                <name>Telemetry 62</name>
                <styleUrl>#modifiedtelemetry</styleUrl>
                <TimeSpan>
                  <begin>2026-10-02T15:07:24.363083+00:00</begin>
                  <end>2026-10-02T15:07:25.363083+00:00</end>
                </TimeSpan>
                <Point>
                  <coordinates>8.519962364135319,47.37404336264943,0</coordinates>
                </Point>
              </Placemark>
              <Placemark>
                <name>Telemetry 63</name>
                <styleUrl>#modifiedtelemetry</styleUrl>
                <TimeSpan>
                  <begin>2026-10-02T15:07:25.363083+00:00</begin>
                  <end>2026-10-02T15:07:26.363083+00:00</end>
                </TimeSpan>
                <Point>
                  <coordinates>8.519895098918301,47.374105167193115,0</coordinates>
                </Point>
              </Placemark>
            </Folder>
          </Folder>
        </Folder>
        <Folder>
          <name>Service Provider polling</name>
        </Folder>
        <Folder>
          <name>Service Provider polling</name>
        </Folder>
        <Folder>
          <name>Service Provider polling</name>
        </Folder>
        <Folder>
          <name>Service Provider polling</name>
        </Folder>
        <Folder>
          <name>Service Provider polling</name>
        </Folder>
        <Folder>
          <name>Verify operator notification</name>
        </Folder>
        <Folder>
          <name>Intermediate cleanup</name>
        </Folder>
        <Folder>
          <name>Retrieve pre-existing operator notification</name>
        </Folder>
        <Folder>
          <name>Injection</name>
          <Folder>
            <name>E84: uss1 interuss.automated_testing.rid.v1.injection.createTest</name>
            <Folder>
              <name>Test flight e663faa7-de5b-425b-81d8-e81641351ab1</name>
              <Placemark>
                <name>Telemetry 0</name>
                <styleUrl>#modifiedtelemetry</styleUrl>
                <TimeSpan>
                  <begin>2026-10-02T15:06:32.837329+00:00</begin>
                  <end>2026-10-02T15:06:33.837329+00:00</end>
                </TimeSpan>
                <Point>
                  <coordinates>8.523321827032547,47.3715045208158,0</coordinates>
                </Point>
              </Placemark>
              <Placemark>
                <name>Telemetry 1</name>
                <styleUrl>#modifiedtelemetry</styleUrl>
                <TimeSpan>
                  <begin>2026-10-02T15:06:33.837329+00:00</begin>
                  <end>2026-10-02T15:06:34.837329+00:00</end>
                </TimeSpan>
                <Point>
                  <coordinates>8.523282890548819,47.371540881223694,0</coordinates>
                </Point>
              </Placemark>
              <Placemark>
                <name>Telemetry 2</name>
                <styleUrl>#modifiedtelemetry</styleUrl>
                <TimeSpan>
                  <begin>2026-10-02T15:06:34.837329+00:00</begin>
                  <end>2026-10-02T15:06:35.837329+00:00</end>
                </TimeSpan>
                <Point>
                  <coordinates>8.52324395406509,47.37157724163159,0</coordinates>
                </Point>
              </Placemark>
              <Placemark>
                <name>Telemetry 3</name>
                <styleUrl>#modifiedtelemetry</styleUrl>
                <TimeSpan>
                  <begin>2026-10-02T15:06:35.837329+00:00</begin>
                  <end>2026-10-02T15:06:36.837329+00:00</end>
                </TimeSpan>
                <Point>
                  <coordinates>8.523205017581365,47.37161360203949,0</coordinates>
                </Point>
              </Placemark>
              <Placemark>
                <name>Telemetry 4</name>
                <styleUrl>#modifiedtelemetry</styleUrl>
                <TimeSpan>
                  <begin>2026-10-02T15:06:36.837329+00:00</begin>
                  <end>2026-10-02T15:06:37.837329+00:00</end>
                </TimeSpan>
                <Point>
                  <coordinates>8.523166081097637,47.371649962447385,0</coordinates>
                </Point>
              </Placemark>
              <Placemark>
                <name>Telemetry 5</name>
                <styleUrl>#modifiedtelemetry</styleUrl>
                <TimeSpan>
                  <begin>2026-10-02T15:06:37.837329+00:00</begin>
                  <end>2026-10-02T15:06:38.837329+00:00</end>
                </TimeSpan>
                <Point>
                  <coordinates>8.523118769605144,47.37168134446735,0</coordinates>
                </Point>
              </Placemark>
              <Placemark>
                <name>Telemetry 6</name>
                <styleUrl>#modifiedtelemetry</styleUrl>
                <TimeSpan>
                  <begin>2026-10-02T15:06:38.837329+00:00</begin>
                  <end>2026-10-02T15:06:39.837329+00:00</end>
                </TimeSpan>
                <Point>
                  <coordinates>8.523070583658326,47.37171220668214,0</coordinates>
                </Point>
              </Placemark>
              <Placemark>
                <name>Telemetry 7</name>
                <styleUrl>#modifiedtelemetry</styleUrl>
                <TimeSpan>
                  <begin>2026-10-02T15:06:39.837329+00:00</begin>
                  <end>2026-10-02T15:06:40.837329+00:00</end>
                </TimeSpan>
                <Point>
                  <coordinates>8.523022397711506,47.371743068896926,0</coordinates>
                </Point>
              </Placemark>
              <Placemark>
                <name>Telemetry 8</name>
                <styleUrl>#modifiedtelemetry</styleUrl>
                <TimeSpan>
                  <begin>2026-10-02T15:06:40.837329+00:00</begin>
                  <end>2026-10-02T15:06:41.837329+00:00</end>
                </TimeSpan>
                <Point>
                  <coordinates>8.5229757392881,47.371774910132885,0</coordinates>
                </Point>
              </Placemark>
              <Placemark>
                <name>Telemetry 9</name>
                <styleUrl>#modifiedtelemetry</styleUrl>
                <TimeSpan>
                  <begin>2026-10-02T15:06:41.837329+00:00</begin>
                  <end>2026-10-02T15:06:42.837329+00:00</end>
                </TimeSpan>
                <Point>
                  <coordinates>8.522932891599606,47.371809193747204,0</coordinates>
                </Point>
              </Placemark>
              <Placemark>
                <name>Telemetry 10</name>
                <styleUrl>#modifiedtelemetry</styleUrl>
                <TimeSpan>
                  <begin>2026-10-02T15:06:42.837329+00:00</begin>
                  <end>2026-10-02T15:06:43.837329+00:00</end>
                </TimeSpan>
                <Point>
                  <coordinates>8.522890043911113,47.37184347736152,0</coordinates>
                </Point>
              </Placemark>
              <Placemark>
                <name>Telemetry 11</name>
                <styleUrl>#modifiedtelemetry</styleUrl>
                <TimeSpan>
                  <begin>2026-10-02T15:06:43.837329+00:00</begin>
                  <end>2026-10-02T15:06:44.837329+00:00</end>
                </TimeSpan>
                <Point>
                  <coordinates>8.52284719622262,47.37187776097584,0</coordinates>
                </Point>
              </Placemark>
              <Placemark>
                <name>Telemetry 12</name>
                <styleUrl>#modifiedtelemetry</styleUrl>
                <TimeSpan>
                  <begin>2026-10-02T15:06:44.837329+00:00</begin>
                  <end>2026-10-02T15:06:45.837329+00:00</end>
                </TimeSpan>
                <Point>
                  <coordinates>8.522804348534127,47.37191204459016,0</coordinates>
                </Point>
              </Placemark>
              <Placemark>
                <name>Telemetry 13</name>
                <styleUrl>#modifiedtelemetry</styleUrl>
                <TimeSpan>
                  <begin>2026-10-02T15:06:45.837329+00:00</begin>
                  <end>2026-10-02T15:06:46.837329+00:00</end>
                </TimeSpan>
                <Point>
                  <coordinates>8.522761500845634,47.37194632820448,0</coordinates>
                </Point>
              </Placemark>
              <Placemark>
                <name>Telemetry 14</name>
                <styleUrl>#modifiedtelemetry</styleUrl>
                <TimeSpan>
                  <begin>2026-10-02T15:06:46.837329+00:00</begin>
                  <end>2026-10-02T15:06:47.837329+00:00</end>
                </TimeSpan>
                <Point>
                  <coordinates>8.522718653157142,47.371980611818806,0</coordinates>
                </Point>
              </Placemark>
              <Placemark>
                <name>Telemetry 15</name>
                <styleUrl>#modifiedtelemetry</styleUrl>
                <TimeSpan>
                  <begin>2026-10-02T15:06:47.837329+00:00</begin>
                  <end>2026-10-02T15:06:48.837329+00:00</end>
                </TimeSpan>
                <Point>
                  <coordinates>8.522675805468648,47.372014895433125,0</coordinates>
                </Point>
              </Placemark>
              <Placemark>
                <name>Telemetry 16</name>
                <styleUrl>#modifiedtelemetry</styleUrl>
                <TimeSpan>
                  <begin>2026-10-02T15:06:48.837329+00:00</begin>
                  <end>2026-10-02T15:06:49.837329+00:00</end>
                </TimeSpan>
                <Point>
                  <coordinates>8.522630095760274,47.37204743572325,0</coordinates>
                </Point>
              </Placemark>
              <Placemark>
                <name>Telemetry 17</name>
                <styleUrl>#modifiedtelemetry</styleUrl>
                <TimeSpan>
                  <begin>2026-10-02T15:06:49.837329+00:00</begin>
                  <end>2026-10-02T15:06:50.837329+00:00</end>
                </TimeSpan>
                <Point>
                  <coordinates>8.522580799973472,47.372082380767935,0</coordinates>
                </Point>
              </Placemark>
              <Placemark>
                <name>Telemetry 18</name>
                <styleUrl>#modifiedtelemetry</styleUrl>
                <TimeSpan>
                  <begin>2026-10-02T15:06:50.837329+00:00</begin>
                  <end>2026-10-02T15:06:51.837329+00:00</end>
                </TimeSpan>
                <Point>
                  <coordinates>8.52253150418667,47.372117325812624,0</coordinates>
                </Point>
              </Placemark>
              <Placemark>
                <name>Telemetry 19</name>
                <styleUrl>#modifiedtelemetry</styleUrl>
                <TimeSpan>
                  <begin>2026-10-02T15:06:51.837329+00:00</begin>
                  <end>2026-10-02T15:06:52.837329+00:00</end>
                </TimeSpan>
                <Point>
                  <coordinates>8.52248220839987,47.372152270857306,0</coordinates>
                </Point>
              </Placemark>
              <Placemark>
                <name>Telemetry 20</name>
                <styleUrl>#modifiedtelemetry</styleUrl>
                <TimeSpan>
                  <begin>2026-10-02T15:06:52.837329+00:00</begin>
                  <end>2026-10-02T15:06:53.837329+00:00</end>
                </TimeSpan>
                <Point>
                  <coordinates>8.522432912613064,47.372187215901995,0</coordinates>
                </Point>
              </Placemark>
              <Placemark>
                <name>Telemetry 21</name>
                <styleUrl>#modifiedtelemetry</styleUrl>
                <TimeSpan>
                  <begin>2026-10-02T15:06:53.837329+00:00</begin>
                  <end>2026-10-02T15:06:54.837329+00:00</end>
                </TimeSpan>
                <Point>
                  <coordinates>8.522383616826263,47.37222216094668,0</coordinates>
                </Point>
              </Placemark>
              <Placemark>
                <name>Telemetry 22</name>
                <styleUrl>#modifiedtelemetry</styleUrl>
                <TimeSpan>
                  <begin>2026-10-02T15:06:54.837329+00:00</begin>
                  <end>2026-10-02T15:06:55.837329+00:00</end>
                </TimeSpan>
                <Point>
                  <coordinates>8.52233432103946,47.372257105991366,0</coordinates>
                </Point>
              </Placemark>
              <Placemark>
                <name>Telemetry 23</name>
                <styleUrl>#modifiedtelemetry</styleUrl>
                <TimeSpan>
                  <begin>2026-10-02T15:06:55.837329+00:00</begin>
                  <end>2026-10-02T15:06:56.837329+00:00</end>
                </TimeSpan>
                <Point>
                  <coordinates>8.52228502525266,47.37229205103605,0</coordinates>
                </Point>
              </Placemark>
              <Placemark>
                <name>Telemetry 24</name>
                <styleUrl>#modifiedtelemetry</styleUrl>
                <TimeSpan>
                  <begin>2026-10-02T15:06:56.837329+00:00</begin>
                  <end>2026-10-02T15:06:57.837329+00:00</end>
                </TimeSpan>
                <Point>
                  <coordinates>8.522235729465857,47.37232699608074,0</coordinates>
                </Point>
              </Placemark>
              <Placemark>
                <name>Telemetry 25</name>
                <styleUrl>#modifiedtelemetry</styleUrl>
                <TimeSpan>
                  <begin>2026-10-02T15:06:57.837329+00:00</begin>
                  <end>2026-10-02T15:06:58.837329+00:00</end>
                </TimeSpan>
                <Point>
                  <coordinates>8.522186433679055,47.37236194112542,0</coordinates>
                </Point>
              </Placemark>
              <Placemark>
                <name>Telemetry 26</name>
                <styleUrl>#modifiedtelemetry</styleUrl>
                <TimeSpan>
                  <begin>2026-10-02T15:06:58.837329+00:00</begin>
                  <end>2026-10-02T15:06:59.837329+00:00</end>
                </TimeSpan>
                <Point>
                  <coordinates>8.522137137892253,47.37239688617011,0</coordinates>
                </Point>
              </Placemark>
              <Placemark>
                <name>Telemetry 27</name>
                <styleUrl>#modifiedtelemetry</styleUrl>
                <TimeSpan>
                  <begin>2026-10-02T15:06:59.837329+00:00</begin>
                  <end>2026-10-02T15:07:00.837329+00:00</end>
                </TimeSpan>
                <Point>
                  <coordinates>8.522087838468211,47.37243182886079,0</coordinates>
                </Point>
              </Placemark>
              <Placemark>
                <name>Telemetry 28</name>
                <styleUrl>#modifiedtelemetry</styleUrl>
                <TimeSpan>
                  <begin>2026-10-02T15:07:00.837329+00:00</begin>
                  <end>2026-10-02T15:07:01.837329+00:00</end>
                </TimeSpan>
                <Point>
                  <coordinates>8.522032112466293,47.37247131013179,0</coordinates>
                </Point>
              </Placemark>
              <Placemark>
                <name>Telemetry 29</name>
                <styleUrl>#modifiedtelemetry</styleUrl>
                <TimeSpan>
                  <begin>2026-10-02T15:07:01.837329+00:00</begin>
                  <end>2026-10-02T15:07:02.837329+00:00</end>
                </TimeSpan>
                <Point>
                  <coordinates>8.521976386464376,47.37251079140279,0</coordinates>
                </Point>
              </Placemark>
              <Placemark>
                <name>Telemetry 30</name>
                <styleUrl>#modifiedtelemetry</styleUrl>
                <TimeSpan>
                  <begin>2026-10-02T15:07:02.837329+00:00</begin>
                  <end>2026-10-02T15:07:03.837329+00:00</end>
                </TimeSpan>
                <Point>
                  <coordinates>8.521920660462458,47.37255027267379,0</coordinates>
                </Point>
              </Placemark>
              <Placemark>
                <name>Telemetry 31</name>
                <styleUrl>#modifiedtelemetry</styleUrl>
                <TimeSpan>
                  <begin>2026-10-02T15:07:03.837329+00:00</begin>
                  <end>2026-10-02T15:07:04.837329+00:00</end>
                </TimeSpan>
                <Point>
                  <coordinates>8.521864934460542,47.37258975394479,0</coordinates>
                </Point>
              </Placemark>
              <Placemark>
                <name>Telemetry 32</name>
                <styleUrl>#modifiedtelemetry</styleUrl>
                <TimeSpan>
                  <begin>2026-10-02T15:07:04.837329+00:00</begin>
                  <end>2026-10-02T15:07:05.837329+00:00</end>
                </TimeSpan>
                <Point>
                  <coordinates>8.521809208458624,47.37262923521579,0</coordinates>
                </Point>
              </Placemark>
              <Placemark>
                <name>Telemetry 33</name>
                <styleUrl>#modifiedtelemetry</styleUrl>
                <TimeSpan>
                  <begin>2026-10-02T15:07:05.837329+00:00</begin>
                  <end>2026-10-02T15:07:06.837329+00:00</end>
                </TimeSpan>
                <Point>
                  <coordinates>8.521753482456708,47.372668716486785,0</coordinates>
                </Point>
              </Placemark>
              <Placemark>
                <name>Telemetry 34</name>
                <styleUrl>#modifiedtelemetry</styleUrl>
                <TimeSpan>
                  <begin>2026-10-02T15:07:06.837329+00:00</begin>
                  <end>2026-10-02T15:07:07.837329+00:00</end>
                </TimeSpan>
                <Point>
                  <coordinates>8.521697756454788,47.37270819775779,0</coordinates>
                </Point>
              </Placemark>
              <Placemark>
                <name>Telemetry 35</name>
                <styleUrl>#modifiedtelemetry</styleUrl>
                <TimeSpan>
                  <begin>2026-10-02T15:07:07.837329+00:00</begin>
                  <end>2026-10-02T15:07:08.837329+00:00</end>
                </TimeSpan>
                <Point>
                  <coordinates>8.52164203045287,47.372747679028784,0</coordinates>
                </Point>
              </Placemark>
              <Placemark>
                <name>Telemetry 36</name>
                <styleUrl>#modifiedtelemetry</styleUrl>
                <TimeSpan>
                  <begin>2026-10-02T15:07:08.837329+00:00</begin>
                  <end>2026-10-02T15:07:09.837329+00:00</end>
                </TimeSpan>
                <Point>
                  <coordinates>8.521586304450953,47.37278716029979,0</coordinates>
                </Point>
              </Placemark>
              <Placemark>
                <name>Telemetry 37</name>
                <styleUrl>#modifiedtelemetry</styleUrl>
                <TimeSpan>
                  <begin>2026-10-02T15:07:09.837329+00:00</begin>
                  <end>2026-10-02T15:07:10.837329+00:00</end>
                </TimeSpan>
                <Point>
                  <coordinates>8.521530578449035,47.37282664157078,0</coordinates>
                </Point>
              </Placemark>
              <Placemark>
                <name>Telemetry 38</name>
                <styleUrl>#modifiedtelemetry</styleUrl>
                <TimeSpan>
                  <begin>2026-10-02T15:07:10.837329+00:00</begin>
                  <end>2026-10-02T15:07:11.837329+00:00</end>
                </TimeSpan>
                <Point>
                  <coordinates>8.521474852447117,47.372866122841785,0</coordinates>
                </Point>
              </Placemark>
              <Placemark>
                <name>Telemetry 39</name>
                <styleUrl>#modifiedtelemetry</styleUrl>
                <TimeSpan>
                  <begin>2026-10-02T15:07:11.837329+00:00</begin>
                  <end>2026-10-02T15:07:12.837329+00:00</end>
                </TimeSpan>
                <Point>
                  <coordinates>8.5214191264452,47.37290560411278,0</coordinates>
                </Point>
              </Placemark>
              <Placemark>
                <name>Telemetry 40</name>
                <styleUrl>#modifiedtelemetry</styleUrl>
                <TimeSpan>
                  <begin>2026-10-02T15:07:12.837329+00:00</begin>
                  <end>2026-10-02T15:07:13.837329+00:00</end>
                </TimeSpan>
                <Point>
                  <coordinates>8.521363400443283,47.37294508538378,0</coordinates>
                </Point>
              </Placemark>
              <Placemark>
                <name>Telemetry 41</name>
                <styleUrl>#modifiedtelemetry</styleUrl>
                <TimeSpan>
                  <begin>2026-10-02T15:07:13.837329+00:00</begin>
                  <end>2026-10-02T15:07:14.837329+00:00</end>
                </TimeSpan>
                <Point>
                  <coordinates>8.521307674441365,47.37298456665478,0</coordinates>
                </Point>
              </Placemark>
              <Placemark>
                <name>Telemetry 42</name>
                <styleUrl>#modifiedtelemetry</styleUrl>
                <TimeSpan>
                  <begin>2026-10-02T15:07:14.837329+00:00</begin>
                  <end>2026-10-02T15:07:15.837329+00:00</end>
                </TimeSpan>
                <Point>
                  <coordinates>8.521251948439447,47.37302404792578,0</coordinates>
                </Point>
              </Placemark>
              <Placemark>
                <name>Telemetry 43</name>
                <styleUrl>#modifiedtelemetry</styleUrl>
                <TimeSpan>
                  <begin>2026-10-02T15:07:15.837329+00:00</begin>
                  <end>2026-10-02T15:07:16.837329+00:00</end>
                </TimeSpan>
                <Point>
                  <coordinates>8.52119622243753,47.37306352919678,0</coordinates>
                </Point>
              </Placemark>
              <Placemark>
                <name>Telemetry 44</name>
                <styleUrl>#modifiedtelemetry</styleUrl>
                <TimeSpan>
                  <begin>2026-10-02T15:07:16.837329+00:00</begin>
                  <end>2026-10-02T15:07:17.837329+00:00</end>
                </TimeSpan>
                <Point>
                  <coordinates>8.521140496435612,47.37310301046778,0</coordinates>
                </Point>
              </Placemark>
              <Placemark>
                <name>Telemetry 45</name>
                <styleUrl>#modifiedtelemetry</styleUrl>
                <TimeSpan>
                  <begin>2026-10-02T15:07:17.837329+00:00</begin>
                  <end>2026-10-02T15:07:18.837329+00:00</end>
                </TimeSpan>
                <Point>
                  <coordinates>8.521084770433694,47.373142491738776,0</coordinates>
                </Point>
              </Placemark>
              <Placemark>
                <name>Telemetry 46</name>
                <styleUrl>#modifiedtelemetry</styleUrl>
                <TimeSpan>
                  <begin>2026-10-02T15:07:18.837329+00:00</begin>
                  <end>2026-10-02T15:07:19.837329+00:00</end>
                </TimeSpan>
                <Point>
                  <coordinates>8.521029997240193,47.37318257084312,0</coordinates>
                </Point>
              </Placemark>
              <Placemark>
                <name>Telemetry 47</name>
                <styleUrl>#modifiedtelemetry</styleUrl>
                <TimeSpan>
                  <begin>2026-10-02T15:07:19.837329+00:00</begin>
                  <end>2026-10-02T15:07:20.837329+00:00</end>
                </TimeSpan>
                <Point>
                  <coordinates>8.520963533997929,47.37323270220549,0</coordinates>
                </Point>
              </Placemark>
              <Placemark>
                <name>Telemetry 48</name>
                <styleUrl>#modifiedtelemetry</styleUrl>
                <TimeSpan>
                  <begin>2026-10-02T15:07:20.837329+00:00</begin>
                  <end>2026-10-02T15:07:21.837329+00:00</end>
                </TimeSpan>
                <Point>
                  <coordinates>8.520897070755662,47.37328283356786,0</coordinates>
                </Point>
              </Placemark>
              <Placemark>
                <name>Telemetry 49</name>
                <styleUrl>#modifiedtelemetry</styleUrl>
                <TimeSpan>
                  <begin>2026-10-02T15:07:21.837329+00:00</begin>
                  <end>2026-10-02T15:07:22.837329+00:00</end>
                </TimeSpan>
                <Point>
                  <coordinates>8.520830607513398,47.37333296493023,0</coordinates>
                </Point>
              </Placemark>
              <Placemark>
                <name>Telemetry 50</name>
                <styleUrl>#modifiedtelemetry</styleUrl>
                <TimeSpan>
                  <begin>2026-10-02T15:07:22.837329+00:00</begin>
                  <end>2026-10-02T15:07:23.837329+00:00</end>
                </TimeSpan>
                <Point>
                  <coordinates>8.520764144271133,47.3733830962926,0</coordinates>
                </Point>
              </Placemark>
              <Placemark>
                <name>Telemetry 51</name>
                <styleUrl>#modifiedtelemetry</styleUrl>
                <TimeSpan>
                  <begin>2026-10-02T15:07:23.837329+00:00</begin>
                  <end>2026-10-02T15:07:24.837329+00:00</end>
                </TimeSpan>
                <Point>
                  <coordinates>8.520697681028867,47.37343322765497,0</coordinates>
                </Point>
              </Placemark>
              <Placemark>
                <name>Telemetry 52</name>
                <styleUrl>#modifiedtelemetry</styleUrl>
                <TimeSpan>
                  <begin>2026-10-02T15:07:24.837329+00:00</begin>
                  <end>2026-10-02T15:07:25.837329+00:00</end>
                </TimeSpan>
                <Point>
                  <coordinates>8.520631217786603,47.373483359017335,0</coordinates>
                </Point>
              </Placemark>
              <Placemark>
                <name>Telemetry 53</name>
                <styleUrl>#modifiedtelemetry</styleUrl>
                <TimeSpan>
                  <begin>2026-10-02T15:07:25.837329+00:00</begin>
                  <end>2026-10-02T15:07:26.837329+00:00</end>
                </TimeSpan>
                <Point>
                  <coordinates>8.520564754544338,47.37353349037971,0</coordinates>
                </Point>
              </Placemark>
              <Placemark>
                <name>Telemetry 54</name>
                <styleUrl>#modifiedtelemetry</styleUrl>
                <TimeSpan>
                  <begin>2026-10-02T15:07:26.837329+00:00</begin>
                  <end>2026-10-02T15:07:27.837329+00:00</end>
                </TimeSpan>
                <Point>
                  <coordinates>8.520498291302074,47.37358362174207,0</coordinates>
                </Point>
              </Placemark>
              <Placemark>
                <name>Telemetry 55</name>
                <styleUrl>#modifiedtelemetry</styleUrl>
                <TimeSpan>
                  <begin>2026-10-02T15:07:27.837329+00:00</begin>
                  <end>2026-10-02T15:07:28.837329+00:00</end>
                </TimeSpan>
                <Point>
                  <coordinates>8.520431828059808,47.37363375310444,0</coordinates>
                </Point>
              </Placemark>
              <Placemark>
                <name>Telemetry 56</name>
                <styleUrl>#modifiedtelemetry</styleUrl>
                <TimeSpan>
                  <begin>2026-10-02T15:07:28.837329+00:00</begin>
                  <end>2026-10-02T15:07:29.837329+00:00</end>
                </TimeSpan>
                <Point>
                  <coordinates>8.520365364817543,47.373683884466814,0</coordinates>
                </Point>
              </Placemark>
              <Placemark>
                <name>Telemetry 57</name>
                <styleUrl>#modifiedtelemetry</styleUrl>
                <TimeSpan>
                  <begin>2026-10-02T15:07:29.837329+00:00</begin>
                  <end>2026-10-02T15:07:30.837329+00:00</end>
                </TimeSpan>
                <Point>
                  <coordinates>8.520303903282091,47.37373680594896,0</coordinates>
                </Point>
              </Placemark>
              <Placemark>
                <name>Telemetry 58</name>
                <styleUrl>#modifiedtelemetry</styleUrl>
                <TimeSpan>
                  <begin>2026-10-02T15:07:30.837329+00:00</begin>
                  <end>2026-10-02T15:07:31.837329+00:00</end>
                </TimeSpan>
                <Point>
                  <coordinates>8.520235595452737,47.373798117289056,0</coordinates>
                </Point>
              </Placemark>
              <Placemark>
                <name>Telemetry 59</name>
                <styleUrl>#modifiedtelemetry</styleUrl>
                <TimeSpan>
                  <begin>2026-10-02T15:07:31.837329+00:00</begin>
                  <end>2026-10-02T15:07:32.837329+00:00</end>
                </TimeSpan>
                <Point>
                  <coordinates>8.520167287623382,47.373859428629146,0</coordinates>
                </Point>
              </Placemark>
              <Placemark>
                <name>Telemetry 60</name>
                <styleUrl>#modifiedtelemetry</styleUrl>
                <TimeSpan>
                  <begin>2026-10-02T15:07:32.837329+00:00</begin>
                  <end>2026-10-02T15:07:33.837329+00:00</end>
                </TimeSpan>
                <Point>
                  <coordinates>8.520098979794028,47.37392073996924,0</coordinates>
                </Point>
              </Placemark>
              <Placemark>
                <name>Telemetry 61</name>
                <styleUrl>#modifiedtelemetry</styleUrl>
                <TimeSpan>
                  <begin>2026-10-02T15:07:33.837329+00:00</begin>
                  <end>2026-10-02T15:07:34.837329+00:00</end>
                </TimeSpan>
                <Point>
                  <coordinates>8.520030671964673,47.37398205130934,0</coordinates>
                </Point>
              </Placemark>
              <Placemark>
                <name>Telemetry 62</name>
                <styleUrl>#modifiedtelemetry</styleUrl>
                <TimeSpan>
                  <begin>2026-10-02T15:07:34.837329+00:00</begin>
                  <end>2026-10-02T15:07:35.837329+00:00</end>
                </TimeSpan>
                <Point>
                  <coordinates>8.519962364135319,47.37404336264943,0</coordinates>
                </Point>
              </Placemark>
              <Placemark>
                <name>Telemetry 63</name>
                <styleUrl>#modifiedtelemetry</styleUrl>
                <TimeSpan>
                  <begin>2026-10-02T15:07:35.837329+00:00</begin>
                  <end>2026-10-02T15:07:36.837329+00:00</end>
                </TimeSpan>
                <Point>
                  <coordinates>8.519895098918301,47.374105167193115,0</coordinates>
                </Point>
              </Placemark>
            </Folder>
          </Folder>
        </Folder>
        <Folder>
          <name>Service Provider polling</name>
        </Folder>
        <Folder>
          <name>Service Provider polling</name>
        </Folder>
        <Folder>
          <name>Service Provider polling</name>
        </Folder>
        <Folder>
          <name>Service Provider polling</name>
        </Folder>
        <Folder>
          <name>Service Provider polling</name>
        </Folder>
        <Folder>
          <name>Verify operator notification</name>
        </Folder>
        <Folder>
          <name>Intermediate cleanup</name>
        </Folder>
        <Folder>
          <name>Retrieve pre-existing operator notification</name>
        </Folder>
        <Folder>
          <name>Injection</name>
          <Folder>
            <name>E104: uss1 interuss.automated_testing.rid.v1.injection.createTest</name>
            <Folder>
              <name>Test flight 11bdc8fe-6f55-4d1a-8795-11ac3a40b5db</name>
              <Placemark>
                <name>Telemetry 0</name>
                <styleUrl>#modifiedtelemetry</styleUrl>
                <TimeSpan>
                  <begin>2026-10-02T15:06:43.446434+00:00</begin>
                  <end>2026-10-02T15:06:44.446434+00:00</end>
                </TimeSpan>
                <Point>
                  <coordinates>8.523321827032547,47.3715045208158,0</coordinates>
                </Point>
              </Placemark>
              <Placemark>
                <name>Telemetry 1</name>
                <styleUrl>#modifiedtelemetry</styleUrl>
                <TimeSpan>
                  <begin>2026-10-02T15:06:44.446434+00:00</begin>
                  <end>2026-10-02T15:06:45.446434+00:00</end>
                </TimeSpan>
                <Point>
                  <coordinates>8.523282890548819,47.371540881223694,0</coordinates>
                </Point>
              </Placemark>
              <Placemark>
                <name>Telemetry 2</name>
                <styleUrl>#modifiedtelemetry</styleUrl>
                <TimeSpan>
                  <begin>2026-10-02T15:06:45.446434+00:00</begin>
                  <end>2026-10-02T15:06:46.446434+00:00</end>
                </TimeSpan>
                <Point>
                  <coordinates>8.52324395406509,47.37157724163159,0</coordinates>
                </Point>
              </Placemark>
              <Placemark>
                <name>Telemetry 3</name>
                <styleUrl>#modifiedtelemetry</styleUrl>
                <TimeSpan>
                  <begin>2026-10-02T15:06:46.446434+00:00</begin>
                  <end>2026-10-02T15:06:47.446434+00:00</end>
                </TimeSpan>
                <Point>
                  <coordinates>8.523205017581365,47.37161360203949,0</coordinates>
                </Point>
              </Placemark>
              <Placemark>
                <name>Telemetry 4</name>
                <styleUrl>#modifiedtelemetry</styleUrl>
                <TimeSpan>
                  <begin>2026-10-02T15:06:47.446434+00:00</begin>
                  <end>2026-10-02T15:06:48.446434+00:00</end>
                </TimeSpan>
                <Point>
                  <coordinates>8.523166081097637,47.371649962447385,0</coordinates>
                </Point>
              </Placemark>
              <Placemark>
                <name>Telemetry 5</name>
                <styleUrl>#modifiedtelemetry</styleUrl>
                <TimeSpan>
                  <begin>2026-10-02T15:06:48.446434+00:00</begin>
                  <end>2026-10-02T15:06:49.446434+00:00</end>
                </TimeSpan>
                <Point>
                  <coordinates>8.523118769605144,47.37168134446735,0</coordinates>
                </Point>
              </Placemark>
              <Placemark>
                <name>Telemetry 6</name>
                <styleUrl>#modifiedtelemetry</styleUrl>
                <TimeSpan>
                  <begin>2026-10-02T15:06:49.446434+00:00</begin>
                  <end>2026-10-02T15:06:50.446434+00:00</end>
                </TimeSpan>
                <Point>
                  <coordinates>8.523070583658326,47.37171220668214,0</coordinates>
                </Point>
              </Placemark>
              <Placemark>
                <name>Telemetry 7</name>
                <styleUrl>#modifiedtelemetry</styleUrl>
                <TimeSpan>
                  <begin>2026-10-02T15:06:50.446434+00:00</begin>
                  <end>2026-10-02T15:06:51.446434+00:00</end>
                </TimeSpan>
                <Point>
                  <coordinates>8.523022397711506,47.371743068896926,0</coordinates>
                </Point>
              </Placemark>
              <Placemark>
                <name>Telemetry 8</name>
                <styleUrl>#modifiedtelemetry</styleUrl>
                <TimeSpan>
                  <begin>2026-10-02T15:06:51.446434+00:00</begin>
                  <end>2026-10-02T15:06:52.446434+00:00</end>
                </TimeSpan>
                <Point>
                  <coordinates>8.5229757392881,47.371774910132885,0</coordinates>
                </Point>
              </Placemark>
              <Placemark>
                <name>Telemetry 9</name>
                <styleUrl>#modifiedtelemetry</styleUrl>
                <TimeSpan>
                  <begin>2026-10-02T15:06:52.446434+00:00</begin>
                  <end>2026-10-02T15:06:53.446434+00:00</end>
                </TimeSpan>
                <Point>
                  <coordinates>8.522932891599606,47.371809193747204,0</coordinates>
                </Point>
              </Placemark>
              <Placemark>
                <name>Telemetry 10</name>
                <styleUrl>#modifiedtelemetry</styleUrl>
                <TimeSpan>
                  <begin>2026-10-02T15:06:53.446434+00:00</begin>
                  <end>2026-10-02T15:06:54.446434+00:00</end>
                </TimeSpan>
                <Point>
                  <coordinates>8.522890043911113,47.37184347736152,0</coordinates>
                </Point>
              </Placemark>
              <Placemark>
                <name>Telemetry 11</name>
                <styleUrl>#modifiedtelemetry</styleUrl>
                <TimeSpan>
                  <begin>2026-10-02T15:06:54.446434+00:00</begin>
                  <end>2026-10-02T15:06:55.446434+00:00</end>
                </TimeSpan>
                <Point>
                  <coordinates>8.52284719622262,47.37187776097584,0</coordinates>
                </Point>
              </Placemark>
              <Placemark>
                <name>Telemetry 12</name>
                <styleUrl>#modifiedtelemetry</styleUrl>
                <TimeSpan>
                  <begin>2026-10-02T15:06:55.446434+00:00</begin>
                  <end>2026-10-02T15:06:56.446434+00:00</end>
                </TimeSpan>
                <Point>
                  <coordinates>8.522804348534127,47.37191204459016,0</coordinates>
                </Point>
              </Placemark>
              <Placemark>
                <name>Telemetry 13</name>
                <styleUrl>#modifiedtelemetry</styleUrl>
                <TimeSpan>
                  <begin>2026-10-02T15:06:56.446434+00:00</begin>
                  <end>2026-10-02T15:06:57.446434+00:00</end>
                </TimeSpan>
                <Point>
                  <coordinates>8.522761500845634,47.37194632820448,0</coordinates>
                </Point>
              </Placemark>
              <Placemark>
                <name>Telemetry 14</name>
                <styleUrl>#modifiedtelemetry</styleUrl>
                <TimeSpan>
                  <begin>2026-10-02T15:06:57.446434+00:00</begin>
                  <end>2026-10-02T15:06:58.446434+00:00</end>
                </TimeSpan>
                <Point>
                  <coordinates>8.522718653157142,47.371980611818806,0</coordinates>
                </Point>
              </Placemark>
              <Placemark>
                <name>Telemetry 15</name>
                <styleUrl>#modifiedtelemetry</styleUrl>
                <TimeSpan>
                  <begin>2026-10-02T15:06:58.446434+00:00</begin>
                  <end>2026-10-02T15:06:59.446434+00:00</end>
                </TimeSpan>
                <Point>
                  <coordinates>8.522675805468648,47.372014895433125,0</coordinates>
                </Point>
              </Placemark>
              <Placemark>
                <name>Telemetry 16</name>
                <styleUrl>#modifiedtelemetry</styleUrl>
                <TimeSpan>
                  <begin>2026-10-02T15:06:59.446434+00:00</begin>
                  <end>2026-10-02T15:07:00.446434+00:00</end>
                </TimeSpan>
                <Point>
                  <coordinates>8.522630095760274,47.37204743572325,0</coordinates>
                </Point>
              </Placemark>
              <Placemark>
                <name>Telemetry 17</name>
                <styleUrl>#modifiedtelemetry</styleUrl>
                <TimeSpan>
                  <begin>2026-10-02T15:07:00.446434+00:00</begin>
                  <end>2026-10-02T15:07:01.446434+00:00</end>
                </TimeSpan>
                <Point>
                  <coordinates>8.522580799973472,47.372082380767935,0</coordinates>
                </Point>
              </Placemark>
              <Placemark>
                <name>Telemetry 18</name>
                <styleUrl>#modifiedtelemetry</styleUrl>
                <TimeSpan>
                  <begin>2026-10-02T15:07:01.446434+00:00</begin>
                  <end>2026-10-02T15:07:02.446434+00:00</end>
                </TimeSpan>
                <Point>
                  <coordinates>8.52253150418667,47.372117325812624,0</coordinates>
                </Point>
              </Placemark>
              <Placemark>
                <name>Telemetry 19</name>
                <styleUrl>#modifiedtelemetry</styleUrl>
                <TimeSpan>
                  <begin>2026-10-02T15:07:02.446434+00:00</begin>
                  <end>2026-10-02T15:07:03.446434+00:00</end>
                </TimeSpan>
                <Point>
                  <coordinates>8.52248220839987,47.372152270857306,0</coordinates>
                </Point>
              </Placemark>
              <Placemark>
                <name>Telemetry 20</name>
                <styleUrl>#modifiedtelemetry</styleUrl>
                <TimeSpan>
                  <begin>2026-10-02T15:07:03.446434+00:00</begin>
                  <end>2026-10-02T15:07:04.446434+00:00</end>
                </TimeSpan>
                <Point>
                  <coordinates>8.522432912613064,47.372187215901995,0</coordinates>
                </Point>
              </Placemark>
              <Placemark>
                <name>Telemetry 21</name>
                <styleUrl>#modifiedtelemetry</styleUrl>
                <TimeSpan>
                  <begin>2026-10-02T15:07:04.446434+00:00</begin>
                  <end>2026-10-02T15:07:05.446434+00:00</end>
                </TimeSpan>
                <Point>
                  <coordinates>8.522383616826263,47.37222216094668,0</coordinates>
                </Point>
              </Placemark>
              <Placemark>
                <name>Telemetry 22</name>
                <styleUrl>#modifiedtelemetry</styleUrl>
                <TimeSpan>
                  <begin>2026-10-02T15:07:05.446434+00:00</begin>
                  <end>2026-10-02T15:07:06.446434+00:00</end>
                </TimeSpan>
                <Point>
                  <coordinates>8.52233432103946,47.372257105991366,0</coordinates>
                </Point>
              </Placemark>
              <Placemark>
                <name>Telemetry 23</name>
                <styleUrl>#modifiedtelemetry</styleUrl>
                <TimeSpan>
                  <begin>2026-10-02T15:07:06.446434+00:00</begin>
                  <end>2026-10-02T15:07:07.446434+00:00</end>
                </TimeSpan>
                <Point>
                  <coordinates>8.52228502525266,47.37229205103605,0</coordinates>
                </Point>
              </Placemark>
              <Placemark>
                <name>Telemetry 24</name>
                <styleUrl>#modifiedtelemetry</styleUrl>
                <TimeSpan>
                  <begin>2026-10-02T15:07:07.446434+00:00</begin>
                  <end>2026-10-02T15:07:08.446434+00:00</end>
                </TimeSpan>
                <Point>
                  <coordinates>8.522235729465857,47.37232699608074,0</coordinates>
                </Point>
              </Placemark>
              <Placemark>
                <name>Telemetry 25</name>
                <styleUrl>#modifiedtelemetry</styleUrl>
                <TimeSpan>
                  <begin>2026-10-02T15:07:08.446434+00:00</begin>
                  <end>2026-10-02T15:07:09.446434+00:00</end>
                </TimeSpan>
                <Point>
                  <coordinates>8.522186433679055,47.37236194112542,0</coordinates>
                </Point>
              </Placemark>
              <Placemark>
                <name>Telemetry 26</name>
                <styleUrl>#modifiedtelemetry</styleUrl>
                <TimeSpan>
                  <begin>2026-10-02T15:07:09.446434+00:00</begin>
                  <end>2026-10-02T15:07:10.446434+00:00</end>
                </TimeSpan>
                <Point>
                  <coordinates>8.522137137892253,47.37239688617011,0</coordinates>
                </Point>
              </Placemark>
              <Placemark>
                <name>Telemetry 27</name>
                <styleUrl>#modifiedtelemetry</styleUrl>
                <TimeSpan>
                  <begin>2026-10-02T15:07:10.446434+00:00</begin>
                  <end>2026-10-02T15:07:11.446434+00:00</end>
                </TimeSpan>
                <Point>
                  <coordinates>8.522087838468211,47.37243182886079,0</coordinates>
                </Point>
              </Placemark>
              <Placemark>
                <name>Telemetry 28</name>
                <styleUrl>#modifiedtelemetry</styleUrl>
                <TimeSpan>
                  <begin>2026-10-02T15:07:11.446434+00:00</begin>
                  <end>2026-10-02T15:07:12.446434+00:00</end>
                </TimeSpan>
                <Point>
                  <coordinates>8.522032112466293,47.37247131013179,0</coordinates>
                </Point>
              </Placemark>
              <Placemark>
                <name>Telemetry 29</name>
                <styleUrl>#modifiedtelemetry</styleUrl>
                <TimeSpan>
                  <begin>2026-10-02T15:07:12.446434+00:00</begin>
                  <end>2026-10-02T15:07:13.446434+00:00</end>
                </TimeSpan>
                <Point>
                  <coordinates>8.521976386464376,47.37251079140279,0</coordinates>
                </Point>
              </Placemark>
              <Placemark>
                <name>Telemetry 30</name>
                <styleUrl>#modifiedtelemetry</styleUrl>
                <TimeSpan>
                  <begin>2026-10-02T15:07:13.446434+00:00</begin>
                  <end>2026-10-02T15:07:14.446434+00:00</end>
                </TimeSpan>
                <Point>
                  <coordinates>8.521920660462458,47.37255027267379,0</coordinates>
                </Point>
              </Placemark>
              <Placemark>
                <name>Telemetry 31</name>
                <styleUrl>#modifiedtelemetry</styleUrl>
                <TimeSpan>
                  <begin>2026-10-02T15:07:14.446434+00:00</begin>
                  <end>2026-10-02T15:07:15.446434+00:00</end>
                </TimeSpan>
                <Point>
                  <coordinates>8.521864934460542,47.37258975394479,0</coordinates>
                </Point>
              </Placemark>
              <Placemark>
                <name>Telemetry 32</name>
                <styleUrl>#modifiedtelemetry</styleUrl>
                <TimeSpan>
                  <begin>2026-10-02T15:07:15.446434+00:00</begin>
                  <end>2026-10-02T15:07:16.446434+00:00</end>
                </TimeSpan>
                <Point>
                  <coordinates>8.521809208458624,47.37262923521579,0</coordinates>
                </Point>
              </Placemark>
              <Placemark>
                <name>Telemetry 33</name>
                <styleUrl>#modifiedtelemetry</styleUrl>
                <TimeSpan>
                  <begin>2026-10-02T15:07:16.446434+00:00</begin>
                  <end>2026-10-02T15:07:17.446434+00:00</end>
                </TimeSpan>
                <Point>
                  <coordinates>8.521753482456708,47.372668716486785,0</coordinates>
                </Point>
              </Placemark>
              <Placemark>
                <name>Telemetry 34</name>
                <styleUrl>#modifiedtelemetry</styleUrl>
                <TimeSpan>
                  <begin>2026-10-02T15:07:17.446434+00:00</begin>
                  <end>2026-10-02T15:07:18.446434+00:00</end>
                </TimeSpan>
                <Point>
                  <coordinates>8.521697756454788,47.37270819775779,0</coordinates>
                </Point>
              </Placemark>
              <Placemark>
                <name>Telemetry 35</name>
                <styleUrl>#modifiedtelemetry</styleUrl>
                <TimeSpan>
                  <begin>2026-10-02T15:07:18.446434+00:00</begin>
                  <end>2026-10-02T15:07:19.446434+00:00</end>
                </TimeSpan>
                <Point>
                  <coordinates>8.52164203045287,47.372747679028784,0</coordinates>
                </Point>
              </Placemark>
              <Placemark>
                <name>Telemetry 36</name>
                <styleUrl>#modifiedtelemetry</styleUrl>
                <TimeSpan>
                  <begin>2026-10-02T15:07:19.446434+00:00</begin>
                  <end>2026-10-02T15:07:20.446434+00:00</end>
                </TimeSpan>
                <Point>
                  <coordinates>8.521586304450953,47.37278716029979,0</coordinates>
                </Point>
              </Placemark>
              <Placemark>
                <name>Telemetry 37</name>
                <styleUrl>#modifiedtelemetry</styleUrl>
                <TimeSpan>
                  <begin>2026-10-02T15:07:20.446434+00:00</begin>
                  <end>2026-10-02T15:07:21.446434+00:00</end>
                </TimeSpan>
                <Point>
                  <coordinates>8.521530578449035,47.37282664157078,0</coordinates>
                </Point>
              </Placemark>
              <Placemark>
                <name>Telemetry 38</name>
                <styleUrl>#modifiedtelemetry</styleUrl>
                <TimeSpan>
                  <begin>2026-10-02T15:07:21.446434+00:00</begin>
                  <end>2026-10-02T15:07:22.446434+00:00</end>
                </TimeSpan>
                <Point>
                  <coordinates>8.521474852447117,47.372866122841785,0</coordinates>
                </Point>
              </Placemark>
              <Placemark>
                <name>Telemetry 39</name>
                <styleUrl>#modifiedtelemetry</styleUrl>
                <TimeSpan>
                  <begin>2026-10-02T15:07:22.446434+00:00</begin>
                  <end>2026-10-02T15:07:23.446434+00:00</end>
                </TimeSpan>
                <Point>
                  <coordinates>8.5214191264452,47.37290560411278,0</coordinates>
                </Point>
              </Placemark>
              <Placemark>
                <name>Telemetry 40</name>
                <styleUrl>#modifiedtelemetry</styleUrl>
                <TimeSpan>
                  <begin>2026-10-02T15:07:23.446434+00:00</begin>
                  <end>2026-10-02T15:07:24.446434+00:00</end>
                </TimeSpan>
                <Point>
                  <coordinates>8.521363400443283,47.37294508538378,0</coordinates>
                </Point>
              </Placemark>
              <Placemark>
                <name>Telemetry 41</name>
                <styleUrl>#modifiedtelemetry</styleUrl>
                <TimeSpan>
                  <begin>2026-10-02T15:07:24.446434+00:00</begin>
                  <end>2026-10-02T15:07:25.446434+00:00</end>
                </TimeSpan>
                <Point>
                  <coordinates>8.521307674441365,47.37298456665478,0</coordinates>
                </Point>
              </Placemark>
              <Placemark>
                <name>Telemetry 42</name>
                <styleUrl>#modifiedtelemetry</styleUrl>
                <TimeSpan>
                  <begin>2026-10-02T15:07:25.446434+00:00</begin>
                  <end>2026-10-02T15:07:26.446434+00:00</end>
                </TimeSpan>
                <Point>
                  <coordinates>8.521251948439447,47.37302404792578,0</coordinates>
                </Point>
              </Placemark>
              <Placemark>
                <name>Telemetry 43</name>
                <styleUrl>#modifiedtelemetry</styleUrl>
                <TimeSpan>
                  <begin>2026-10-02T15:07:26.446434+00:00</begin>
                  <end>2026-10-02T15:07:27.446434+00:00</end>
                </TimeSpan>
                <Point>
                  <coordinates>8.52119622243753,47.37306352919678,0</coordinates>
                </Point>
              </Placemark>
              <Placemark>
                <name>Telemetry 44</name>
                <styleUrl>#modifiedtelemetry</styleUrl>
                <TimeSpan>
                  <begin>2026-10-02T15:07:27.446434+00:00</begin>
                  <end>2026-10-02T15:07:28.446434+00:00</end>
                </TimeSpan>
                <Point>
                  <coordinates>8.521140496435612,47.37310301046778,0</coordinates>
                </Point>
              </Placemark>
              <Placemark>
                <name>Telemetry 45</name>
                <styleUrl>#modifiedtelemetry</styleUrl>
                <TimeSpan>
                  <begin>2026-10-02T15:07:28.446434+00:00</begin>
                  <end>2026-10-02T15:07:29.446434+00:00</end>
                </TimeSpan>
                <Point>
                  <coordinates>8.521084770433694,47.373142491738776,0</coordinates>
                </Point>
              </Placemark>
              <Placemark>
                <name>Telemetry 46</name>
                <styleUrl>#modifiedtelemetry</styleUrl>
                <TimeSpan>
                  <begin>2026-10-02T15:07:29.446434+00:00</begin>
                  <end>2026-10-02T15:07:30.446434+00:00</end>
                </TimeSpan>
                <Point>
                  <coordinates>8.521029997240193,47.37318257084312,0</coordinates>
                </Point>
              </Placemark>
              <Placemark>
                <name>Telemetry 47</name>
                <styleUrl>#modifiedtelemetry</styleUrl>
                <TimeSpan>
                  <begin>2026-10-02T15:07:30.446434+00:00</begin>
                  <end>2026-10-02T15:07:31.446434+00:00</end>
                </TimeSpan>
                <Point>
                  <coordinates>8.520963533997929,47.37323270220549,0</coordinates>
                </Point>
              </Placemark>
              <Placemark>
                <name>Telemetry 48</name>
                <styleUrl>#modifiedtelemetry</styleUrl>
                <TimeSpan>
                  <begin>2026-10-02T15:07:31.446434+00:00</begin>
                  <end>2026-10-02T15:07:32.446434+00:00</end>
                </TimeSpan>
                <Point>
                  <coordinates>8.520897070755662,47.37328283356786,0</coordinates>
                </Point>
              </Placemark>
              <Placemark>
                <name>Telemetry 49</name>
                <styleUrl>#modifiedtelemetry</styleUrl>
                <TimeSpan>
                  <begin>2026-10-02T15:07:32.446434+00:00</begin>
                  <end>2026-10-02T15:07:33.446434+00:00</end>
                </TimeSpan>
                <Point>
                  <coordinates>8.520830607513398,47.37333296493023,0</coordinates>
                </Point>
              </Placemark>
              <Placemark>
                <name>Telemetry 50</name>
                <styleUrl>#modifiedtelemetry</styleUrl>
                <TimeSpan>
                  <begin>2026-10-02T15:07:33.446434+00:00</begin>
                  <end>2026-10-02T15:07:34.446434+00:00</end>
                </TimeSpan>
                <Point>
                  <coordinates>8.520764144271133,47.3733830962926,0</coordinates>
                </Point>
              </Placemark>
              <Placemark>
                <name>Telemetry 51</name>
                <styleUrl>#modifiedtelemetry</styleUrl>
                <TimeSpan>
                  <begin>2026-10-02T15:07:34.446434+00:00</begin>
                  <end>2026-10-02T15:07:35.446434+00:00</end>
                </TimeSpan>
                <Point>
                  <coordinates>8.520697681028867,47.37343322765497,0</coordinates>
                </Point>
              </Placemark>
              <Placemark>
                <name>Telemetry 52</name>
                <styleUrl>#modifiedtelemetry</styleUrl>
                <TimeSpan>
                  <begin>2026-10-02T15:07:35.446434+00:00</begin>
                  <end>2026-10-02T15:07:36.446434+00:00</end>
                </TimeSpan>
                <Point>
                  <coordinates>8.520631217786603,47.373483359017335,0</coordinates>
                </Point>
              </Placemark>
              <Placemark>
                <name>Telemetry 53</name>
                <styleUrl>#modifiedtelemetry</styleUrl>
                <TimeSpan>
                  <begin>2026-10-02T15:07:36.446434+00:00</begin>
                  <end>2026-10-02T15:07:37.446434+00:00</end>
                </TimeSpan>
                <Point>
                  <coordinates>8.520564754544338,47.37353349037971,0</coordinates>
                </Point>
              </Placemark>
              <Placemark>
                <name>Telemetry 54</name>
                <styleUrl>#modifiedtelemetry</styleUrl>
                <TimeSpan>
                  <begin>2026-10-02T15:07:37.446434+00:00</begin>
                  <end>2026-10-02T15:07:38.446434+00:00</end>
                </TimeSpan>
                <Point>
                  <coordinates>8.520498291302074,47.37358362174207,0</coordinates>
                </Point>
              </Placemark>
              <Placemark>
                <name>Telemetry 55</name>
                <styleUrl>#modifiedtelemetry</styleUrl>
                <TimeSpan>
                  <begin>2026-10-02T15:07:38.446434+00:00</begin>
                  <end>2026-10-02T15:07:39.446434+00:00</end>
                </TimeSpan>
                <Point>
                  <coordinates>8.520431828059808,47.37363375310444,0</coordinates>
                </Point>
              </Placemark>
              <Placemark>
                <name>Telemetry 56</name>
                <styleUrl>#modifiedtelemetry</styleUrl>
                <TimeSpan>
                  <begin>2026-10-02T15:07:39.446434+00:00</begin>
                  <end>2026-10-02T15:07:40.446434+00:00</end>
                </TimeSpan>
                <Point>
                  <coordinates>8.520365364817543,47.373683884466814,0</coordinates>
                </Point>
              </Placemark>
              <Placemark>
                <name>Telemetry 57</name>
                <styleUrl>#modifiedtelemetry</styleUrl>
                <TimeSpan>
                  <begin>2026-10-02T15:07:40.446434+00:00</begin>
                  <end>2026-10-02T15:07:41.446434+00:00</end>
                </TimeSpan>
                <Point>
                  <coordinates>8.520303903282091,47.37373680594896,0</coordinates>
                </Point>
              </Placemark>
              <Placemark>
                <name>Telemetry 58</name>
                <styleUrl>#modifiedtelemetry</styleUrl>
                <TimeSpan>
                  <begin>2026-10-02T15:07:41.446434+00:00</begin>
                  <end>2026-10-02T15:07:42.446434+00:00</end>
                </TimeSpan>
                <Point>
                  <coordinates>8.520235595452737,47.373798117289056,0</coordinates>
                </Point>
              </Placemark>
              <Placemark>
                <name>Telemetry 59</name>
                <styleUrl>#modifiedtelemetry</styleUrl>
                <TimeSpan>
                  <begin>2026-10-02T15:07:42.446434+00:00</begin>
                  <end>2026-10-02T15:07:43.446434+00:00</end>
                </TimeSpan>
                <Point>
                  <coordinates>8.520167287623382,47.373859428629146,0</coordinates>
                </Point>
              </Placemark>
              <Placemark>
                <name>Telemetry 60</name>
                <styleUrl>#modifiedtelemetry</styleUrl>
                <TimeSpan>
                  <begin>2026-10-02T15:07:43.446434+00:00</begin>
                  <end>2026-10-02T15:07:44.446434+00:00</end>
                </TimeSpan>
                <Point>
                  <coordinates>8.520098979794028,47.37392073996924,0</coordinates>
                </Point>
              </Placemark>
              <Placemark>
                <name>Telemetry 61</name>
                <styleUrl>#modifiedtelemetry</styleUrl>
                <TimeSpan>
                  <begin>2026-10-02T15:07:44.446434+00:00</begin>
                  <end>2026-10-02T15:07:45.446434+00:00</end>
                </TimeSpan>
                <Point>
                  <coordinates>8.520030671964673,47.37398205130934,0</coordinates>
                </Point>
              </Placemark>
              <Placemark>
                <name>Telemetry 62</name>
                <styleUrl>#modifiedtelemetry</styleUrl>
                <TimeSpan>
                  <begin>2026-10-02T15:07:45.446434+00:00</begin>
                  <end>2026-10-02T15:07:46.446434+00:00</end>
                </TimeSpan>
                <Point>
                  <coordinates>8.519962364135319,47.37404336264943,0</coordinates>
                </Point>
              </Placemark>
              <Placemark>
                <name>Telemetry 63</name>
                <styleUrl>#modifiedtelemetry</styleUrl>
                <TimeSpan>
                  <begin>2026-10-02T15:07:46.446434+00:00</begin>
                  <end>2026-10-02T15:07:47.446434+00:00</end>
                </TimeSpan>
                <Point>
                  <coordinates>8.519895098918301,47.374105167193115,0</coordinates>
                </Point>
              </Placemark>
            </Folder>
          </Folder>
        </Folder>
        <Folder>
          <name>Service Provider polling</name>
        </Folder>
        <Folder>
          <name>Service Provider polling</name>
        </Folder>
        <Folder>
          <name>Service Provider polling</name>
        </Folder>
        <Folder>
          <name>Service Provider polling</name>
        </Folder>
        <Folder>
          <name>Service Provider polling</name>
        </Folder>
        <Folder>
          <name>Verify operator notification</name>
        </Folder>
        <Folder>
          <name>Intermediate cleanup</name>
        </Folder>
        <Folder>
          <name>Retrieve pre-existing operator notification</name>
        </Folder>
        <Folder>
          <name>Injection</name>
          <Folder>
            <name>E124: uss1 interuss.automated_testing.rid.v1.injection.createTest</name>
            <Folder>
              <name>Test flight 8609ddee-e622-404a-823f-e90fc41fce6b</name>
              <Placemark>
                <name>Telemetry 0</name>
                <styleUrl>#modifiedtelemetry</styleUrl>
                <TimeSpan>
                  <begin>2026-10-02T15:06:53.940944+00:00</begin>
                  <end>2026-10-02T15:06:54.940944+00:00</end>
                </TimeSpan>
                <Point>
                  <coordinates>8.523321827032547,47.3715045208158,0</coordinates>
                </Point>
              </Placemark>
              <Placemark>
                <name>Telemetry 1</name>
                <styleUrl>#modifiedtelemetry</styleUrl>
                <TimeSpan>
                  <begin>2026-10-02T15:06:54.940944+00:00</begin>
                  <end>2026-10-02T15:06:55.940944+00:00</end>
                </TimeSpan>
                <Point>
                  <coordinates>8.523282890548819,47.371540881223694,0</coordinates>
                </Point>
              </Placemark>
              <Placemark>
                <name>Telemetry 2</name>
                <styleUrl>#modifiedtelemetry</styleUrl>
                <TimeSpan>
                  <begin>2026-10-02T15:06:55.940944+00:00</begin>
                  <end>2026-10-02T15:06:56.940944+00:00</end>
                </TimeSpan>
                <Point>
                  <coordinates>8.52324395406509,47.37157724163159,0</coordinates>
                </Point>
              </Placemark>
              <Placemark>
                <name>Telemetry 3</name>
                <styleUrl>#modifiedtelemetry</styleUrl>
                <TimeSpan>
                  <begin>2026-10-02T15:06:56.940944+00:00</begin>
                  <end>2026-10-02T15:06:57.940944+00:00</end>
                </TimeSpan>
                <Point>
                  <coordinates>8.523205017581365,47.37161360203949,0</coordinates>
                </Point>
              </Placemark>
              <Placemark>
                <name>Telemetry 4</name>
                <styleUrl>#modifiedtelemetry</styleUrl>
                <TimeSpan>
                  <begin>2026-10-02T15:06:57.940944+00:00</begin>
                  <end>2026-10-02T15:06:58.940944+00:00</end>
                </TimeSpan>
                <Point>
                  <coordinates>8.523166081097637,47.371649962447385,0</coordinates>
                </Point>
              </Placemark>
              <Placemark>
                <name>Telemetry 5</name>
                <styleUrl>#modifiedtelemetry</styleUrl>
                <TimeSpan>
                  <begin>2026-10-02T15:06:58.940944+00:00</begin>
                  <end>2026-10-02T15:06:59.940944+00:00</end>
                </TimeSpan>
                <Point>
                  <coordinates>8.523118769605144,47.37168134446735,0</coordinates>
                </Point>
              </Placemark>
              <Placemark>
                <name>Telemetry 6</name>
                <styleUrl>#modifiedtelemetry</styleUrl>
                <TimeSpan>
                  <begin>2026-10-02T15:06:59.940944+00:00</begin>
                  <end>2026-10-02T15:07:00.940944+00:00</end>
                </TimeSpan>
                <Point>
                  <coordinates>8.523070583658326,47.37171220668214,0</coordinates>
                </Point>
              </Placemark>
              <Placemark>
                <name>Telemetry 7</name>
                <styleUrl>#modifiedtelemetry</styleUrl>
                <TimeSpan>
                  <begin>2026-10-02T15:07:00.940944+00:00</begin>
                  <end>2026-10-02T15:07:01.940944+00:00</end>
                </TimeSpan>
                <Point>
                  <coordinates>8.523022397711506,47.371743068896926,0</coordinates>
                </Point>
              </Placemark>
              <Placemark>
                <name>Telemetry 8</name>
                <styleUrl>#modifiedtelemetry</styleUrl>
                <TimeSpan>
                  <begin>2026-10-02T15:07:01.940944+00:00</begin>
                  <end>2026-10-02T15:07:02.940944+00:00</end>
                </TimeSpan>
                <Point>
                  <coordinates>8.5229757392881,47.371774910132885,0</coordinates>
                </Point>
              </Placemark>
              <Placemark>
                <name>Telemetry 9</name>
                <styleUrl>#modifiedtelemetry</styleUrl>
                <TimeSpan>
                  <begin>2026-10-02T15:07:02.940944+00:00</begin>
                  <end>2026-10-02T15:07:03.940944+00:00</end>
                </TimeSpan>
                <Point>
                  <coordinates>8.522932891599606,47.371809193747204,0</coordinates>
                </Point>
              </Placemark>
              <Placemark>
                <name>Telemetry 10</name>
                <styleUrl>#modifiedtelemetry</styleUrl>
                <TimeSpan>
                  <begin>2026-10-02T15:07:03.940944+00:00</begin>
                  <end>2026-10-02T15:07:04.940944+00:00</end>
                </TimeSpan>
                <Point>
                  <coordinates>8.522890043911113,47.37184347736152,0</coordinates>
                </Point>
              </Placemark>
              <Placemark>
                <name>Telemetry 11</name>
                <styleUrl>#modifiedtelemetry</styleUrl>
                <TimeSpan>
                  <begin>2026-10-02T15:07:04.940944+00:00</begin>
                  <end>2026-10-02T15:07:05.940944+00:00</end>
                </TimeSpan>
                <Point>
                  <coordinates>8.52284719622262,47.37187776097584,0</coordinates>
                </Point>
              </Placemark>
              <Placemark>
                <name>Telemetry 12</name>
                <styleUrl>#modifiedtelemetry</styleUrl>
                <TimeSpan>
                  <begin>2026-10-02T15:07:05.940944+00:00</begin>
                  <end>2026-10-02T15:07:06.940944+00:00</end>
                </TimeSpan>
                <Point>
                  <coordinates>8.522804348534127,47.37191204459016,0</coordinates>
                </Point>
              </Placemark>
              <Placemark>
                <name>Telemetry 13</name>
                <styleUrl>#modifiedtelemetry</styleUrl>
                <TimeSpan>
                  <begin>2026-10-02T15:07:06.940944+00:00</begin>
                  <end>2026-10-02T15:07:07.940944+00:00</end>
                </TimeSpan>
                <Point>
                  <coordinates>8.522761500845634,47.37194632820448,0</coordinates>
                </Point>
              </Placemark>
              <Placemark>
                <name>Telemetry 14</name>
                <styleUrl>#modifiedtelemetry</styleUrl>
                <TimeSpan>
                  <begin>2026-10-02T15:07:07.940944+00:00</begin>
                  <end>2026-10-02T15:07:08.940944+00:00</end>
                </TimeSpan>
                <Point>
                  <coordinates>8.522718653157142,47.371980611818806,0</coordinates>
                </Point>
              </Placemark>
              <Placemark>
                <name>Telemetry 15</name>
                <styleUrl>#modifiedtelemetry</styleUrl>
                <TimeSpan>
                  <begin>2026-10-02T15:07:08.940944+00:00</begin>
                  <end>2026-10-02T15:07:09.940944+00:00</end>
                </TimeSpan>
                <Point>
                  <coordinates>8.522675805468648,47.372014895433125,0</coordinates>
                </Point>
              </Placemark>
              <Placemark>
                <name>Telemetry 16</name>
                <styleUrl>#modifiedtelemetry</styleUrl>
                <TimeSpan>
                  <begin>2026-10-02T15:07:09.940944+00:00</begin>
                  <end>2026-10-02T15:07:10.940944+00:00</end>
                </TimeSpan>
                <Point>
                  <coordinates>8.522630095760274,47.37204743572325,0</coordinates>
                </Point>
              </Placemark>
              <Placemark>
                <name>Telemetry 17</name>
                <styleUrl>#modifiedtelemetry</styleUrl>
                <TimeSpan>
                  <begin>2026-10-02T15:07:10.940944+00:00</begin>
                  <end>2026-10-02T15:07:11.940944+00:00</end>
                </TimeSpan>
                <Point>
                  <coordinates>8.522580799973472,47.372082380767935,0</coordinates>
                </Point>
              </Placemark>
              <Placemark>
                <name>Telemetry 18</name>
                <styleUrl>#modifiedtelemetry</styleUrl>
                <TimeSpan>
                  <begin>2026-10-02T15:07:11.940944+00:00</begin>
                  <end>2026-10-02T15:07:12.940944+00:00</end>
                </TimeSpan>
                <Point>
                  <coordinates>8.52253150418667,47.372117325812624,0</coordinates>
                </Point>
              </Placemark>
              <Placemark>
                <name>Telemetry 19</name>
                <styleUrl>#modifiedtelemetry</styleUrl>
                <TimeSpan>
                  <begin>2026-10-02T15:07:12.940944+00:00</begin>
                  <end>2026-10-02T15:07:13.940944+00:00</end>
                </TimeSpan>
                <Point>
                  <coordinates>8.52248220839987,47.372152270857306,0</coordinates>
                </Point>
              </Placemark>
              <Placemark>
                <name>Telemetry 20</name>
                <styleUrl>#modifiedtelemetry</styleUrl>
                <TimeSpan>
                  <begin>2026-10-02T15:07:13.940944+00:00</begin>
                  <end>2026-10-02T15:07:14.940944+00:00</end>
                </TimeSpan>
                <Point>
                  <coordinates>8.522432912613064,47.372187215901995,0</coordinates>
                </Point>
              </Placemark>
              <Placemark>
                <name>Telemetry 21</name>
                <styleUrl>#modifiedtelemetry</styleUrl>
                <TimeSpan>
                  <begin>2026-10-02T15:07:14.940944+00:00</begin>
                  <end>2026-10-02T15:07:15.940944+00:00</end>
                </TimeSpan>
                <Point>
                  <coordinates>8.522383616826263,47.37222216094668,0</coordinates>
                </Point>
              </Placemark>
              <Placemark>
                <name>Telemetry 22</name>
                <styleUrl>#modifiedtelemetry</styleUrl>
                <TimeSpan>
                  <begin>2026-10-02T15:07:15.940944+00:00</begin>
                  <end>2026-10-02T15:07:16.940944+00:00</end>
                </TimeSpan>
                <Point>
                  <coordinates>8.52233432103946,47.372257105991366,0</coordinates>
                </Point>
              </Placemark>
              <Placemark>
                <name>Telemetry 23</name>
                <styleUrl>#modifiedtelemetry</styleUrl>
                <TimeSpan>
                  <begin>2026-10-02T15:07:16.940944+00:00</begin>
                  <end>2026-10-02T15:07:17.940944+00:00</end>
                </TimeSpan>
                <Point>
                  <coordinates>8.52228502525266,47.37229205103605,0</coordinates>
                </Point>
              </Placemark>
              <Placemark>
                <name>Telemetry 24</name>
                <styleUrl>#modifiedtelemetry</styleUrl>
                <TimeSpan>
                  <begin>2026-10-02T15:07:17.940944+00:00</begin>
                  <end>2026-10-02T15:07:18.940944+00:00</end>
                </TimeSpan>
                <Point>
                  <coordinates>8.522235729465857,47.37232699608074,0</coordinates>
                </Point>
              </Placemark>
              <Placemark>
                <name>Telemetry 25</name>
                <styleUrl>#modifiedtelemetry</styleUrl>
                <TimeSpan>
                  <begin>2026-10-02T15:07:18.940944+00:00</begin>
                  <end>2026-10-02T15:07:19.940944+00:00</end>
                </TimeSpan>
                <Point>
                  <coordinates>8.522186433679055,47.37236194112542,0</coordinates>
                </Point>
              </Placemark>
              <Placemark>
                <name>Telemetry 26</name>
                <styleUrl>#modifiedtelemetry</styleUrl>
                <TimeSpan>
                  <begin>2026-10-02T15:07:19.940944+00:00</begin>
                  <end>2026-10-02T15:07:20.940944+00:00</end>
                </TimeSpan>
                <Point>
                  <coordinates>8.522137137892253,47.37239688617011,0</coordinates>
                </Point>
              </Placemark>
              <Placemark>
                <name>Telemetry 27</name>
                <styleUrl>#modifiedtelemetry</styleUrl>
                <TimeSpan>
                  <begin>2026-10-02T15:07:20.940944+00:00</begin>
                  <end>2026-10-02T15:07:21.940944+00:00</end>
                </TimeSpan>
                <Point>
                  <coordinates>8.522087838468211,47.37243182886079,0</coordinates>
                </Point>
              </Placemark>
              <Placemark>
                <name>Telemetry 28</name>
                <styleUrl>#modifiedtelemetry</styleUrl>
                <TimeSpan>
                  <begin>2026-10-02T15:07:21.940944+00:00</begin>
                  <end>2026-10-02T15:07:22.940944+00:00</end>
                </TimeSpan>
                <Point>
                  <coordinates>8.522032112466293,47.37247131013179,0</coordinates>
                </Point>
              </Placemark>
              <Placemark>
                <name>Telemetry 29</name>
                <styleUrl>#modifiedtelemetry</styleUrl>
                <TimeSpan>
                  <begin>2026-10-02T15:07:22.940944+00:00</begin>
                  <end>2026-10-02T15:07:23.940944+00:00</end>
                </TimeSpan>
                <Point>
                  <coordinates>8.521976386464376,47.37251079140279,0</coordinates>
                </Point>
              </Placemark>
              <Placemark>
                <name>Telemetry 30</name>
                <styleUrl>#modifiedtelemetry</styleUrl>
                <TimeSpan>
                  <begin>2026-10-02T15:07:23.940944+00:00</begin>
                  <end>2026-10-02T15:07:24.940944+00:00</end>
                </TimeSpan>
                <Point>
                  <coordinates>8.521920660462458,47.37255027267379,0</coordinates>
                </Point>
              </Placemark>
              <Placemark>
                <name>Telemetry 31</name>
                <styleUrl>#modifiedtelemetry</styleUrl>
                <TimeSpan>
                  <begin>2026-10-02T15:07:24.940944+00:00</begin>
                  <end>2026-10-02T15:07:25.940944+00:00</end>
                </TimeSpan>
                <Point>
                  <coordinates>8.521864934460542,47.37258975394479,0</coordinates>
                </Point>
              </Placemark>
              <Placemark>
                <name>Telemetry 32</name>
                <styleUrl>#modifiedtelemetry</styleUrl>
                <TimeSpan>
                  <begin>2026-10-02T15:07:25.940944+00:00</begin>
                  <end>2026-10-02T15:07:26.940944+00:00</end>
                </TimeSpan>
                <Point>
                  <coordinates>8.521809208458624,47.37262923521579,0</coordinates>
                </Point>
              </Placemark>
              <Placemark>
                <name>Telemetry 33</name>
                <styleUrl>#modifiedtelemetry</styleUrl>
                <TimeSpan>
                  <begin>2026-10-02T15:07:26.940944+00:00</begin>
                  <end>2026-10-02T15:07:27.940944+00:00</end>
                </TimeSpan>
                <Point>
                  <coordinates>8.521753482456708,47.372668716486785,0</coordinates>
                </Point>
              </Placemark>
              <Placemark>
                <name>Telemetry 34</name>
                <styleUrl>#modifiedtelemetry</styleUrl>
                <TimeSpan>
                  <begin>2026-10-02T15:07:27.940944+00:00</begin>
                  <end>2026-10-02T15:07:28.940944+00:00</end>
                </TimeSpan>
                <Point>
                  <coordinates>8.521697756454788,47.37270819775779,0</coordinates>
                </Point>
              </Placemark>
              <Placemark>
                <name>Telemetry 35</name>
                <styleUrl>#modifiedtelemetry</styleUrl>
                <TimeSpan>
                  <begin>2026-10-02T15:07:28.940944+00:00</begin>
                  <end>2026-10-02T15:07:29.940944+00:00</end>
                </TimeSpan>
                <Point>
                  <coordinates>8.52164203045287,47.372747679028784,0</coordinates>
                </Point>
              </Placemark>
              <Placemark>
                <name>Telemetry 36</name>
                <styleUrl>#modifiedtelemetry</styleUrl>
                <TimeSpan>
                  <begin>2026-10-02T15:07:29.940944+00:00</begin>
                  <end>2026-10-02T15:07:30.940944+00:00</end>
                </TimeSpan>
                <Point>
                  <coordinates>8.521586304450953,47.37278716029979,0</coordinates>
                </Point>
              </Placemark>
              <Placemark>
                <name>Telemetry 37</name>
                <styleUrl>#modifiedtelemetry</styleUrl>
                <TimeSpan>
                  <begin>2026-10-02T15:07:30.940944+00:00</begin>
                  <end>2026-10-02T15:07:31.940944+00:00</end>
                </TimeSpan>
                <Point>
                  <coordinates>8.521530578449035,47.37282664157078,0</coordinates>
                </Point>
              </Placemark>
              <Placemark>
                <name>Telemetry 38</name>
                <styleUrl>#modifiedtelemetry</styleUrl>
                <TimeSpan>
                  <begin>2026-10-02T15:07:31.940944+00:00</begin>
                  <end>2026-10-02T15:07:32.940944+00:00</end>
                </TimeSpan>
                <Point>
                  <coordinates>8.521474852447117,47.372866122841785,0</coordinates>
                </Point>
              </Placemark>
              <Placemark>
                <name>Telemetry 39</name>
                <styleUrl>#modifiedtelemetry</styleUrl>
                <TimeSpan>
                  <begin>2026-10-02T15:07:32.940944+00:00</begin>
                  <end>2026-10-02T15:07:33.940944+00:00</end>
                </TimeSpan>
                <Point>
                  <coordinates>8.5214191264452,47.37290560411278,0</coordinates>
                </Point>
              </Placemark>
              <Placemark>
                <name>Telemetry 40</name>
                <styleUrl>#modifiedtelemetry</styleUrl>
                <TimeSpan>
                  <begin>2026-10-02T15:07:33.940944+00:00</begin>
                  <end>2026-10-02T15:07:34.940944+00:00</end>
                </TimeSpan>
                <Point>
                  <coordinates>8.521363400443283,47.37294508538378,0</coordinates>
                </Point>
              </Placemark>
              <Placemark>
                <name>Telemetry 41</name>
                <styleUrl>#modifiedtelemetry</styleUrl>
                <TimeSpan>
                  <begin>2026-10-02T15:07:34.940944+00:00</begin>
                  <end>2026-10-02T15:07:35.940944+00:00</end>
                </TimeSpan>
                <Point>
                  <coordinates>8.521307674441365,47.37298456665478,0</coordinates>
                </Point>
              </Placemark>
              <Placemark>
                <name>Telemetry 42</name>
                <styleUrl>#modifiedtelemetry</styleUrl>
                <TimeSpan>
                  <begin>2026-10-02T15:07:35.940944+00:00</begin>
                  <end>2026-10-02T15:07:36.940944+00:00</end>
                </TimeSpan>
                <Point>
                  <coordinates>8.521251948439447,47.37302404792578,0</coordinates>
                </Point>
              </Placemark>
              <Placemark>
                <name>Telemetry 43</name>
                <styleUrl>#modifiedtelemetry</styleUrl>
                <TimeSpan>
                  <begin>2026-10-02T15:07:36.940944+00:00</begin>
                  <end>2026-10-02T15:07:37.940944+00:00</end>
                </TimeSpan>
                <Point>
                  <coordinates>8.52119622243753,47.37306352919678,0</coordinates>
                </Point>
              </Placemark>
              <Placemark>
                <name>Telemetry 44</name>
                <styleUrl>#modifiedtelemetry</styleUrl>
                <TimeSpan>
                  <begin>2026-10-02T15:07:37.940944+00:00</begin>
                  <end>2026-10-02T15:07:38.940944+00:00</end>
                </TimeSpan>
                <Point>
                  <coordinates>8.521140496435612,47.37310301046778,0</coordinates>
                </Point>
              </Placemark>
              <Placemark>
                <name>Telemetry 45</name>
                <styleUrl>#modifiedtelemetry</styleUrl>
                <TimeSpan>
                  <begin>2026-10-02T15:07:38.940944+00:00</begin>
                  <end>2026-10-02T15:07:39.940944+00:00</end>
                </TimeSpan>
                <Point>
                  <coordinates>8.521084770433694,47.373142491738776,0</coordinates>
                </Point>
              </Placemark>
              <Placemark>
                <name>Telemetry 46</name>
                <styleUrl>#modifiedtelemetry</styleUrl>
                <TimeSpan>
                  <begin>2026-10-02T15:07:39.940944+00:00</begin>
                  <end>2026-10-02T15:07:40.940944+00:00</end>
                </TimeSpan>
                <Point>
                  <coordinates>8.521029997240193,47.37318257084312,0</coordinates>
                </Point>
              </Placemark>
              <Placemark>
                <name>Telemetry 47</name>
                <styleUrl>#modifiedtelemetry</styleUrl>
                <TimeSpan>
                  <begin>2026-10-02T15:07:40.940944+00:00</begin>
                  <end>2026-10-02T15:07:41.940944+00:00</end>
                </TimeSpan>
                <Point>
                  <coordinates>8.520963533997929,47.37323270220549,0</coordinates>
                </Point>
              </Placemark>
              <Placemark>
                <name>Telemetry 48</name>
                <styleUrl>#modifiedtelemetry</styleUrl>
                <TimeSpan>
                  <begin>2026-10-02T15:07:41.940944+00:00</begin>
                  <end>2026-10-02T15:07:42.940944+00:00</end>
                </TimeSpan>
                <Point>
                  <coordinates>8.520897070755662,47.37328283356786,0</coordinates>
                </Point>
              </Placemark>
              <Placemark>
                <name>Telemetry 49</name>
                <styleUrl>#modifiedtelemetry</styleUrl>
                <TimeSpan>
                  <begin>2026-10-02T15:07:42.940944+00:00</begin>
                  <end>2026-10-02T15:07:43.940944+00:00</end>
                </TimeSpan>
                <Point>
                  <coordinates>8.520830607513398,47.37333296493023,0</coordinates>
                </Point>
              </Placemark>
              <Placemark>
                <name>Telemetry 50</name>
                <styleUrl>#modifiedtelemetry</styleUrl>
                <TimeSpan>
                  <begin>2026-10-02T15:07:43.940944+00:00</begin>
                  <end>2026-10-02T15:07:44.940944+00:00</end>
                </TimeSpan>
                <Point>
                  <coordinates>8.520764144271133,47.3733830962926,0</coordinates>
                </Point>
              </Placemark>
              <Placemark>
                <name>Telemetry 51</name>
                <styleUrl>#modifiedtelemetry</styleUrl>
                <TimeSpan>
                  <begin>2026-10-02T15:07:44.940944+00:00</begin>
                  <end>2026-10-02T15:07:45.940944+00:00</end>
                </TimeSpan>
                <Point>
                  <coordinates>8.520697681028867,47.37343322765497,0</coordinates>
                </Point>
              </Placemark>
              <Placemark>
                <name>Telemetry 52</name>
                <styleUrl>#modifiedtelemetry</styleUrl>
                <TimeSpan>
                  <begin>2026-10-02T15:07:45.940944+00:00</begin>
                  <end>2026-10-02T15:07:46.940944+00:00</end>
                </TimeSpan>
                <Point>
                  <coordinates>8.520631217786603,47.373483359017335,0</coordinates>
                </Point>
              </Placemark>
              <Placemark>
                <name>Telemetry 53</name>
                <styleUrl>#modifiedtelemetry</styleUrl>
                <TimeSpan>
                  <begin>2026-10-02T15:07:46.940944+00:00</begin>
                  <end>2026-10-02T15:07:47.940944+00:00</end>
                </TimeSpan>
                <Point>
                  <coordinates>8.520564754544338,47.37353349037971,0</coordinates>
                </Point>
              </Placemark>
              <Placemark>
                <name>Telemetry 54</name>
                <styleUrl>#modifiedtelemetry</styleUrl>
                <TimeSpan>
                  <begin>2026-10-02T15:07:47.940944+00:00</begin>
                  <end>2026-10-02T15:07:48.940944+00:00</end>
                </TimeSpan>
                <Point>
                  <coordinates>8.520498291302074,47.37358362174207,0</coordinates>
                </Point>
              </Placemark>
              <Placemark>
                <name>Telemetry 55</name>
                <styleUrl>#modifiedtelemetry</styleUrl>
                <TimeSpan>
                  <begin>2026-10-02T15:07:48.940944+00:00</begin>
                  <end>2026-10-02T15:07:49.940944+00:00</end>
                </TimeSpan>
                <Point>
                  <coordinates>8.520431828059808,47.37363375310444,0</coordinates>
                </Point>
              </Placemark>
              <Placemark>
                <name>Telemetry 56</name>
                <styleUrl>#modifiedtelemetry</styleUrl>
                <TimeSpan>
                  <begin>2026-10-02T15:07:49.940944+00:00</begin>
                  <end>2026-10-02T15:07:50.940944+00:00</end>
                </TimeSpan>
                <Point>
                  <coordinates>8.520365364817543,47.373683884466814,0</coordinates>
                </Point>
              </Placemark>
              <Placemark>
                <name>Telemetry 57</name>
                <styleUrl>#modifiedtelemetry</styleUrl>
                <TimeSpan>
                  <begin>2026-10-02T15:07:50.940944+00:00</begin>
                  <end>2026-10-02T15:07:51.940944+00:00</end>
                </TimeSpan>
                <Point>
                  <coordinates>8.520303903282091,47.37373680594896,0</coordinates>
                </Point>
              </Placemark>
              <Placemark>
                <name>Telemetry 58</name>
                <styleUrl>#modifiedtelemetry</styleUrl>
                <TimeSpan>
                  <begin>2026-10-02T15:07:51.940944+00:00</begin>
                  <end>2026-10-02T15:07:52.940944+00:00</end>
                </TimeSpan>
                <Point>
                  <coordinates>8.520235595452737,47.373798117289056,0</coordinates>
                </Point>
              </Placemark>
              <Placemark>
                <name>Telemetry 59</name>
                <styleUrl>#modifiedtelemetry</styleUrl>
                <TimeSpan>
                  <begin>2026-10-02T15:07:52.940944+00:00</begin>
                  <end>2026-10-02T15:07:53.940944+00:00</end>
                </TimeSpan>
                <Point>
                  <coordinates>8.520167287623382,47.373859428629146,0</coordinates>
                </Point>
              </Placemark>
              <Placemark>
                <name>Telemetry 60</name>
                <styleUrl>#modifiedtelemetry</styleUrl>
                <TimeSpan>
                  <begin>2026-10-02T15:07:53.940944+00:00</begin>
                  <end>2026-10-02T15:07:54.940944+00:00</end>
                </TimeSpan>
                <Point>
                  <coordinates>8.520098979794028,47.37392073996924,0</coordinates>
                </Point>
              </Placemark>
              <Placemark>
                <name>Telemetry 61</name>
                <styleUrl>#modifiedtelemetry</styleUrl>
                <TimeSpan>
                  <begin>2026-10-02T15:07:54.940944+00:00</begin>
                  <end>2026-10-02T15:07:55.940944+00:00</end>
                </TimeSpan>
                <Point>
                  <coordinates>8.520030671964673,47.37398205130934,0</coordinates>
                </Point>
              </Placemark>
              <Placemark>
                <name>Telemetry 62</name>
                <styleUrl>#modifiedtelemetry</styleUrl>
                <TimeSpan>
                  <begin>2026-10-02T15:07:55.940944+00:00</begin>
                  <end>2026-10-02T15:07:56.940944+00:00</end>
                </TimeSpan>
                <Point>
                  <coordinates>8.519962364135319,47.37404336264943,0</coordinates>
                </Point>
              </Placemark>
              <Placemark>
                <name>Telemetry 63</name>
                <styleUrl>#modifiedtelemetry</styleUrl>
                <TimeSpan>
                  <begin>2026-10-02T15:07:56.940944+00:00</begin>
                  <end>2026-10-02T15:07:57.940944+00:00</end>
                </TimeSpan>
                <Point>
                  <coordinates>8.519895098918301,47.374105167193115,0</coordinates>
                </Point>
              </Placemark>
            </Folder>
          </Folder>
        </Folder>
        <Folder>
          <name>Service Provider polling</name>
        </Folder>
        <Folder>
          <name>Service Provider polling</name>
        </Folder>
        <Folder>
          <name>Service Provider polling</name>
        </Folder>
        <Folder>
          <name>Service Provider polling</name>
        </Folder>
        <Folder>
          <name>Service Provider polling</name>
        </Folder>
        <Folder>
          <name>Verify operator notification</name>
        </Folder>
        <Folder>
          <name>Intermediate cleanup</name>
        </Folder>
        <Folder>
          <name>Retrieve pre-existing operator notification</name>
        </Folder>
        <Folder>
          <name>Injection</name>
          <Folder>
            <name>E144: uss1 interuss.automated_testing.rid.v1.injection.createTest</name>
            <Folder>
              <name>Test flight 7b1bd5d6-ef33-469f-8dd3-728b3706cf7d</name>
              <Placemark>
                <name>Telemetry 0</name>
                <styleUrl>#modifiedtelemetry</styleUrl>
                <TimeSpan>
                  <begin>2026-10-02T15:07:04.437129+00:00</begin>
                  <end>2026-10-02T15:07:05.437129+00:00</end>
                </TimeSpan>
                <Point>
                  <coordinates>8.523321827032547,47.3715045208158,0</coordinates>
                </Point>
              </Placemark>
              <Placemark>
                <name>Telemetry 1</name>
                <styleUrl>#modifiedtelemetry</styleUrl>
                <TimeSpan>
                  <begin>2026-10-02T15:07:05.437129+00:00</begin>
                  <end>2026-10-02T15:07:06.437129+00:00</end>
                </TimeSpan>
                <Point>
                  <coordinates>8.523282890548819,47.371540881223694,0</coordinates>
                </Point>
              </Placemark>
              <Placemark>
                <name>Telemetry 2</name>
                <styleUrl>#modifiedtelemetry</styleUrl>
                <TimeSpan>
                  <begin>2026-10-02T15:07:06.437129+00:00</begin>
                  <end>2026-10-02T15:07:07.437129+00:00</end>
                </TimeSpan>
                <Point>
                  <coordinates>8.52324395406509,47.37157724163159,0</coordinates>
                </Point>
              </Placemark>
              <Placemark>
                <name>Telemetry 3</name>
                <styleUrl>#modifiedtelemetry</styleUrl>
                <TimeSpan>
                  <begin>2026-10-02T15:07:07.437129+00:00</begin>
                  <end>2026-10-02T15:07:08.437129+00:00</end>
                </TimeSpan>
                <Point>
                  <coordinates>8.523205017581365,47.37161360203949,0</coordinates>
                </Point>
              </Placemark>
              <Placemark>
                <name>Telemetry 4</name>
                <styleUrl>#modifiedtelemetry</styleUrl>
                <TimeSpan>
                  <begin>2026-10-02T15:07:08.437129+00:00</begin>
                  <end>2026-10-02T15:07:09.437129+00:00</end>
                </TimeSpan>
                <Point>
                  <coordinates>8.523166081097637,47.371649962447385,0</coordinates>
                </Point>
              </Placemark>
              <Placemark>
                <name>Telemetry 5</name>
                <styleUrl>#modifiedtelemetry</styleUrl>
                <TimeSpan>
                  <begin>2026-10-02T15:07:09.437129+00:00</begin>
                  <end>2026-10-02T15:07:10.437129+00:00</end>
                </TimeSpan>
                <Point>
                  <coordinates>8.523118769605144,47.37168134446735,0</coordinates>
                </Point>
              </Placemark>
              <Placemark>
                <name>Telemetry 6</name>
                <styleUrl>#modifiedtelemetry</styleUrl>
                <TimeSpan>
                  <begin>2026-10-02T15:07:10.437129+00:00</begin>
                  <end>2026-10-02T15:07:11.437129+00:00</end>
                </TimeSpan>
                <Point>
                  <coordinates>8.523070583658326,47.37171220668214,0</coordinates>
                </Point>
              </Placemark>
              <Placemark>
                <name>Telemetry 7</name>
                <styleUrl>#modifiedtelemetry</styleUrl>
                <TimeSpan>
                  <begin>2026-10-02T15:07:11.437129+00:00</begin>
                  <end>2026-10-02T15:07:12.437129+00:00</end>
                </TimeSpan>
                <Point>
                  <coordinates>8.523022397711506,47.371743068896926,0</coordinates>
                </Point>
              </Placemark>
              <Placemark>
                <name>Telemetry 8</name>
                <styleUrl>#modifiedtelemetry</styleUrl>
                <TimeSpan>
                  <begin>2026-10-02T15:07:12.437129+00:00</begin>
                  <end>2026-10-02T15:07:13.437129+00:00</end>
                </TimeSpan>
                <Point>
                  <coordinates>8.5229757392881,47.371774910132885,0</coordinates>
                </Point>
              </Placemark>
              <Placemark>
                <name>Telemetry 9</name>
                <styleUrl>#modifiedtelemetry</styleUrl>
                <TimeSpan>
                  <begin>2026-10-02T15:07:13.437129+00:00</begin>
                  <end>2026-10-02T15:07:14.437129+00:00</end>
                </TimeSpan>
                <Point>
                  <coordinates>8.522932891599606,47.371809193747204,0</coordinates>
                </Point>
              </Placemark>
              <Placemark>
                <name>Telemetry 10</name>
                <styleUrl>#modifiedtelemetry</styleUrl>
                <TimeSpan>
                  <begin>2026-10-02T15:07:14.437129+00:00</begin>
                  <end>2026-10-02T15:07:15.437129+00:00</end>
                </TimeSpan>
                <Point>
                  <coordinates>8.522890043911113,47.37184347736152,0</coordinates>
                </Point>
              </Placemark>
              <Placemark>
                <name>Telemetry 11</name>
                <styleUrl>#modifiedtelemetry</styleUrl>
                <TimeSpan>
                  <begin>2026-10-02T15:07:15.437129+00:00</begin>
                  <end>2026-10-02T15:07:16.437129+00:00</end>
                </TimeSpan>
                <Point>
                  <coordinates>8.52284719622262,47.37187776097584,0</coordinates>
                </Point>
              </Placemark>
              <Placemark>
                <name>Telemetry 12</name>
                <styleUrl>#modifiedtelemetry</styleUrl>
                <TimeSpan>
                  <begin>2026-10-02T15:07:16.437129+00:00</begin>
                  <end>2026-10-02T15:07:17.437129+00:00</end>
                </TimeSpan>
                <Point>
                  <coordinates>8.522804348534127,47.37191204459016,0</coordinates>
                </Point>
              </Placemark>
              <Placemark>
                <name>Telemetry 13</name>
                <styleUrl>#modifiedtelemetry</styleUrl>
                <TimeSpan>
                  <begin>2026-10-02T15:07:17.437129+00:00</begin>
                  <end>2026-10-02T15:07:18.437129+00:00</end>
                </TimeSpan>
                <Point>
                  <coordinates>8.522761500845634,47.37194632820448,0</coordinates>
                </Point>
              </Placemark>
              <Placemark>
                <name>Telemetry 14</name>
                <styleUrl>#modifiedtelemetry</styleUrl>
                <TimeSpan>
                  <begin>2026-10-02T15:07:18.437129+00:00</begin>
                  <end>2026-10-02T15:07:19.437129+00:00</end>
                </TimeSpan>
                <Point>
                  <coordinates>8.522718653157142,47.371980611818806,0</coordinates>
                </Point>
              </Placemark>
              <Placemark>
                <name>Telemetry 15</name>
                <styleUrl>#modifiedtelemetry</styleUrl>
                <TimeSpan>
                  <begin>2026-10-02T15:07:19.437129+00:00</begin>
                  <end>2026-10-02T15:07:20.437129+00:00</end>
                </TimeSpan>
                <Point>
                  <coordinates>8.522675805468648,47.372014895433125,0</coordinates>
                </Point>
              </Placemark>
              <Placemark>
                <name>Telemetry 16</name>
                <styleUrl>#modifiedtelemetry</styleUrl>
                <TimeSpan>
                  <begin>2026-10-02T15:07:20.437129+00:00</begin>
                  <end>2026-10-02T15:07:21.437129+00:00</end>
                </TimeSpan>
                <Point>
                  <coordinates>8.522630095760274,47.37204743572325,0</coordinates>
                </Point>
              </Placemark>
              <Placemark>
                <name>Telemetry 17</name>
                <styleUrl>#modifiedtelemetry</styleUrl>
                <TimeSpan>
                  <begin>2026-10-02T15:07:21.437129+00:00</begin>
                  <end>2026-10-02T15:07:22.437129+00:00</end>
                </TimeSpan>
                <Point>
                  <coordinates>8.522580799973472,47.372082380767935,0</coordinates>
                </Point>
              </Placemark>
              <Placemark>
                <name>Telemetry 18</name>
                <styleUrl>#modifiedtelemetry</styleUrl>
                <TimeSpan>
                  <begin>2026-10-02T15:07:22.437129+00:00</begin>
                  <end>2026-10-02T15:07:23.437129+00:00</end>
                </TimeSpan>
                <Point>
                  <coordinates>8.52253150418667,47.372117325812624,0</coordinates>
                </Point>
              </Placemark>
              <Placemark>
                <name>Telemetry 19</name>
                <styleUrl>#modifiedtelemetry</styleUrl>
                <TimeSpan>
                  <begin>2026-10-02T15:07:23.437129+00:00</begin>
                  <end>2026-10-02T15:07:24.437129+00:00</end>
                </TimeSpan>
                <Point>
                  <coordinates>8.52248220839987,47.372152270857306,0</coordinates>
                </Point>
              </Placemark>
              <Placemark>
                <name>Telemetry 20</name>
                <styleUrl>#modifiedtelemetry</styleUrl>
                <TimeSpan>
                  <begin>2026-10-02T15:07:24.437129+00:00</begin>
                  <end>2026-10-02T15:07:25.437129+00:00</end>
                </TimeSpan>
                <Point>
                  <coordinates>8.522432912613064,47.372187215901995,0</coordinates>
                </Point>
              </Placemark>
              <Placemark>
                <name>Telemetry 21</name>
                <styleUrl>#modifiedtelemetry</styleUrl>
                <TimeSpan>
                  <begin>2026-10-02T15:07:25.437129+00:00</begin>
                  <end>2026-10-02T15:07:26.437129+00:00</end>
                </TimeSpan>
                <Point>
                  <coordinates>8.522383616826263,47.37222216094668,0</coordinates>
                </Point>
              </Placemark>
              <Placemark>
                <name>Telemetry 22</name>
                <styleUrl>#modifiedtelemetry</styleUrl>
                <TimeSpan>
                  <begin>2026-10-02T15:07:26.437129+00:00</begin>
                  <end>2026-10-02T15:07:27.437129+00:00</end>
                </TimeSpan>
                <Point>
                  <coordinates>8.52233432103946,47.372257105991366,0</coordinates>
                </Point>
              </Placemark>
              <Placemark>
                <name>Telemetry 23</name>
                <styleUrl>#modifiedtelemetry</styleUrl>
                <TimeSpan>
                  <begin>2026-10-02T15:07:27.437129+00:00</begin>
                  <end>2026-10-02T15:07:28.437129+00:00</end>
                </TimeSpan>
                <Point>
                  <coordinates>8.52228502525266,47.37229205103605,0</coordinates>
                </Point>
              </Placemark>
              <Placemark>
                <name>Telemetry 24</name>
                <styleUrl>#modifiedtelemetry</styleUrl>
                <TimeSpan>
                  <begin>2026-10-02T15:07:28.437129+00:00</begin>
                  <end>2026-10-02T15:07:29.437129+00:00</end>
                </TimeSpan>
                <Point>
                  <coordinates>8.522235729465857,47.37232699608074,0</coordinates>
                </Point>
              </Placemark>
              <Placemark>
                <name>Telemetry 25</name>
                <styleUrl>#modifiedtelemetry</styleUrl>
                <TimeSpan>
                  <begin>2026-10-02T15:07:29.437129+00:00</begin>
                  <end>2026-10-02T15:07:30.437129+00:00</end>
                </TimeSpan>
                <Point>
                  <coordinates>8.522186433679055,47.37236194112542,0</coordinates>
                </Point>
              </Placemark>
              <Placemark>
                <name>Telemetry 26</name>
                <styleUrl>#modifiedtelemetry</styleUrl>
                <TimeSpan>
                  <begin>2026-10-02T15:07:30.437129+00:00</begin>
                  <end>2026-10-02T15:07:31.437129+00:00</end>
                </TimeSpan>
                <Point>
                  <coordinates>8.522137137892253,47.37239688617011,0</coordinates>
                </Point>
              </Placemark>
              <Placemark>
                <name>Telemetry 27</name>
                <styleUrl>#modifiedtelemetry</styleUrl>
                <TimeSpan>
                  <begin>2026-10-02T15:07:31.437129+00:00</begin>
                  <end>2026-10-02T15:07:32.437129+00:00</end>
                </TimeSpan>
                <Point>
                  <coordinates>8.522087838468211,47.37243182886079,0</coordinates>
                </Point>
              </Placemark>
              <Placemark>
                <name>Telemetry 28</name>
                <styleUrl>#modifiedtelemetry</styleUrl>
                <TimeSpan>
                  <begin>2026-10-02T15:07:32.437129+00:00</begin>
                  <end>2026-10-02T15:07:33.437129+00:00</end>
                </TimeSpan>
                <Point>
                  <coordinates>8.522032112466293,47.37247131013179,0</coordinates>
                </Point>
              </Placemark>
              <Placemark>
                <name>Telemetry 29</name>
                <styleUrl>#modifiedtelemetry</styleUrl>
                <TimeSpan>
                  <begin>2026-10-02T15:07:33.437129+00:00</begin>
                  <end>2026-10-02T15:07:34.437129+00:00</end>
                </TimeSpan>
                <Point>
                  <coordinates>8.521976386464376,47.37251079140279,0</coordinates>
                </Point>
              </Placemark>
              <Placemark>
                <name>Telemetry 30</name>
                <styleUrl>#modifiedtelemetry</styleUrl>
                <TimeSpan>
                  <begin>2026-10-02T15:07:34.437129+00:00</begin>
                  <end>2026-10-02T15:07:35.437129+00:00</end>
                </TimeSpan>
                <Point>
                  <coordinates>8.521920660462458,47.37255027267379,0</coordinates>
                </Point>
              </Placemark>
              <Placemark>
                <name>Telemetry 31</name>
                <styleUrl>#modifiedtelemetry</styleUrl>
                <TimeSpan>
                  <begin>2026-10-02T15:07:35.437129+00:00</begin>
                  <end>2026-10-02T15:07:36.437129+00:00</end>
                </TimeSpan>
                <Point>
                  <coordinates>8.521864934460542,47.37258975394479,0</coordinates>
                </Point>
              </Placemark>
              <Placemark>
                <name>Telemetry 32</name>
                <styleUrl>#modifiedtelemetry</styleUrl>
                <TimeSpan>
                  <begin>2026-10-02T15:07:36.437129+00:00</begin>
                  <end>2026-10-02T15:07:37.437129+00:00</end>
                </TimeSpan>
                <Point>
                  <coordinates>8.521809208458624,47.37262923521579,0</coordinates>
                </Point>
              </Placemark>
              <Placemark>
                <name>Telemetry 33</name>
                <styleUrl>#modifiedtelemetry</styleUrl>
                <TimeSpan>
                  <begin>2026-10-02T15:07:37.437129+00:00</begin>
                  <end>2026-10-02T15:07:38.437129+00:00</end>
                </TimeSpan>
                <Point>
                  <coordinates>8.521753482456708,47.372668716486785,0</coordinates>
                </Point>
              </Placemark>
              <Placemark>
                <name>Telemetry 34</name>
                <styleUrl>#modifiedtelemetry</styleUrl>
                <TimeSpan>
                  <begin>2026-10-02T15:07:38.437129+00:00</begin>
                  <end>2026-10-02T15:07:39.437129+00:00</end>
                </TimeSpan>
                <Point>
                  <coordinates>8.521697756454788,47.37270819775779,0</coordinates>
                </Point>
              </Placemark>
              <Placemark>
                <name>Telemetry 35</name>
                <styleUrl>#modifiedtelemetry</styleUrl>
                <TimeSpan>
                  <begin>2026-10-02T15:07:39.437129+00:00</begin>
                  <end>2026-10-02T15:07:40.437129+00:00</end>
                </TimeSpan>
                <Point>
                  <coordinates>8.52164203045287,47.372747679028784,0</coordinates>
                </Point>
              </Placemark>
              <Placemark>
                <name>Telemetry 36</name>
                <styleUrl>#modifiedtelemetry</styleUrl>
                <TimeSpan>
                  <begin>2026-10-02T15:07:40.437129+00:00</begin>
                  <end>2026-10-02T15:07:41.437129+00:00</end>
                </TimeSpan>
                <Point>
                  <coordinates>8.521586304450953,47.37278716029979,0</coordinates>
                </Point>
              </Placemark>
              <Placemark>
                <name>Telemetry 37</name>
                <styleUrl>#modifiedtelemetry</styleUrl>
                <TimeSpan>
                  <begin>2026-10-02T15:07:41.437129+00:00</begin>
                  <end>2026-10-02T15:07:42.437129+00:00</end>
                </TimeSpan>
                <Point>
                  <coordinates>8.521530578449035,47.37282664157078,0</coordinates>
                </Point>
              </Placemark>
              <Placemark>
                <name>Telemetry 38</name>
                <styleUrl>#modifiedtelemetry</styleUrl>
                <TimeSpan>
                  <begin>2026-10-02T15:07:42.437129+00:00</begin>
                  <end>2026-10-02T15:07:43.437129+00:00</end>
                </TimeSpan>
                <Point>
                  <coordinates>8.521474852447117,47.372866122841785,0</coordinates>
                </Point>
              </Placemark>
              <Placemark>
                <name>Telemetry 39</name>
                <styleUrl>#modifiedtelemetry</styleUrl>
                <TimeSpan>
                  <begin>2026-10-02T15:07:43.437129+00:00</begin>
                  <end>2026-10-02T15:07:44.437129+00:00</end>
                </TimeSpan>
                <Point>
                  <coordinates>8.5214191264452,47.37290560411278,0</coordinates>
                </Point>
              </Placemark>
              <Placemark>
                <name>Telemetry 40</name>
                <styleUrl>#modifiedtelemetry</styleUrl>
                <TimeSpan>
                  <begin>2026-10-02T15:07:44.437129+00:00</begin>
                  <end>2026-10-02T15:07:45.437129+00:00</end>
                </TimeSpan>
                <Point>
                  <coordinates>8.521363400443283,47.37294508538378,0</coordinates>
                </Point>
              </Placemark>
              <Placemark>
                <name>Telemetry 41</name>
                <styleUrl>#modifiedtelemetry</styleUrl>
                <TimeSpan>
                  <begin>2026-10-02T15:07:45.437129+00:00</begin>
                  <end>2026-10-02T15:07:46.437129+00:00</end>
                </TimeSpan>
                <Point>
                  <coordinates>8.521307674441365,47.37298456665478,0</coordinates>
                </Point>
              </Placemark>
              <Placemark>
                <name>Telemetry 42</name>
                <styleUrl>#modifiedtelemetry</styleUrl>
                <TimeSpan>
                  <begin>2026-10-02T15:07:46.437129+00:00</begin>
                  <end>2026-10-02T15:07:47.437129+00:00</end>
                </TimeSpan>
                <Point>
                  <coordinates>8.521251948439447,47.37302404792578,0</coordinates>
                </Point>
              </Placemark>
              <Placemark>
                <name>Telemetry 43</name>
                <styleUrl>#modifiedtelemetry</styleUrl>
                <TimeSpan>
                  <begin>2026-10-02T15:07:47.437129+00:00</begin>
                  <end>2026-10-02T15:07:48.437129+00:00</end>
                </TimeSpan>
                <Point>
                  <coordinates>8.52119622243753,47.37306352919678,0</coordinates>
                </Point>
              </Placemark>
              <Placemark>
                <name>Telemetry 44</name>
                <styleUrl>#modifiedtelemetry</styleUrl>
                <TimeSpan>
                  <begin>2026-10-02T15:07:48.437129+00:00</begin>
                  <end>2026-10-02T15:07:49.437129+00:00</end>
                </TimeSpan>
                <Point>
                  <coordinates>8.521140496435612,47.37310301046778,0</coordinates>
                </Point>
              </Placemark>
              <Placemark>
                <name>Telemetry 45</name>
                <styleUrl>#modifiedtelemetry</styleUrl>
                <TimeSpan>
                  <begin>2026-10-02T15:07:49.437129+00:00</begin>
                  <end>2026-10-02T15:07:50.437129+00:00</end>
                </TimeSpan>
                <Point>
                  <coordinates>8.521084770433694,47.373142491738776,0</coordinates>
                </Point>
              </Placemark>
              <Placemark>
                <name>Telemetry 46</name>
                <styleUrl>#modifiedtelemetry</styleUrl>
                <TimeSpan>
                  <begin>2026-10-02T15:07:50.437129+00:00</begin>
                  <end>2026-10-02T15:07:51.437129+00:00</end>
                </TimeSpan>
                <Point>
                  <coordinates>8.521029997240193,47.37318257084312,0</coordinates>
                </Point>
              </Placemark>
              <Placemark>
                <name>Telemetry 47</name>
                <styleUrl>#modifiedtelemetry</styleUrl>
                <TimeSpan>
                  <begin>2026-10-02T15:07:51.437129+00:00</begin>
                  <end>2026-10-02T15:07:52.437129+00:00</end>
                </TimeSpan>
                <Point>
                  <coordinates>8.520963533997929,47.37323270220549,0</coordinates>
                </Point>
              </Placemark>
              <Placemark>
                <name>Telemetry 48</name>
                <styleUrl>#modifiedtelemetry</styleUrl>
                <TimeSpan>
                  <begin>2026-10-02T15:07:52.437129+00:00</begin>
                  <end>2026-10-02T15:07:53.437129+00:00</end>
                </TimeSpan>
                <Point>
                  <coordinates>8.520897070755662,47.37328283356786,0</coordinates>
                </Point>
              </Placemark>
              <Placemark>
                <name>Telemetry 49</name>
                <styleUrl>#modifiedtelemetry</styleUrl>
                <TimeSpan>
                  <begin>2026-10-02T15:07:53.437129+00:00</begin>
                  <end>2026-10-02T15:07:54.437129+00:00</end>
                </TimeSpan>
                <Point>
                  <coordinates>8.520830607513398,47.37333296493023,0</coordinates>
                </Point>
              </Placemark>
              <Placemark>
                <name>Telemetry 50</name>
                <styleUrl>#modifiedtelemetry</styleUrl>
                <TimeSpan>
                  <begin>2026-10-02T15:07:54.437129+00:00</begin>
                  <end>2026-10-02T15:07:55.437129+00:00</end>
                </TimeSpan>
                <Point>
                  <coordinates>8.520764144271133,47.3733830962926,0</coordinates>
                </Point>
              </Placemark>
              <Placemark>
                <name>Telemetry 51</name>
                <styleUrl>#modifiedtelemetry</styleUrl>
                <TimeSpan>
                  <begin>2026-10-02T15:07:55.437129+00:00</begin>
                  <end>2026-10-02T15:07:56.437129+00:00</end>
                </TimeSpan>
                <Point>
                  <coordinates>8.520697681028867,47.37343322765497,0</coordinates>
                </Point>
              </Placemark>
              <Placemark>
                <name>Telemetry 52</name>
                <styleUrl>#modifiedtelemetry</styleUrl>
                <TimeSpan>
                  <begin>2026-10-02T15:07:56.437129+00:00</begin>
                  <end>2026-10-02T15:07:57.437129+00:00</end>
                </TimeSpan>
                <Point>
                  <coordinates>8.520631217786603,47.373483359017335,0</coordinates>
                </Point>
              </Placemark>
              <Placemark>
                <name>Telemetry 53</name>
                <styleUrl>#modifiedtelemetry</styleUrl>
                <TimeSpan>
                  <begin>2026-10-02T15:07:57.437129+00:00</begin>
                  <end>2026-10-02T15:07:58.437129+00:00</end>
                </TimeSpan>
                <Point>
                  <coordinates>8.520564754544338,47.37353349037971,0</coordinates>
                </Point>
              </Placemark>
              <Placemark>
                <name>Telemetry 54</name>
                <styleUrl>#modifiedtelemetry</styleUrl>
                <TimeSpan>
                  <begin>2026-10-02T15:07:58.437129+00:00</begin>
                  <end>2026-10-02T15:07:59.437129+00:00</end>
                </TimeSpan>
                <Point>
                  <coordinates>8.520498291302074,47.37358362174207,0</coordinates>
                </Point>
              </Placemark>
              <Placemark>
                <name>Telemetry 55</name>
                <styleUrl>#modifiedtelemetry</styleUrl>
                <TimeSpan>
                  <begin>2026-10-02T15:07:59.437129+00:00</begin>
                  <end>2026-10-02T15:08:00.437129+00:00</end>
                </TimeSpan>
                <Point>
                  <coordinates>8.520431828059808,47.37363375310444,0</coordinates>
                </Point>
              </Placemark>
              <Placemark>
                <name>Telemetry 56</name>
                <styleUrl>#modifiedtelemetry</styleUrl>
                <TimeSpan>
                  <begin>2026-10-02T15:08:00.437129+00:00</begin>
                  <end>2026-10-02T15:08:01.437129+00:00</end>
                </TimeSpan>
                <Point>
                  <coordinates>8.520365364817543,47.373683884466814,0</coordinates>
                </Point>
              </Placemark>
              <Placemark>
                <name>Telemetry 57</name>
                <styleUrl>#modifiedtelemetry</styleUrl>
                <TimeSpan>
                  <begin>2026-10-02T15:08:01.437129+00:00</begin>
                  <end>2026-10-02T15:08:02.437129+00:00</end>
                </TimeSpan>
                <Point>
                  <coordinates>8.520303903282091,47.37373680594896,0</coordinates>
                </Point>
              </Placemark>
              <Placemark>
                <name>Telemetry 58</name>
                <styleUrl>#modifiedtelemetry</styleUrl>
                <TimeSpan>
                  <begin>2026-10-02T15:08:02.437129+00:00</begin>
                  <end>2026-10-02T15:08:03.437129+00:00</end>
                </TimeSpan>
                <Point>
                  <coordinates>8.520235595452737,47.373798117289056,0</coordinates>
                </Point>
              </Placemark>
              <Placemark>
                <name>Telemetry 59</name>
                <styleUrl>#modifiedtelemetry</styleUrl>
                <TimeSpan>
                  <begin>2026-10-02T15:08:03.437129+00:00</begin>
                  <end>2026-10-02T15:08:04.437129+00:00</end>
                </TimeSpan>
                <Point>
                  <coordinates>8.520167287623382,47.373859428629146,0</coordinates>
                </Point>
              </Placemark>
              <Placemark>
                <name>Telemetry 60</name>
                <styleUrl>#modifiedtelemetry</styleUrl>
                <TimeSpan>
                  <begin>2026-10-02T15:08:04.437129+00:00</begin>
                  <end>2026-10-02T15:08:05.437129+00:00</end>
                </TimeSpan>
                <Point>
                  <coordinates>8.520098979794028,47.37392073996924,0</coordinates>
                </Point>
              </Placemark>
              <Placemark>
                <name>Telemetry 61</name>
                <styleUrl>#modifiedtelemetry</styleUrl>
                <TimeSpan>
                  <begin>2026-10-02T15:08:05.437129+00:00</begin>
                  <end>2026-10-02T15:08:06.437129+00:00</end>
                </TimeSpan>
                <Point>
                  <coordinates>8.520030671964673,47.37398205130934,0</coordinates>
                </Point>
              </Placemark>
              <Placemark>
                <name>Telemetry 62</name>
                <styleUrl>#modifiedtelemetry</styleUrl>
                <TimeSpan>
                  <begin>2026-10-02T15:08:06.437129+00:00</begin>
                  <end>2026-10-02T15:08:07.437129+00:00</end>
                </TimeSpan>
                <Point>
                  <coordinates>8.519962364135319,47.37404336264943,0</coordinates>
                </Point>
              </Placemark>
              <Placemark>
                <name>Telemetry 63</name>
                <styleUrl>#modifiedtelemetry</styleUrl>
                <TimeSpan>
                  <begin>2026-10-02T15:08:07.437129+00:00</begin>
                  <end>2026-10-02T15:08:08.437129+00:00</end>
                </TimeSpan>
                <Point>
                  <coordinates>8.519895098918301,47.374105167193115,0</coordinates>
                </Point>
              </Placemark>
            </Folder>
          </Folder>
        </Folder>
        <Folder>
          <name>Service Provider polling</name>
        </Folder>
        <Folder>
          <name>Service Provider polling</name>
        </Folder>
        <Folder>
          <name>Service Provider polling</name>
        </Folder>
        <Folder>
          <name>Service Provider polling</name>
        </Folder>
        <Folder>
          <name>Service Provider polling</name>
        </Folder>
        <Folder>
          <name>Verify operator notification</name>
        </Folder>
        <Folder>
          <name>Intermediate cleanup</name>
        </Folder>
        <Folder>
          <name>Retrieve pre-existing operator notification</name>
        </Folder>
        <Folder>
          <name>Injection</name>
          <Folder>
            <name>E164: uss1 interuss.automated_testing.rid.v1.injection.createTest</name>
            <Folder>
              <name>Test flight f327834a-2f0e-44e1-b096-754c0baaeedc</name>
              <Placemark>
                <name>Telemetry 0</name>
                <styleUrl>#modifiedtelemetry</styleUrl>
                <TimeSpan>
                  <begin>2026-10-02T15:07:14.953441+00:00</begin>
                  <end>2026-10-02T15:07:15.953441+00:00</end>
                </TimeSpan>
                <Point>
                  <coordinates>8.523321827032547,47.3715045208158,0</coordinates>
                </Point>
              </Placemark>
              <Placemark>
                <name>Telemetry 1</name>
                <styleUrl>#modifiedtelemetry</styleUrl>
                <TimeSpan>
                  <begin>2026-10-02T15:07:15.953441+00:00</begin>
                  <end>2026-10-02T15:07:16.953441+00:00</end>
                </TimeSpan>
                <Point>
                  <coordinates>8.523282890548819,47.371540881223694,0</coordinates>
                </Point>
              </Placemark>
              <Placemark>
                <name>Telemetry 2</name>
                <styleUrl>#modifiedtelemetry</styleUrl>
                <TimeSpan>
                  <begin>2026-10-02T15:07:16.953441+00:00</begin>
                  <end>2026-10-02T15:07:17.953441+00:00</end>
                </TimeSpan>
                <Point>
                  <coordinates>8.52324395406509,47.37157724163159,0</coordinates>
                </Point>
              </Placemark>
              <Placemark>
                <name>Telemetry 3</name>
                <styleUrl>#modifiedtelemetry</styleUrl>
                <TimeSpan>
                  <begin>2026-10-02T15:07:17.953441+00:00</begin>
                  <end>2026-10-02T15:07:18.953441+00:00</end>
                </TimeSpan>
                <Point>
                  <coordinates>8.523205017581365,47.37161360203949,0</coordinates>
                </Point>
              </Placemark>
              <Placemark>
                <name>Telemetry 4</name>
                <styleUrl>#modifiedtelemetry</styleUrl>
                <TimeSpan>
                  <begin>2026-10-02T15:07:18.953441+00:00</begin>
                  <end>2026-10-02T15:07:19.953441+00:00</end>
                </TimeSpan>
                <Point>
                  <coordinates>8.523166081097637,47.371649962447385,0</coordinates>
                </Point>
              </Placemark>
              <Placemark>
                <name>Telemetry 5</name>
                <styleUrl>#modifiedtelemetry</styleUrl>
                <TimeSpan>
                  <begin>2026-10-02T15:07:19.953441+00:00</begin>
                  <end>2026-10-02T15:07:20.953441+00:00</end>
                </TimeSpan>
                <Point>
                  <coordinates>8.523118769605144,47.37168134446735,0</coordinates>
                </Point>
              </Placemark>
              <Placemark>
                <name>Telemetry 6</name>
                <styleUrl>#modifiedtelemetry</styleUrl>
                <TimeSpan>
                  <begin>2026-10-02T15:07:20.953441+00:00</begin>
                  <end>2026-10-02T15:07:21.953441+00:00</end>
                </TimeSpan>
                <Point>
                  <coordinates>8.523070583658326,47.37171220668214,0</coordinates>
                </Point>
              </Placemark>
              <Placemark>
                <name>Telemetry 7</name>
                <styleUrl>#modifiedtelemetry</styleUrl>
                <TimeSpan>
                  <begin>2026-10-02T15:07:21.953441+00:00</begin>
                  <end>2026-10-02T15:07:22.953441+00:00</end>
                </TimeSpan>
                <Point>
                  <coordinates>8.523022397711506,47.371743068896926,0</coordinates>
                </Point>
              </Placemark>
              <Placemark>
                <name>Telemetry 8</name>
                <styleUrl>#modifiedtelemetry</styleUrl>
                <TimeSpan>
                  <begin>2026-10-02T15:07:22.953441+00:00</begin>
                  <end>2026-10-02T15:07:23.953441+00:00</end>
                </TimeSpan>
                <Point>
                  <coordinates>8.5229757392881,47.371774910132885,0</coordinates>
                </Point>
              </Placemark>
              <Placemark>
                <name>Telemetry 9</name>
                <styleUrl>#modifiedtelemetry</styleUrl>
                <TimeSpan>
                  <begin>2026-10-02T15:07:23.953441+00:00</begin>
                  <end>2026-10-02T15:07:24.953441+00:00</end>
                </TimeSpan>
                <Point>
                  <coordinates>8.522932891599606,47.371809193747204,0</coordinates>
                </Point>
              </Placemark>
              <Placemark>
                <name>Telemetry 10</name>
                <styleUrl>#modifiedtelemetry</styleUrl>
                <TimeSpan>
                  <begin>2026-10-02T15:07:24.953441+00:00</begin>
                  <end>2026-10-02T15:07:25.953441+00:00</end>
                </TimeSpan>
                <Point>
                  <coordinates>8.522890043911113,47.37184347736152,0</coordinates>
                </Point>
              </Placemark>
              <Placemark>
                <name>Telemetry 11</name>
                <styleUrl>#modifiedtelemetry</styleUrl>
                <TimeSpan>
                  <begin>2026-10-02T15:07:25.953441+00:00</begin>
                  <end>2026-10-02T15:07:26.953441+00:00</end>
                </TimeSpan>
                <Point>
                  <coordinates>8.52284719622262,47.37187776097584,0</coordinates>
                </Point>
              </Placemark>
              <Placemark>
                <name>Telemetry 12</name>
                <styleUrl>#modifiedtelemetry</styleUrl>
                <TimeSpan>
                  <begin>2026-10-02T15:07:26.953441+00:00</begin>
                  <end>2026-10-02T15:07:27.953441+00:00</end>
                </TimeSpan>
                <Point>
                  <coordinates>8.522804348534127,47.37191204459016,0</coordinates>
                </Point>
              </Placemark>
              <Placemark>
                <name>Telemetry 13</name>
                <styleUrl>#modifiedtelemetry</styleUrl>
                <TimeSpan>
                  <begin>2026-10-02T15:07:27.953441+00:00</begin>
                  <end>2026-10-02T15:07:28.953441+00:00</end>
                </TimeSpan>
                <Point>
                  <coordinates>8.522761500845634,47.37194632820448,0</coordinates>
                </Point>
              </Placemark>
              <Placemark>
                <name>Telemetry 14</name>
                <styleUrl>#modifiedtelemetry</styleUrl>
                <TimeSpan>
                  <begin>2026-10-02T15:07:28.953441+00:00</begin>
                  <end>2026-10-02T15:07:29.953441+00:00</end>
                </TimeSpan>
                <Point>
                  <coordinates>8.522718653157142,47.371980611818806,0</coordinates>
                </Point>
              </Placemark>
              <Placemark>
                <name>Telemetry 15</name>
                <styleUrl>#modifiedtelemetry</styleUrl>
                <TimeSpan>
                  <begin>2026-10-02T15:07:29.953441+00:00</begin>
                  <end>2026-10-02T15:07:30.953441+00:00</end>
                </TimeSpan>
                <Point>
                  <coordinates>8.522675805468648,47.372014895433125,0</coordinates>
                </Point>
              </Placemark>
              <Placemark>
                <name>Telemetry 16</name>
                <styleUrl>#modifiedtelemetry</styleUrl>
                <TimeSpan>
                  <begin>2026-10-02T15:07:30.953441+00:00</begin>
                  <end>2026-10-02T15:07:31.953441+00:00</end>
                </TimeSpan>
                <Point>
                  <coordinates>8.522630095760274,47.37204743572325,0</coordinates>
                </Point>
              </Placemark>
              <Placemark>
                <name>Telemetry 17</name>
                <styleUrl>#modifiedtelemetry</styleUrl>
                <TimeSpan>
                  <begin>2026-10-02T15:07:31.953441+00:00</begin>
                  <end>2026-10-02T15:07:32.953441+00:00</end>
                </TimeSpan>
                <Point>
                  <coordinates>8.522580799973472,47.372082380767935,0</coordinates>
                </Point>
              </Placemark>
              <Placemark>
                <name>Telemetry 18</name>
                <styleUrl>#modifiedtelemetry</styleUrl>
                <TimeSpan>
                  <begin>2026-10-02T15:07:32.953441+00:00</begin>
                  <end>2026-10-02T15:07:33.953441+00:00</end>
                </TimeSpan>
                <Point>
                  <coordinates>8.52253150418667,47.372117325812624,0</coordinates>
                </Point>
              </Placemark>
              <Placemark>
                <name>Telemetry 19</name>
                <styleUrl>#modifiedtelemetry</styleUrl>
                <TimeSpan>
                  <begin>2026-10-02T15:07:33.953441+00:00</begin>
                  <end>2026-10-02T15:07:34.953441+00:00</end>
                </TimeSpan>
                <Point>
                  <coordinates>8.52248220839987,47.372152270857306,0</coordinates>
                </Point>
              </Placemark>
              <Placemark>
                <name>Telemetry 20</name>
                <styleUrl>#modifiedtelemetry</styleUrl>
                <TimeSpan>
                  <begin>2026-10-02T15:07:34.953441+00:00</begin>
                  <end>2026-10-02T15:07:35.953441+00:00</end>
                </TimeSpan>
                <Point>
                  <coordinates>8.522432912613064,47.372187215901995,0</coordinates>
                </Point>
              </Placemark>
              <Placemark>
                <name>Telemetry 21</name>
                <styleUrl>#modifiedtelemetry</styleUrl>
                <TimeSpan>
                  <begin>2026-10-02T15:07:35.953441+00:00</begin>
                  <end>2026-10-02T15:07:36.953441+00:00</end>
                </TimeSpan>
                <Point>
                  <coordinates>8.522383616826263,47.37222216094668,0</coordinates>
                </Point>
              </Placemark>
              <Placemark>
                <name>Telemetry 22</name>
                <styleUrl>#modifiedtelemetry</styleUrl>
                <TimeSpan>
                  <begin>2026-10-02T15:07:36.953441+00:00</begin>
                  <end>2026-10-02T15:07:37.953441+00:00</end>
                </TimeSpan>
                <Point>
                  <coordinates>8.52233432103946,47.372257105991366,0</coordinates>
                </Point>
              </Placemark>
              <Placemark>
                <name>Telemetry 23</name>
                <styleUrl>#modifiedtelemetry</styleUrl>
                <TimeSpan>
                  <begin>2026-10-02T15:07:37.953441+00:00</begin>
                  <end>2026-10-02T15:07:38.953441+00:00</end>
                </TimeSpan>
                <Point>
                  <coordinates>8.52228502525266,47.37229205103605,0</coordinates>
                </Point>
              </Placemark>
              <Placemark>
                <name>Telemetry 24</name>
                <styleUrl>#modifiedtelemetry</styleUrl>
                <TimeSpan>
                  <begin>2026-10-02T15:07:38.953441+00:00</begin>
                  <end>2026-10-02T15:07:39.953441+00:00</end>
                </TimeSpan>
                <Point>
                  <coordinates>8.522235729465857,47.37232699608074,0</coordinates>
                </Point>
              </Placemark>
              <Placemark>
                <name>Telemetry 25</name>
                <styleUrl>#modifiedtelemetry</styleUrl>
                <TimeSpan>
                  <begin>2026-10-02T15:07:39.953441+00:00</begin>
                  <end>2026-10-02T15:07:40.953441+00:00</end>
                </TimeSpan>
                <Point>
                  <coordinates>8.522186433679055,47.37236194112542,0</coordinates>
                </Point>
              </Placemark>
              <Placemark>
                <name>Telemetry 26</name>
                <styleUrl>#modifiedtelemetry</styleUrl>
                <TimeSpan>
                  <begin>2026-10-02T15:07:40.953441+00:00</begin>
                  <end>2026-10-02T15:07:41.953441+00:00</end>
                </TimeSpan>
                <Point>
                  <coordinates>8.522137137892253,47.37239688617011,0</coordinates>
                </Point>
              </Placemark>
              <Placemark>
                <name>Telemetry 27</name>
                <styleUrl>#modifiedtelemetry</styleUrl>
                <TimeSpan>
                  <begin>2026-10-02T15:07:41.953441+00:00</begin>
                  <end>2026-10-02T15:07:42.953441+00:00</end>
                </TimeSpan>
                <Point>
                  <coordinates>8.522087838468211,47.37243182886079,0</coordinates>
                </Point>
              </Placemark>
              <Placemark>
                <name>Telemetry 28</name>
                <styleUrl>#modifiedtelemetry</styleUrl>
                <TimeSpan>
                  <begin>2026-10-02T15:07:42.953441+00:00</begin>
                  <end>2026-10-02T15:07:43.953441+00:00</end>
                </TimeSpan>
                <Point>
                  <coordinates>8.522032112466293,47.37247131013179,0</coordinates>
                </Point>
              </Placemark>
              <Placemark>
                <name>Telemetry 29</name>
                <styleUrl>#modifiedtelemetry</styleUrl>
                <TimeSpan>
                  <begin>2026-10-02T15:07:43.953441+00:00</begin>
                  <end>2026-10-02T15:07:44.953441+00:00</end>
                </TimeSpan>
                <Point>
                  <coordinates>8.521976386464376,47.37251079140279,0</coordinates>
                </Point>
              </Placemark>
              <Placemark>
                <name>Telemetry 30</name>
                <styleUrl>#modifiedtelemetry</styleUrl>
                <TimeSpan>
                  <begin>2026-10-02T15:07:44.953441+00:00</begin>
                  <end>2026-10-02T15:07:45.953441+00:00</end>
                </TimeSpan>
                <Point>
                  <coordinates>8.521920660462458,47.37255027267379,0</coordinates>
                </Point>
              </Placemark>
              <Placemark>
                <name>Telemetry 31</name>
                <styleUrl>#modifiedtelemetry</styleUrl>
                <TimeSpan>
                  <begin>2026-10-02T15:07:45.953441+00:00</begin>
                  <end>2026-10-02T15:07:46.953441+00:00</end>
                </TimeSpan>
                <Point>
                  <coordinates>8.521864934460542,47.37258975394479,0</coordinates>
                </Point>
              </Placemark>
              <Placemark>
                <name>Telemetry 32</name>
                <styleUrl>#modifiedtelemetry</styleUrl>
                <TimeSpan>
                  <begin>2026-10-02T15:07:46.953441+00:00</begin>
                  <end>2026-10-02T15:07:47.953441+00:00</end>
                </TimeSpan>
                <Point>
                  <coordinates>8.521809208458624,47.37262923521579,0</coordinates>
                </Point>
              </Placemark>
              <Placemark>
                <name>Telemetry 33</name>
                <styleUrl>#modifiedtelemetry</styleUrl>
                <TimeSpan>
                  <begin>2026-10-02T15:07:47.953441+00:00</begin>
                  <end>2026-10-02T15:07:48.953441+00:00</end>
                </TimeSpan>
                <Point>
                  <coordinates>8.521753482456708,47.372668716486785,0</coordinates>
                </Point>
              </Placemark>
              <Placemark>
                <name>Telemetry 34</name>
                <styleUrl>#modifiedtelemetry</styleUrl>
                <TimeSpan>
                  <begin>2026-10-02T15:07:48.953441+00:00</begin>
                  <end>2026-10-02T15:07:49.953441+00:00</end>
                </TimeSpan>
                <Point>
                  <coordinates>8.521697756454788,47.37270819775779,0</coordinates>
                </Point>
              </Placemark>
              <Placemark>
                <name>Telemetry 35</name>
                <styleUrl>#modifiedtelemetry</styleUrl>
                <TimeSpan>
                  <begin>2026-10-02T15:07:49.953441+00:00</begin>
                  <end>2026-10-02T15:07:50.953441+00:00</end>
                </TimeSpan>
                <Point>
                  <coordinates>8.52164203045287,47.372747679028784,0</coordinates>
                </Point>
              </Placemark>
              <Placemark>
                <name>Telemetry 36</name>
                <styleUrl>#modifiedtelemetry</styleUrl>
                <TimeSpan>
                  <begin>2026-10-02T15:07:50.953441+00:00</begin>
                  <end>2026-10-02T15:07:51.953441+00:00</end>
                </TimeSpan>
                <Point>
                  <coordinates>8.521586304450953,47.37278716029979,0</coordinates>
                </Point>
              </Placemark>
              <Placemark>
                <name>Telemetry 37</name>
                <styleUrl>#modifiedtelemetry</styleUrl>
                <TimeSpan>
                  <begin>2026-10-02T15:07:51.953441+00:00</begin>
                  <end>2026-10-02T15:07:52.953441+00:00</end>
                </TimeSpan>
                <Point>
                  <coordinates>8.521530578449035,47.37282664157078,0</coordinates>
                </Point>
              </Placemark>
              <Placemark>
                <name>Telemetry 38</name>
                <styleUrl>#modifiedtelemetry</styleUrl>
                <TimeSpan>
                  <begin>2026-10-02T15:07:52.953441+00:00</begin>
                  <end>2026-10-02T15:07:53.953441+00:00</end>
                </TimeSpan>
                <Point>
                  <coordinates>8.521474852447117,47.372866122841785,0</coordinates>
                </Point>
              </Placemark>
              <Placemark>
                <name>Telemetry 39</name>
                <styleUrl>#modifiedtelemetry</styleUrl>
                <TimeSpan>
                  <begin>2026-10-02T15:07:53.953441+00:00</begin>
                  <end>2026-10-02T15:07:54.953441+00:00</end>
                </TimeSpan>
                <Point>
                  <coordinates>8.5214191264452,47.37290560411278,0</coordinates>
                </Point>
              </Placemark>
              <Placemark>
                <name>Telemetry 40</name>
                <styleUrl>#modifiedtelemetry</styleUrl>
                <TimeSpan>
                  <begin>2026-10-02T15:07:54.953441+00:00</begin>
                  <end>2026-10-02T15:07:55.953441+00:00</end>
                </TimeSpan>
                <Point>
                  <coordinates>8.521363400443283,47.37294508538378,0</coordinates>
                </Point>
              </Placemark>
              <Placemark>
                <name>Telemetry 41</name>
                <styleUrl>#modifiedtelemetry</styleUrl>
                <TimeSpan>
                  <begin>2026-10-02T15:07:55.953441+00:00</begin>
                  <end>2026-10-02T15:07:56.953441+00:00</end>
                </TimeSpan>
                <Point>
                  <coordinates>8.521307674441365,47.37298456665478,0</coordinates>
                </Point>
              </Placemark>
              <Placemark>
                <name>Telemetry 42</name>
                <styleUrl>#modifiedtelemetry</styleUrl>
                <TimeSpan>
                  <begin>2026-10-02T15:07:56.953441+00:00</begin>
                  <end>2026-10-02T15:07:57.953441+00:00</end>
                </TimeSpan>
                <Point>
                  <coordinates>8.521251948439447,47.37302404792578,0</coordinates>
                </Point>
              </Placemark>
              <Placemark>
                <name>Telemetry 43</name>
                <styleUrl>#modifiedtelemetry</styleUrl>
                <TimeSpan>
                  <begin>2026-10-02T15:07:57.953441+00:00</begin>
                  <end>2026-10-02T15:07:58.953441+00:00</end>
                </TimeSpan>
                <Point>
                  <coordinates>8.52119622243753,47.37306352919678,0</coordinates>
                </Point>
              </Placemark>
              <Placemark>
                <name>Telemetry 44</name>
                <styleUrl>#modifiedtelemetry</styleUrl>
                <TimeSpan>
                  <begin>2026-10-02T15:07:58.953441+00:00</begin>
                  <end>2026-10-02T15:07:59.953441+00:00</end>
                </TimeSpan>
                <Point>
                  <coordinates>8.521140496435612,47.37310301046778,0</coordinates>
                </Point>
              </Placemark>
              <Placemark>
                <name>Telemetry 45</name>
                <styleUrl>#modifiedtelemetry</styleUrl>
                <TimeSpan>
                  <begin>2026-10-02T15:07:59.953441+00:00</begin>
                  <end>2026-10-02T15:08:00.953441+00:00</end>
                </TimeSpan>
                <Point>
                  <coordinates>8.521084770433694,47.373142491738776,0</coordinates>
                </Point>
              </Placemark>
              <Placemark>
                <name>Telemetry 46</name>
                <styleUrl>#modifiedtelemetry</styleUrl>
                <TimeSpan>
                  <begin>2026-10-02T15:08:00.953441+00:00</begin>
                  <end>2026-10-02T15:08:01.953441+00:00</end>
                </TimeSpan>
                <Point>
                  <coordinates>8.521029997240193,47.37318257084312,0</coordinates>
                </Point>
              </Placemark>
              <Placemark>
                <name>Telemetry 47</name>
                <styleUrl>#modifiedtelemetry</styleUrl>
                <TimeSpan>
                  <begin>2026-10-02T15:08:01.953441+00:00</begin>
                  <end>2026-10-02T15:08:02.953441+00:00</end>
                </TimeSpan>
                <Point>
                  <coordinates>8.520963533997929,47.37323270220549,0</coordinates>
                </Point>
              </Placemark>
              <Placemark>
                <name>Telemetry 48</name>
                <styleUrl>#modifiedtelemetry</styleUrl>
                <TimeSpan>
                  <begin>2026-10-02T15:08:02.953441+00:00</begin>
                  <end>2026-10-02T15:08:03.953441+00:00</end>
                </TimeSpan>
                <Point>
                  <coordinates>8.520897070755662,47.37328283356786,0</coordinates>
                </Point>
              </Placemark>
              <Placemark>
                <name>Telemetry 49</name>
                <styleUrl>#modifiedtelemetry</styleUrl>
                <TimeSpan>
                  <begin>2026-10-02T15:08:03.953441+00:00</begin>
                  <end>2026-10-02T15:08:04.953441+00:00</end>
                </TimeSpan>
                <Point>
                  <coordinates>8.520830607513398,47.37333296493023,0</coordinates>
                </Point>
              </Placemark>
              <Placemark>
                <name>Telemetry 50</name>
                <styleUrl>#modifiedtelemetry</styleUrl>
                <TimeSpan>
                  <begin>2026-10-02T15:08:04.953441+00:00</begin>
                  <end>2026-10-02T15:08:05.953441+00:00</end>
                </TimeSpan>
                <Point>
                  <coordinates>8.520764144271133,47.3733830962926,0</coordinates>
                </Point>
              </Placemark>
              <Placemark>
                <name>Telemetry 51</name>
                <styleUrl>#modifiedtelemetry</styleUrl>
                <TimeSpan>
                  <begin>2026-10-02T15:08:05.953441+00:00</begin>
                  <end>2026-10-02T15:08:06.953441+00:00</end>
                </TimeSpan>
                <Point>
                  <coordinates>8.520697681028867,47.37343322765497,0</coordinates>
                </Point>
              </Placemark>
              <Placemark>
                <name>Telemetry 52</name>
                <styleUrl>#modifiedtelemetry</styleUrl>
                <TimeSpan>
                  <begin>2026-10-02T15:08:06.953441+00:00</begin>
                  <end>2026-10-02T15:08:07.953441+00:00</end>
                </TimeSpan>
                <Point>
                  <coordinates>8.520631217786603,47.373483359017335,0</coordinates>
                </Point>
              </Placemark>
              <Placemark>
                <name>Telemetry 53</name>
                <styleUrl>#modifiedtelemetry</styleUrl>
                <TimeSpan>
                  <begin>2026-10-02T15:08:07.953441+00:00</begin>
                  <end>2026-10-02T15:08:08.953441+00:00</end>
                </TimeSpan>
                <Point>
                  <coordinates>8.520564754544338,47.37353349037971,0</coordinates>
                </Point>
              </Placemark>
              <Placemark>
                <name>Telemetry 54</name>
                <styleUrl>#modifiedtelemetry</styleUrl>
                <TimeSpan>
                  <begin>2026-10-02T15:08:08.953441+00:00</begin>
                  <end>2026-10-02T15:08:09.953441+00:00</end>
                </TimeSpan>
                <Point>
                  <coordinates>8.520498291302074,47.37358362174207,0</coordinates>
                </Point>
              </Placemark>
              <Placemark>
                <name>Telemetry 55</name>
                <styleUrl>#modifiedtelemetry</styleUrl>
                <TimeSpan>
                  <begin>2026-10-02T15:08:09.953441+00:00</begin>
                  <end>2026-10-02T15:08:10.953441+00:00</end>
                </TimeSpan>
                <Point>
                  <coordinates>8.520431828059808,47.37363375310444,0</coordinates>
                </Point>
              </Placemark>
              <Placemark>
                <name>Telemetry 56</name>
                <styleUrl>#modifiedtelemetry</styleUrl>
                <TimeSpan>
                  <begin>2026-10-02T15:08:10.953441+00:00</begin>
                  <end>2026-10-02T15:08:11.953441+00:00</end>
                </TimeSpan>
                <Point>
                  <coordinates>8.520365364817543,47.373683884466814,0</coordinates>
                </Point>
              </Placemark>
              <Placemark>
                <name>Telemetry 57</name>
                <styleUrl>#modifiedtelemetry</styleUrl>
                <TimeSpan>
                  <begin>2026-10-02T15:08:11.953441+00:00</begin>
                  <end>2026-10-02T15:08:12.953441+00:00</end>
                </TimeSpan>
                <Point>
                  <coordinates>8.520303903282091,47.37373680594896,0</coordinates>
                </Point>
              </Placemark>
              <Placemark>
                <name>Telemetry 58</name>
                <styleUrl>#modifiedtelemetry</styleUrl>
                <TimeSpan>
                  <begin>2026-10-02T15:08:12.953441+00:00</begin>
                  <end>2026-10-02T15:08:13.953441+00:00</end>
                </TimeSpan>
                <Point>
                  <coordinates>8.520235595452737,47.373798117289056,0</coordinates>
                </Point>
              </Placemark>
              <Placemark>
                <name>Telemetry 59</name>
                <styleUrl>#modifiedtelemetry</styleUrl>
                <TimeSpan>
                  <begin>2026-10-02T15:08:13.953441+00:00</begin>
                  <end>2026-10-02T15:08:14.953441+00:00</end>
                </TimeSpan>
                <Point>
                  <coordinates>8.520167287623382,47.373859428629146,0</coordinates>
                </Point>
              </Placemark>
              <Placemark>
                <name>Telemetry 60</name>
                <styleUrl>#modifiedtelemetry</styleUrl>
                <TimeSpan>
                  <begin>2026-10-02T15:08:14.953441+00:00</begin>
                  <end>2026-10-02T15:08:15.953441+00:00</end>
                </TimeSpan>
                <Point>
                  <coordinates>8.520098979794028,47.37392073996924,0</coordinates>
                </Point>
              </Placemark>
              <Placemark>
                <name>Telemetry 61</name>
                <styleUrl>#modifiedtelemetry</styleUrl>
                <TimeSpan>
                  <begin>2026-10-02T15:08:15.953441+00:00</begin>
                  <end>2026-10-02T15:08:16.953441+00:00</end>
                </TimeSpan>
                <Point>
                  <coordinates>8.520030671964673,47.37398205130934,0</coordinates>
                </Point>
              </Placemark>
              <Placemark>
                <name>Telemetry 62</name>
                <styleUrl>#modifiedtelemetry</styleUrl>
                <TimeSpan>
                  <begin>2026-10-02T15:08:16.953441+00:00</begin>
                  <end>2026-10-02T15:08:17.953441+00:00</end>
                </TimeSpan>
                <Point>
                  <coordinates>8.519962364135319,47.37404336264943,0</coordinates>
                </Point>
              </Placemark>
              <Placemark>
                <name>Telemetry 63</name>
                <styleUrl>#modifiedtelemetry</styleUrl>
                <TimeSpan>
                  <begin>2026-10-02T15:08:17.953441+00:00</begin>
                  <end>2026-10-02T15:08:18.953441+00:00</end>
                </TimeSpan>
                <Point>
                  <coordinates>8.519895098918301,47.374105167193115,0</coordinates>
                </Point>
              </Placemark>
            </Folder>
          </Folder>
        </Folder>
        <Folder>
          <name>Service Provider polling</name>
        </Folder>
        <Folder>
          <name>Service Provider polling</name>
        </Folder>
        <Folder>
          <name>Service Provider polling</name>
        </Folder>
        <Folder>
          <name>Service Provider polling</name>
        </Folder>
        <Folder>
          <name>Service Provider polling</name>
        </Folder>
        <Folder>
          <name>Verify operator notification</name>
        </Folder>
        <Folder>
          <name>Intermediate cleanup</name>
        </Folder>
      </Folder>
      <Folder>
        <name/>
        <Folder>
          <name>Cleanup</name>
        </Folder>
      </Folder>
    </Folder>
  </Document>
</kml>
