<kml xmlns="http://www.opengis.net/kml/2.2" xmlns:atom="http://www.w3.org/2005/Atom" xmlns:gx="http://www.google.com/kml/ext/2.2">
  <Document>
    <Style id="QueryArea">
      <LineStyle>
        <color>ffc0c000</color>
        <width>3</width>
      </LineStyle>
      <PolyStyle>
        <color>80ffffaa</color>
      </PolyStyle>
    </Style>
    <Style id="F3548v21Accepted">
      <LineStyle>
        <color>ff00c000</color>
        <width>3</width>
      </LineStyle>
      <PolyStyle>
        <color>80c0c0c0</color>
      </PolyStyle>
    </Style>
    <Style id="F3548v21Activated">
      <LineStyle>
        <color>ff00c000</color>
        <width>3</width>
      </LineStyle>
      <PolyStyle>
        <color>8000ff00</color>
      </PolyStyle>
    </Style>
    <Style id="F3548v21Nonconforming">
      <LineStyle>
        <color>ff00ffff</color>
        <width>5</width>
      </LineStyle>
      <PolyStyle>
        <color>8000ffff</color>
      </PolyStyle>
    </Style>
    <Style id="F3548v21Contingent">
      <LineStyle>
        <color>ff0000ff</color>
        <width>5</width>
      </LineStyle>
      <PolyStyle>
        <color>80ff0000ff</color>
      </PolyStyle>
    </Style>
    <Style id="F3548v21AcceptedFuture">
      <LineStyle>
        <color>80c0c0c0</color>
        <width>1</width>
      </LineStyle>
      <PolyStyle>
        <color>00000000</color>
      </PolyStyle>
    </Style>
    <Style id="F3548v21ActivatedFuture">
      <LineStyle>
        <color>8040c040</color>
        <width>1</width>
      </LineStyle>
      <PolyStyle>
        <color>00000000</color>
      </PolyStyle>
    </Style>
    <Style id="F3548v21NonconformingFuture">
      <LineStyle>
        <color>8000ffff</color>
        <width>1</width>
      </LineStyle>
      <PolyStyle>
        <color>00000000</color>
      </PolyStyle>
    </Style>
    <Style id="F3548v21ContingentFuture">
      <LineStyle>
        <color>80ff0000ff</color>
        <width>1</width>
      </LineStyle>
      <PolyStyle>
        <color>00000000</color>
      </PolyStyle>
    </Style>
    <Style id="Planned_Nominal">
      <LineStyle>
        <color>ff00c000</color>
        <width>3</width>
      </LineStyle>
      <PolyStyle>
        <color>80808080</color>
      </PolyStyle>
    </Style>
    <Style id="InUse_Nominal">
      <LineStyle>
        <color>ff00c000</color>
        <width>3</width>
      </LineStyle>
      <PolyStyle>
        <color>8000ff00</color>
      </PolyStyle>
    </Style>
    <Style id="InUse_OffNominal">
      <LineStyle>
        <color>ff00ffff</color>
        <width>5</width>
      </LineStyle>
      <PolyStyle>
        <color>8000ff00</color>
      </PolyStyle>
    </Style>
    <Style id="InUse_Contingent">
      <LineStyle>
        <color>ff0000ff</color>
        <width>5</width>
      </LineStyle>
      <PolyStyle>
        <color>8000ff00</color>
      </PolyStyle>
    </Style>
    <Style id="unmodifiedtelemetry">
      <IconStyle>
        <scale>1.4</scale>
        <Icon>
          <href>http://maps.google.com/mapfiles/kml/shapes/placemark_circle.png</href>
        </Icon>
      </IconStyle>
    </Style>
    <Style id="modifiedtelemetry">
      <IconStyle>
        <scale>1.4</scale>
        <Icon>
          <href>http://maps.google.com/mapfiles/kml/shapes/placemark_square.png</href>
        </Icon>
      </IconStyle>
    </Style>
    <Style id="aircraft">
      <IconStyle>
        <scale>1.4</scale>
        <Icon>
          <href>http://maps.google.com/mapfiles/kml/shapes/airports.png</href>
        </Icon>
      </IconStyle>
    </Style>
    <Folder>
      <name>Nominal planning: conflict with higher priority</name>
      <Folder>
        <name>Prerequisites check</name>
        <Folder>
          <name>Verify area is clear</name>
          <Folder>
            <name>E3: uss1_dss astm.f3548.v21.dss.queryOperationalIntentReferences</name>
            <Placemark>
              <name>area_of_interest</name>
              <styleUrl>#QueryArea</styleUrl>
              <description><![CDATA[(no operational intent references found)]]></description>
              <TimeSpan>
                <begin>2026-10-09T06:24:05.270189+00:00</begin>
                <end>2026-10-09T07:54:06.270189+00:00</end>
              </TimeSpan>
              <MultiGeometry>
                <Polygon>
                  <altitudeMode>absolute</altitudeMode>
                  <outerBoundaryIs>
                    <LinearRing>
                      <coordinates>-96.65116755902885,32.71777251457099,89.97696324181894 -96.65116755902885,32.71860287780432,89.97696324181894 -96.65011177421847,32.71860287780432,89.97696324181894 -96.65011177421847,32.71777251457099,89.97696324181894</coordinates>
                    </LinearRing>
                  </outerBoundaryIs>
                </Polygon>
                <Polygon>
                  <altitudeMode>absolute</altitudeMode>
                  <outerBoundaryIs>
                    <LinearRing>
                      <coordinates>-96.65116755902885,32.71777251457099,170.02696324181895 -96.65116755902885,32.71860287780432,170.02696324181895 -96.65011177421847,32.71860287780432,170.02696324181895 -96.65011177421847,32.71777251457099,170.02696324181895</coordinates>
                    </LinearRing>
                  </outerBoundaryIs>
                </Polygon>
                <Polygon>
                  <altitudeMode>absolute</altitudeMode>
                  <outerBoundaryIs>
                    <LinearRing>
                      <coordinates>-96.65116755902885,32.71777251457099,89.97696324181894 -96.65116755902885,32.71777251457099,170.02696324181895 -96.65116755902885,32.71860287780432,170.02696324181895 -96.65116755902885,32.71860287780432,89.97696324181894</coordinates>
                    </LinearRing>
                  </outerBoundaryIs>
                </Polygon>
                <Polygon>
                  <altitudeMode>absolute</altitudeMode>
                  <outerBoundaryIs>
                    <LinearRing>
                      <coordinates>-96.65116755902885,32.71860287780432,89.97696324181894 -96.65116755902885,32.71860287780432,170.02696324181895 -96.65011177421847,32.71860287780432,170.02696324181895 -96.65011177421847,32.71860287780432,89.97696324181894</coordinates>
                    </LinearRing>
                  </outerBoundaryIs>
                </Polygon>
                <Polygon>
                  <altitudeMode>absolute</altitudeMode>
                  <outerBoundaryIs>
                    <LinearRing>
                      <coordinates>-96.65011177421847,32.71860287780432,89.97696324181894 -96.65011177421847,32.71860287780432,170.02696324181895 -96.65011177421847,32.71777251457099,170.02696324181895 -96.65011177421847,32.71777251457099,89.97696324181894</coordinates>
                    </LinearRing>
                  </outerBoundaryIs>
                </Polygon>
                <Polygon>
                  <altitudeMode>absolute</altitudeMode>
                  <outerBoundaryIs>
                    <LinearRing>
                      <coordinates>-96.65011177421847,32.71777251457099,89.97696324181894 -96.65011177421847,32.71777251457099,170.02696324181895 -96.65116755902885,32.71777251457099,170.02696324181895 -96.65116755902885,32.71777251457099,89.97696324181894</coordinates>
                    </LinearRing>
                  </outerBoundaryIs>
                </Polygon>
              </MultiGeometry>
            </Placemark>
          </Folder>
        </Folder>
      </Folder>
      <Folder>
        <name>Attempt to plan flight in conflict</name>
        <Folder>
          <name>Plan Flight 2</name>
          <Folder>
            <name>E6: uss1_dss astm.f3548.v21.dss.queryOperationalIntentReferences</name>
            <Placemark>
              <name>area_of_interest</name>
              <styleUrl>#QueryArea</styleUrl>
              <description><![CDATA[(no operational intent references found)]]></description>
              <TimeSpan>
                <begin>2026-10-09T06:24:05.353784+00:00</begin>
                <end>2026-10-09T07:09:06.353784+00:00</end>
              </TimeSpan>
              <MultiGeometry>
                <Polygon>
                  <altitudeMode>absolute</altitudeMode>
                  <outerBoundaryIs>
                    <LinearRing>
                      <coordinates>-96.65116755902885,32.71782156372596,118.95766610520391 -96.65116755902885,32.718424400484075,118.95766610520391 -96.65063722327571,32.718424400484075,118.95766610520391 -96.65063722327571,32.71782156372596,118.95766610520391</coordinates>
                    </LinearRing>
                  </outerBoundaryIs>
                </Polygon>
                <Polygon>
                  <altitudeMode>absolute</altitudeMode>
                  <outerBoundaryIs>
                    <LinearRing>
                      <coordinates>-96.65116755902885,32.71782156372596,148.0276661052039 -96.65116755902885,32.718424400484075,148.0276661052039 -96.65063722327571,32.718424400484075,148.0276661052039 -96.65063722327571,32.71782156372596,148.0276661052039</coordinates>
                    </LinearRing>
                  </outerBoundaryIs>
                </Polygon>
                <Polygon>
                  <altitudeMode>absolute</altitudeMode>
                  <outerBoundaryIs>
                    <LinearRing>
                      <coordinates>-96.65116755902885,32.71782156372596,118.95766610520391 -96.65116755902885,32.71782156372596,148.0276661052039 -96.65116755902885,32.718424400484075,148.0276661052039 -96.65116755902885,32.718424400484075,118.95766610520391</coordinates>
                    </LinearRing>
                  </outerBoundaryIs>
                </Polygon>
                <Polygon>
                  <altitudeMode>absolute</altitudeMode>
                  <outerBoundaryIs>
                    <LinearRing>
                      <coordinates>-96.65116755902885,32.718424400484075,118.95766610520391 -96.65116755902885,32.718424400484075,148.0276661052039 -96.65063722327571,32.718424400484075,148.0276661052039 -96.65063722327571,32.718424400484075,118.95766610520391</coordinates>
                    </LinearRing>
                  </outerBoundaryIs>
                </Polygon>
                <Polygon>
                  <altitudeMode>absolute</altitudeMode>
                  <outerBoundaryIs>
                    <LinearRing>
                      <coordinates>-96.65063722327571,32.718424400484075,118.95766610520391 -96.65063722327571,32.718424400484075,148.0276661052039 -96.65063722327571,32.71782156372596,148.0276661052039 -96.65063722327571,32.71782156372596,118.95766610520391</coordinates>
                    </LinearRing>
                  </outerBoundaryIs>
                </Polygon>
                <Polygon>
                  <altitudeMode>absolute</altitudeMode>
                  <outerBoundaryIs>
                    <LinearRing>
                      <coordinates>-96.65063722327571,32.71782156372596,118.95766610520391 -96.65063722327571,32.71782156372596,148.0276661052039 -96.65116755902885,32.71782156372596,148.0276661052039 -96.65116755902885,32.71782156372596,118.95766610520391</coordinates>
                    </LinearRing>
                  </outerBoundaryIs>
                </Polygon>
              </MultiGeometry>
            </Placemark>
          </Folder>
          <Folder>
            <name>E8: uss1_core interuss.automated_testing.flight_planning.v1.UpsertFlightPlan</name>
            <Folder>
              <name>Activity Completed, flight Planned</name>
              <Placemark>
                <name>Volume 0</name>
                <styleUrl>#Planned_Nominal</styleUrl>
                <TimeSpan>
                  <begin>2026-10-09T06:24:05.353784+00:00</begin>
                  <end>2026-10-09T07:09:06.353784+00:00</end>
                </TimeSpan>
                <MultiGeometry>
                  <Polygon>
                    <altitudeMode>absolute</altitudeMode>
                    <outerBoundaryIs>
                      <LinearRing>
                        <coordinates>-96.65114649564616,32.71806428112804,118.95769826763826 -96.65063722327571,32.71782156372596,118.95769826763826 -96.6507289958687,32.71826206151871,118.95769826763826 -96.65116755902885,32.718424400484075,118.95769826763826</coordinates>
                      </LinearRing>
                    </outerBoundaryIs>
                  </Polygon>
                  <Polygon>
                    <altitudeMode>absolute</altitudeMode>
                    <outerBoundaryIs>
                      <LinearRing>
                        <coordinates>-96.65114649564616,32.71806428112804,148.02769826763827 -96.65063722327571,32.71782156372596,148.02769826763827 -96.6507289958687,32.71826206151871,148.02769826763827 -96.65116755902885,32.718424400484075,148.02769826763827</coordinates>
                      </LinearRing>
                    </outerBoundaryIs>
                  </Polygon>
                  <Polygon>
                    <altitudeMode>absolute</altitudeMode>
                    <outerBoundaryIs>
                      <LinearRing>
                        <coordinates>-96.65114649564616,32.71806428112804,118.95769826763826 -96.65114649564616,32.71806428112804,148.02769826763827 -96.65063722327571,32.71782156372596,148.02769826763827 -96.65063722327571,32.71782156372596,118.95769826763826</coordinates>
                      </LinearRing>
                    </outerBoundaryIs>
                  </Polygon>
                  <Polygon>
                    <altitudeMode>absolute</altitudeMode>
                    <outerBoundaryIs>
                      <LinearRing>
                        <coordinates>-96.65063722327571,32.71782156372596,118.95769826763826 -96.65063722327571,32.71782156372596,148.02769826763827 -96.6507289958687,32.71826206151871,148.02769826763827 -96.6507289958687,32.71826206151871,118.95769826763826</coordinates>
                      </LinearRing>
                    </outerBoundaryIs>
                  </Polygon>
                  <Polygon>
                    <altitudeMode>absolute</altitudeMode>
                    <outerBoundaryIs>
                      <LinearRing>
                        <coordinates>-96.6507289958687,32.71826206151871,118.95769826763826 -96.6507289958687,32.71826206151871,148.02769826763827 -96.65116755902885,32.718424400484075,148.02769826763827 -96.65116755902885,32.718424400484075,118.95769826763826</coordinates>
                      </LinearRing>
                    </outerBoundaryIs>
                  </Polygon>
                  <Polygon>
                    <altitudeMode>absolute</altitudeMode>
                    <outerBoundaryIs>
                      <LinearRing>
                        <coordinates>-96.65116755902885,32.718424400484075,118.95769826763826 -96.65116755902885,32.718424400484075,148.02769826763827 -96.65114649564616,32.71806428112804,148.02769826763827 -96.65114649564616,32.71806428112804,118.95769826763826</coordinates>
                      </LinearRing>
                    </outerBoundaryIs>
                  </Polygon>
                </MultiGeometry>
              </Placemark>
            </Folder>
          </Folder>
          <Folder>
            <name>E12: uss1_dss astm.f3548.v21.dss.queryOperationalIntentReferences</name>
            <Placemark>
              <name>area_of_interest</name>
              <styleUrl>#QueryArea</styleUrl>
              <description><![CDATA[<ul><li>uss1's Accepted ecce8a1f-739a-4120-913e-bfa2e69a5f8b[1]</li></ul>]]></description>
              <TimeSpan>
                <begin>2026-10-09T06:24:05.353784+00:00</begin>
                <end>2026-10-09T07:09:06.353784+00:00</end>
              </TimeSpan>
              <MultiGeometry>
                <Polygon>
                  <altitudeMode>absolute</altitudeMode>
                  <outerBoundaryIs>
                    <LinearRing>
                      <coordinates>-96.65116755902885,32.71782156372596,118.95766610520391 -96.65116755902885,32.718424400484075,118.95766610520391 -96.65063722327571,32.718424400484075,118.95766610520391 -96.65063722327571,32.71782156372596,118.95766610520391</coordinates>
                    </LinearRing>
                  </outerBoundaryIs>
                </Polygon>
                <Polygon>
                  <altitudeMode>absolute</altitudeMode>
                  <outerBoundaryIs>
                    <LinearRing>
                      <coordinates>-96.65116755902885,32.71782156372596,148.0276661052039 -96.65116755902885,32.718424400484075,148.0276661052039 -96.65063722327571,32.718424400484075,148.0276661052039 -96.65063722327571,32.71782156372596,148.0276661052039</coordinates>
                    </LinearRing>
                  </outerBoundaryIs>
                </Polygon>
                <Polygon>
                  <altitudeMode>absolute</altitudeMode>
                  <outerBoundaryIs>
                    <LinearRing>
                      <coordinates>-96.65116755902885,32.71782156372596,118.95766610520391 -96.65116755902885,32.71782156372596,148.0276661052039 -96.65116755902885,32.718424400484075,148.0276661052039 -96.65116755902885,32.718424400484075,118.95766610520391</coordinates>
                    </LinearRing>
                  </outerBoundaryIs>
                </Polygon>
                <Polygon>
                  <altitudeMode>absolute</altitudeMode>
                  <outerBoundaryIs>
                    <LinearRing>
                      <coordinates>-96.65116755902885,32.718424400484075,118.95766610520391 -96.65116755902885,32.718424400484075,148.0276661052039 -96.65063722327571,32.718424400484075,148.0276661052039 -96.65063722327571,32.718424400484075,118.95766610520391</coordinates>
                    </LinearRing>
                  </outerBoundaryIs>
                </Polygon>
                <Polygon>
                  <altitudeMode>absolute</altitudeMode>
                  <outerBoundaryIs>
                    <LinearRing>
                      <coordinates>-96.65063722327571,32.718424400484075,118.95766610520391 -96.65063722327571,32.718424400484075,148.0276661052039 -96.65063722327571,32.71782156372596,148.0276661052039 -96.65063722327571,32.71782156372596,118.95766610520391</coordinates>
                    </LinearRing>
                  </outerBoundaryIs>
                </Polygon>
                <Polygon>
                  <altitudeMode>absolute</altitudeMode>
                  <outerBoundaryIs>
                    <LinearRing>
                      <coordinates>-96.65063722327571,32.71782156372596,118.95766610520391 -96.65063722327571,32.71782156372596,148.0276661052039 -96.65116755902885,32.71782156372596,148.0276661052039 -96.65116755902885,32.71782156372596,118.95766610520391</coordinates>
                    </LinearRing>
                  </outerBoundaryIs>
                </Polygon>
              </MultiGeometry>
            </Placemark>
          </Folder>
          <Folder>
            <name>E16: uss1_core astm.f3548.v21.uss.getOperationalIntentDetails</name>
            <Folder>
              <name>uss1's P100 Accepted ecce8a1f-739a-4120-913e-bfa2e69a5f8b[1] @ GihwmiygcFEwty4I0BZZo-1LCYLRwH8G22-kGD0IuOU_</name>
              <Placemark>
                <name>Nominal volume 0</name>
                <styleUrl>#F3548v21Accepted</styleUrl>
                <TimeSpan>
                  <begin>2026-10-09T06:24:06.376735+00:00</begin>
                  <end>2026-10-09T07:09:06.353784+00:00</end>
                </TimeSpan>
                <MultiGeometry>
                  <Polygon>
                    <altitudeMode>absolute</altitudeMode>
                    <outerBoundaryIs>
                      <LinearRing>
                        <coordinates>-96.65114649564616,32.71806428112804,118.95769826763826 -96.65063722327571,32.71782156372596,118.95769826763826 -96.6507289958687,32.71826206151871,118.95769826763826 -96.65116755902885,32.718424400484075,118.95769826763826</coordinates>
                      </LinearRing>
                    </outerBoundaryIs>
                  </Polygon>
                  <Polygon>
                    <altitudeMode>absolute</altitudeMode>
                    <outerBoundaryIs>
                      <LinearRing>
                        <coordinates>-96.65114649564616,32.71806428112804,148.02769826763827 -96.65063722327571,32.71782156372596,148.02769826763827 -96.6507289958687,32.71826206151871,148.02769826763827 -96.65116755902885,32.718424400484075,148.02769826763827</coordinates>
                      </LinearRing>
                    </outerBoundaryIs>
                  </Polygon>
                  <Polygon>
                    <altitudeMode>absolute</altitudeMode>
                    <outerBoundaryIs>
                      <LinearRing>
                        <coordinates>-96.65114649564616,32.71806428112804,118.95769826763826 -96.65114649564616,32.71806428112804,148.02769826763827 -96.65063722327571,32.71782156372596,148.02769826763827 -96.65063722327571,32.71782156372596,118.95769826763826</coordinates>
                      </LinearRing>
                    </outerBoundaryIs>
                  </Polygon>
                  <Polygon>
                    <altitudeMode>absolute</altitudeMode>
                    <outerBoundaryIs>
                      <LinearRing>
                        <coordinates>-96.65063722327571,32.71782156372596,118.95769826763826 -96.65063722327571,32.71782156372596,148.02769826763827 -96.6507289958687,32.71826206151871,148.02769826763827 -96.6507289958687,32.71826206151871,118.95769826763826</coordinates>
                      </LinearRing>
                    </outerBoundaryIs>
                  </Polygon>
                  <Polygon>
                    <altitudeMode>absolute</altitudeMode>
                    <outerBoundaryIs>
                      <LinearRing>
                        <coordinates>-96.6507289958687,32.71826206151871,118.95769826763826 -96.6507289958687,32.71826206151871,148.02769826763827 -96.65116755902885,32.718424400484075,148.02769826763827 -96.65116755902885,32.718424400484075,118.95769826763826</coordinates>
                      </LinearRing>
                    </outerBoundaryIs>
                  </Polygon>
                  <Polygon>
                    <altitudeMode>absolute</altitudeMode>
                    <outerBoundaryIs>
                      <LinearRing>
                        <coordinates>-96.65116755902885,32.718424400484075,118.95769826763826 -96.65116755902885,32.718424400484075,148.02769826763827 -96.65114649564616,32.71806428112804,148.02769826763827 -96.65114649564616,32.71806428112804,118.95769826763826</coordinates>
                      </LinearRing>
                    </outerBoundaryIs>
                  </Polygon>
                </MultiGeometry>
              </Placemark>
            </Folder>
          </Folder>
        </Folder>
        <Folder>
          <name>Attempt to plan Flight 1</name>
          <Folder>
            <name>E25: uss1_dss astm.f3548.v21.dss.queryOperationalIntentReferences</name>
            <Placemark>
              <name>area_of_interest</name>
              <styleUrl>#QueryArea</styleUrl>
              <description><![CDATA[<ul><li>uss1's Accepted ecce8a1f-739a-4120-913e-bfa2e69a5f8b[1]</li></ul>]]></description>
              <TimeSpan>
                <begin>2026-10-09T06:24:05.469651+00:00</begin>
                <end>2026-10-09T07:09:06.469651+00:00</end>
              </TimeSpan>
              <MultiGeometry>
                <Polygon>
                  <altitudeMode>absolute</altitudeMode>
                  <outerBoundaryIs>
                    <LinearRing>
                      <coordinates>-96.65102801622521,32.71777251457099,120.03684994850515 -96.65102801622521,32.71840034859007,120.03684994850515 -96.65011177421847,32.71840034859007,120.03684994850515 -96.65011177421847,32.71777251457099,120.03684994850515</coordinates>
                    </LinearRing>
                  </outerBoundaryIs>
                </Polygon>
                <Polygon>
                  <altitudeMode>absolute</altitudeMode>
                  <outerBoundaryIs>
                    <LinearRing>
                      <coordinates>-96.65102801622521,32.71777251457099,150.02684994850514 -96.65102801622521,32.71840034859007,150.02684994850514 -96.65011177421847,32.71840034859007,150.02684994850514 -96.65011177421847,32.71777251457099,150.02684994850514</coordinates>
                    </LinearRing>
                  </outerBoundaryIs>
                </Polygon>
                <Polygon>
                  <altitudeMode>absolute</altitudeMode>
                  <outerBoundaryIs>
                    <LinearRing>
                      <coordinates>-96.65102801622521,32.71777251457099,120.03684994850515 -96.65102801622521,32.71777251457099,150.02684994850514 -96.65102801622521,32.71840034859007,150.02684994850514 -96.65102801622521,32.71840034859007,120.03684994850515</coordinates>
                    </LinearRing>
                  </outerBoundaryIs>
                </Polygon>
                <Polygon>
                  <altitudeMode>absolute</altitudeMode>
                  <outerBoundaryIs>
                    <LinearRing>
                      <coordinates>-96.65102801622521,32.71840034859007,120.03684994850515 -96.65102801622521,32.71840034859007,150.02684994850514 -96.65011177421847,32.71840034859007,150.02684994850514 -96.65011177421847,32.71840034859007,120.03684994850515</coordinates>
                    </LinearRing>
                  </outerBoundaryIs>
                </Polygon>
                <Polygon>
                  <altitudeMode>absolute</altitudeMode>
                  <outerBoundaryIs>
                    <LinearRing>
                      <coordinates>-96.65011177421847,32.71840034859007,120.03684994850515 -96.65011177421847,32.71840034859007,150.02684994850514 -96.65011177421847,32.71777251457099,150.02684994850514 -96.65011177421847,32.71777251457099,120.03684994850515</coordinates>
                    </LinearRing>
                  </outerBoundaryIs>
                </Polygon>
                <Polygon>
                  <altitudeMode>absolute</altitudeMode>
                  <outerBoundaryIs>
                    <LinearRing>
                      <coordinates>-96.65011177421847,32.71777251457099,120.03684994850515 -96.65011177421847,32.71777251457099,150.02684994850514 -96.65102801622521,32.71777251457099,150.02684994850514 -96.65102801622521,32.71777251457099,120.03684994850515</coordinates>
                    </LinearRing>
                  </outerBoundaryIs>
                </Polygon>
              </MultiGeometry>
            </Placemark>
          </Folder>
          <Folder>
            <name>E27: uss2_core interuss.automated_testing.flight_planning.v1.UpsertFlightPlan</name>
            <Folder>
              <name>Activity Rejected, flight NotPlanned</name>
              <Placemark>
                <name>Volume 0</name>
                <styleUrl>#Planned_Nominal</styleUrl>
                <TimeSpan>
                  <begin>2026-10-09T06:24:05.469651+00:00</begin>
                  <end>2026-10-09T07:09:06.469651+00:00</end>
                </TimeSpan>
                <MultiGeometry>
                  <Polygon>
                    <altitudeMode>absolute</altitudeMode>
                    <outerBoundaryIs>
                      <LinearRing>
                        <coordinates>-96.65081588241792,32.71777251457099,120.03690397615685 -96.65102801622521,32.71801364924129,120.03690397615685 -96.65040703091847,32.71840034859007,120.03690397615685 -96.65011177421847,32.718148769436674,120.03690397615685</coordinates>
                      </LinearRing>
                    </outerBoundaryIs>
                  </Polygon>
                  <Polygon>
                    <altitudeMode>absolute</altitudeMode>
                    <outerBoundaryIs>
                      <LinearRing>
                        <coordinates>-96.65081588241792,32.71777251457099,150.02690397615683 -96.65102801622521,32.71801364924129,150.02690397615683 -96.65040703091847,32.71840034859007,150.02690397615683 -96.65011177421847,32.718148769436674,150.02690397615683</coordinates>
                      </LinearRing>
                    </outerBoundaryIs>
                  </Polygon>
                  <Polygon>
                    <altitudeMode>absolute</altitudeMode>
                    <outerBoundaryIs>
                      <LinearRing>
                        <coordinates>-96.65081588241792,32.71777251457099,120.03690397615685 -96.65081588241792,32.71777251457099,150.02690397615683 -96.65102801622521,32.71801364924129,150.02690397615683 -96.65102801622521,32.71801364924129,120.03690397615685</coordinates>
                      </LinearRing>
                    </outerBoundaryIs>
                  </Polygon>
                  <Polygon>
                    <altitudeMode>absolute</altitudeMode>
                    <outerBoundaryIs>
                      <LinearRing>
                        <coordinates>-96.65102801622521,32.71801364924129,120.03690397615685 -96.65102801622521,32.71801364924129,150.02690397615683 -96.65040703091847,32.71840034859007,150.02690397615683 -96.65040703091847,32.71840034859007,120.03690397615685</coordinates>
                      </LinearRing>
                    </outerBoundaryIs>
                  </Polygon>
                  <Polygon>
                    <altitudeMode>absolute</altitudeMode>
                    <outerBoundaryIs>
                      <LinearRing>
                        <coordinates>-96.65040703091847,32.71840034859007,120.03690397615685 -96.65040703091847,32.71840034859007,150.02690397615683 -96.65011177421847,32.718148769436674,150.02690397615683 -96.65011177421847,32.718148769436674,120.03690397615685</coordinates>
                      </LinearRing>
                    </outerBoundaryIs>
                  </Polygon>
                  <Polygon>
                    <altitudeMode>absolute</altitudeMode>
                    <outerBoundaryIs>
                      <LinearRing>
                        <coordinates>-96.65011177421847,32.718148769436674,120.03690397615685 -96.65011177421847,32.718148769436674,150.02690397615683 -96.65081588241792,32.71777251457099,150.02690397615683 -96.65081588241792,32.71777251457099,120.03690397615685</coordinates>
                      </LinearRing>
                    </outerBoundaryIs>
                  </Polygon>
                </MultiGeometry>
              </Placemark>
            </Folder>
          </Folder>
          <Folder>
            <name>E30: uss1_dss astm.f3548.v21.dss.queryOperationalIntentReferences</name>
            <Placemark>
              <name>area_of_interest</name>
              <styleUrl>#QueryArea</styleUrl>
              <description><![CDATA[<ul><li>uss1's Accepted ecce8a1f-739a-4120-913e-bfa2e69a5f8b[1]</li></ul>]]></description>
              <TimeSpan>
                <begin>2026-10-09T06:24:05.469651+00:00</begin>
                <end>2026-10-09T07:09:06.469651+00:00</end>
              </TimeSpan>
              <MultiGeometry>
                <Polygon>
                  <altitudeMode>absolute</altitudeMode>
                  <outerBoundaryIs>
                    <LinearRing>
                      <coordinates>-96.65102801622521,32.71777251457099,120.03684994850515 -96.65102801622521,32.71840034859007,120.03684994850515 -96.65011177421847,32.71840034859007,120.03684994850515 -96.65011177421847,32.71777251457099,120.03684994850515</coordinates>
                    </LinearRing>
                  </outerBoundaryIs>
                </Polygon>
                <Polygon>
                  <altitudeMode>absolute</altitudeMode>
                  <outerBoundaryIs>
                    <LinearRing>
                      <coordinates>-96.65102801622521,32.71777251457099,150.02684994850514 -96.65102801622521,32.71840034859007,150.02684994850514 -96.65011177421847,32.71840034859007,150.02684994850514 -96.65011177421847,32.71777251457099,150.02684994850514</coordinates>
                    </LinearRing>
                  </outerBoundaryIs>
                </Polygon>
                <Polygon>
                  <altitudeMode>absolute</altitudeMode>
                  <outerBoundaryIs>
                    <LinearRing>
                      <coordinates>-96.65102801622521,32.71777251457099,120.03684994850515 -96.65102801622521,32.71777251457099,150.02684994850514 -96.65102801622521,32.71840034859007,150.02684994850514 -96.65102801622521,32.71840034859007,120.03684994850515</coordinates>
                    </LinearRing>
                  </outerBoundaryIs>
                </Polygon>
                <Polygon>
                  <altitudeMode>absolute</altitudeMode>
                  <outerBoundaryIs>
                    <LinearRing>
                      <coordinates>-96.65102801622521,32.71840034859007,120.03684994850515 -96.65102801622521,32.71840034859007,150.02684994850514 -96.65011177421847,32.71840034859007,150.02684994850514 -96.65011177421847,32.71840034859007,120.03684994850515</coordinates>
                    </LinearRing>
                  </outerBoundaryIs>
                </Polygon>
                <Polygon>
                  <altitudeMode>absolute</altitudeMode>
                  <outerBoundaryIs>
                    <LinearRing>
                      <coordinates>-96.65011177421847,32.71840034859007,120.03684994850515 -96.65011177421847,32.71840034859007,150.02684994850514 -96.65011177421847,32.71777251457099,150.02684994850514 -96.65011177421847,32.71777251457099,120.03684994850515</coordinates>
                    </LinearRing>
                  </outerBoundaryIs>
                </Polygon>
                <Polygon>
                  <altitudeMode>absolute</altitudeMode>
                  <outerBoundaryIs>
                    <LinearRing>
                      <coordinates>-96.65011177421847,32.71777251457099,120.03684994850515 -96.65011177421847,32.71777251457099,150.02684994850514 -96.65102801622521,32.71777251457099,150.02684994850514 -96.65102801622521,32.71777251457099,120.03684994850515</coordinates>
                    </LinearRing>
                  </outerBoundaryIs>
                </Polygon>
              </MultiGeometry>
            </Placemark>
          </Folder>
        </Folder>
        <Folder>
          <name>Delete Flight 2</name>
        </Folder>
      </Folder>
      <Folder>
        <name>Attempt to modify planned flight in conflict</name>
        <Folder>
          <name>Plan Flight 1</name>
          <Folder>
            <name>E35: uss1_dss astm.f3548.v21.dss.queryOperationalIntentReferences</name>
            <Placemark>
              <name>area_of_interest</name>
              <styleUrl>#QueryArea</styleUrl>
              <description><![CDATA[(no operational intent references found)]]></description>
              <TimeSpan>
                <begin>2026-10-09T06:24:05.602195+00:00</begin>
                <end>2026-10-09T07:09:06.602195+00:00</end>
              </TimeSpan>
              <MultiGeometry>
                <Polygon>
                  <altitudeMode>absolute</altitudeMode>
                  <outerBoundaryIs>
                    <LinearRing>
                      <coordinates>-96.65102801622521,32.71777251457099,120.03684994850515 -96.65102801622521,32.71840034859007,120.03684994850515 -96.65011177421847,32.71840034859007,120.03684994850515 -96.65011177421847,32.71777251457099,120.03684994850515</coordinates>
                    </LinearRing>
                  </outerBoundaryIs>
                </Polygon>
                <Polygon>
                  <altitudeMode>absolute</altitudeMode>
                  <outerBoundaryIs>
                    <LinearRing>
                      <coordinates>-96.65102801622521,32.71777251457099,150.02684994850514 -96.65102801622521,32.71840034859007,150.02684994850514 -96.65011177421847,32.71840034859007,150.02684994850514 -96.65011177421847,32.71777251457099,150.02684994850514</coordinates>
                    </LinearRing>
                  </outerBoundaryIs>
                </Polygon>
                <Polygon>
                  <altitudeMode>absolute</altitudeMode>
                  <outerBoundaryIs>
                    <LinearRing>
                      <coordinates>-96.65102801622521,32.71777251457099,120.03684994850515 -96.65102801622521,32.71777251457099,150.02684994850514 -96.65102801622521,32.71840034859007,150.02684994850514 -96.65102801622521,32.71840034859007,120.03684994850515</coordinates>
                    </LinearRing>
                  </outerBoundaryIs>
                </Polygon>
                <Polygon>
                  <altitudeMode>absolute</altitudeMode>
                  <outerBoundaryIs>
                    <LinearRing>
                      <coordinates>-96.65102801622521,32.71840034859007,120.03684994850515 -96.65102801622521,32.71840034859007,150.02684994850514 -96.65011177421847,32.71840034859007,150.02684994850514 -96.65011177421847,32.71840034859007,120.03684994850515</coordinates>
                    </LinearRing>
                  </outerBoundaryIs>
                </Polygon>
                <Polygon>
                  <altitudeMode>absolute</altitudeMode>
                  <outerBoundaryIs>
                    <LinearRing>
                      <coordinates>-96.65011177421847,32.71840034859007,120.03684994850515 -96.65011177421847,32.71840034859007,150.02684994850514 -96.65011177421847,32.71777251457099,150.02684994850514 -96.65011177421847,32.71777251457099,120.03684994850515</coordinates>
                    </LinearRing>
                  </outerBoundaryIs>
                </Polygon>
                <Polygon>
                  <altitudeMode>absolute</altitudeMode>
                  <outerBoundaryIs>
                    <LinearRing>
                      <coordinates>-96.65011177421847,32.71777251457099,120.03684994850515 -96.65011177421847,32.71777251457099,150.02684994850514 -96.65102801622521,32.71777251457099,150.02684994850514 -96.65102801622521,32.71777251457099,120.03684994850515</coordinates>
                    </LinearRing>
                  </outerBoundaryIs>
                </Polygon>
              </MultiGeometry>
            </Placemark>
          </Folder>
          <Folder>
            <name>E37: uss2_core interuss.automated_testing.flight_planning.v1.UpsertFlightPlan</name>
            <Folder>
              <name>Activity Completed, flight Planned</name>
              <Placemark>
                <name>Volume 0</name>
                <styleUrl>#Planned_Nominal</styleUrl>
                <TimeSpan>
                  <begin>2026-10-09T06:24:05.602195+00:00</begin>
                  <end>2026-10-09T07:09:06.602195+00:00</end>
                </TimeSpan>
                <MultiGeometry>
                  <Polygon>
                    <altitudeMode>absolute</altitudeMode>
                    <outerBoundaryIs>
                      <LinearRing>
                        <coordinates>-96.65081588241792,32.71777251457099,120.03690397615685 -96.65102801622521,32.71801364924129,120.03690397615685 -96.65040703091847,32.71840034859007,120.03690397615685 -96.65011177421847,32.718148769436674,120.03690397615685</coordinates>
                      </LinearRing>
                    </outerBoundaryIs>
                  </Polygon>
                  <Polygon>
                    <altitudeMode>absolute</altitudeMode>
                    <outerBoundaryIs>
                      <LinearRing>
                        <coordinates>-96.65081588241792,32.71777251457099,150.02690397615683 -96.65102801622521,32.71801364924129,150.02690397615683 -96.65040703091847,32.71840034859007,150.02690397615683 -96.65011177421847,32.718148769436674,150.02690397615683</coordinates>
                      </LinearRing>
                    </outerBoundaryIs>
                  </Polygon>
                  <Polygon>
                    <altitudeMode>absolute</altitudeMode>
                    <outerBoundaryIs>
                      <LinearRing>
                        <coordinates>-96.65081588241792,32.71777251457099,120.03690397615685 -96.65081588241792,32.71777251457099,150.02690397615683 -96.65102801622521,32.71801364924129,150.02690397615683 -96.65102801622521,32.71801364924129,120.03690397615685</coordinates>
                      </LinearRing>
                    </outerBoundaryIs>
                  </Polygon>
                  <Polygon>
                    <altitudeMode>absolute</altitudeMode>
                    <outerBoundaryIs>
                      <LinearRing>
                        <coordinates>-96.65102801622521,32.71801364924129,120.03690397615685 -96.65102801622521,32.71801364924129,150.02690397615683 -96.65040703091847,32.71840034859007,150.02690397615683 -96.65040703091847,32.71840034859007,120.03690397615685</coordinates>
                      </LinearRing>
                    </outerBoundaryIs>
                  </Polygon>
                  <Polygon>
                    <altitudeMode>absolute</altitudeMode>
                    <outerBoundaryIs>
                      <LinearRing>
                        <coordinates>-96.65040703091847,32.71840034859007,120.03690397615685 -96.65040703091847,32.71840034859007,150.02690397615683 -96.65011177421847,32.718148769436674,150.02690397615683 -96.65011177421847,32.718148769436674,120.03690397615685</coordinates>
                      </LinearRing>
                    </outerBoundaryIs>
                  </Polygon>
                  <Polygon>
                    <altitudeMode>absolute</altitudeMode>
                    <outerBoundaryIs>
                      <LinearRing>
                        <coordinates>-96.65011177421847,32.718148769436674,120.03690397615685 -96.65011177421847,32.718148769436674,150.02690397615683 -96.65081588241792,32.71777251457099,150.02690397615683 -96.65081588241792,32.71777251457099,120.03690397615685</coordinates>
                      </LinearRing>
                    </outerBoundaryIs>
                  </Polygon>
                </MultiGeometry>
              </Placemark>
            </Folder>
          </Folder>
          <Folder>
            <name>E41: uss1_dss astm.f3548.v21.dss.queryOperationalIntentReferences</name>
            <Placemark>
              <name>area_of_interest</name>
              <styleUrl>#QueryArea</styleUrl>
              <description><![CDATA[<ul><li>uss2's Accepted 3e42cc2e-364d-4380-974a-5189792dd700[1]</li></ul>]]></description>
              <TimeSpan>
                <begin>2026-10-09T06:24:05.602195+00:00</begin>
                <end>2026-10-09T07:09:06.602195+00:00</end>
              </TimeSpan>
              <MultiGeometry>
                <Polygon>
                  <altitudeMode>absolute</altitudeMode>
                  <outerBoundaryIs>
                    <LinearRing>
                      <coordinates>-96.65102801622521,32.71777251457099,120.03684994850515 -96.65102801622521,32.71840034859007,120.03684994850515 -96.65011177421847,32.71840034859007,120.03684994850515 -96.65011177421847,32.71777251457099,120.03684994850515</coordinates>
                    </LinearRing>
                  </outerBoundaryIs>
                </Polygon>
                <Polygon>
                  <altitudeMode>absolute</altitudeMode>
                  <outerBoundaryIs>
                    <LinearRing>
                      <coordinates>-96.65102801622521,32.71777251457099,150.02684994850514 -96.65102801622521,32.71840034859007,150.02684994850514 -96.65011177421847,32.71840034859007,150.02684994850514 -96.65011177421847,32.71777251457099,150.02684994850514</coordinates>
                    </LinearRing>
                  </outerBoundaryIs>
                </Polygon>
                <Polygon>
                  <altitudeMode>absolute</altitudeMode>
                  <outerBoundaryIs>
                    <LinearRing>
                      <coordinates>-96.65102801622521,32.71777251457099,120.03684994850515 -96.65102801622521,32.71777251457099,150.02684994850514 -96.65102801622521,32.71840034859007,150.02684994850514 -96.65102801622521,32.71840034859007,120.03684994850515</coordinates>
                    </LinearRing>
                  </outerBoundaryIs>
                </Polygon>
                <Polygon>
                  <altitudeMode>absolute</altitudeMode>
                  <outerBoundaryIs>
                    <LinearRing>
                      <coordinates>-96.65102801622521,32.71840034859007,120.03684994850515 -96.65102801622521,32.71840034859007,150.02684994850514 -96.65011177421847,32.71840034859007,150.02684994850514 -96.65011177421847,32.71840034859007,120.03684994850515</coordinates>
                    </LinearRing>
                  </outerBoundaryIs>
                </Polygon>
                <Polygon>
                  <altitudeMode>absolute</altitudeMode>
                  <outerBoundaryIs>
                    <LinearRing>
                      <coordinates>-96.65011177421847,32.71840034859007,120.03684994850515 -96.65011177421847,32.71840034859007,150.02684994850514 -96.65011177421847,32.71777251457099,150.02684994850514 -96.65011177421847,32.71777251457099,120.03684994850515</coordinates>
                    </LinearRing>
                  </outerBoundaryIs>
                </Polygon>
                <Polygon>
                  <altitudeMode>absolute</altitudeMode>
                  <outerBoundaryIs>
                    <LinearRing>
                      <coordinates>-96.65011177421847,32.71777251457099,120.03684994850515 -96.65011177421847,32.71777251457099,150.02684994850514 -96.65102801622521,32.71777251457099,150.02684994850514 -96.65102801622521,32.71777251457099,120.03684994850515</coordinates>
                    </LinearRing>
                  </outerBoundaryIs>
                </Polygon>
              </MultiGeometry>
            </Placemark>
          </Folder>
          <Folder>
            <name>E45: uss2_core astm.f3548.v21.uss.getOperationalIntentDetails</name>
            <Folder>
              <name>uss2's P0 Accepted 3e42cc2e-364d-4380-974a-5189792dd700[1] @ fgFhg2r83dTlYzm9szEzqraPZkzkEqlty0JHzymTbd4_</name>
              <Placemark>
                <name>Nominal volume 0</name>
                <styleUrl>#F3548v21Accepted</styleUrl>
                <TimeSpan>
                  <begin>2026-10-09T06:24:06.626340+00:00</begin>
                  <end>2026-10-09T07:09:06.602195+00:00</end>
                </TimeSpan>
                <MultiGeometry>
                  <Polygon>
                    <altitudeMode>absolute</altitudeMode>
                    <outerBoundaryIs>
                      <LinearRing>
                        <coordinates>-96.65081588241792,32.71777251457099,120.03690397615685 -96.65102801622521,32.71801364924129,120.03690397615685 -96.65040703091847,32.71840034859007,120.03690397615685 -96.65011177421847,32.718148769436674,120.03690397615685</coordinates>
                      </LinearRing>
                    </outerBoundaryIs>
                  </Polygon>
                  <Polygon>
                    <altitudeMode>absolute</altitudeMode>
                    <outerBoundaryIs>
                      <LinearRing>
                        <coordinates>-96.65081588241792,32.71777251457099,150.02690397615683 -96.65102801622521,32.71801364924129,150.02690397615683 -96.65040703091847,32.71840034859007,150.02690397615683 -96.65011177421847,32.718148769436674,150.02690397615683</coordinates>
                      </LinearRing>
                    </outerBoundaryIs>
                  </Polygon>
                  <Polygon>
                    <altitudeMode>absolute</altitudeMode>
                    <outerBoundaryIs>
                      <LinearRing>
                        <coordinates>-96.65081588241792,32.71777251457099,120.03690397615685 -96.65081588241792,32.71777251457099,150.02690397615683 -96.65102801622521,32.71801364924129,150.02690397615683 -96.65102801622521,32.71801364924129,120.03690397615685</coordinates>
                      </LinearRing>
                    </outerBoundaryIs>
                  </Polygon>
                  <Polygon>
                    <altitudeMode>absolute</altitudeMode>
                    <outerBoundaryIs>
                      <LinearRing>
                        <coordinates>-96.65102801622521,32.71801364924129,120.03690397615685 -96.65102801622521,32.71801364924129,150.02690397615683 -96.65040703091847,32.71840034859007,150.02690397615683 -96.65040703091847,32.71840034859007,120.03690397615685</coordinates>
                      </LinearRing>
                    </outerBoundaryIs>
                  </Polygon>
                  <Polygon>
                    <altitudeMode>absolute</altitudeMode>
                    <outerBoundaryIs>
                      <LinearRing>
                        <coordinates>-96.65040703091847,32.71840034859007,120.03690397615685 -96.65040703091847,32.71840034859007,150.02690397615683 -96.65011177421847,32.718148769436674,150.02690397615683 -96.65011177421847,32.718148769436674,120.03690397615685</coordinates>
                      </LinearRing>
                    </outerBoundaryIs>
                  </Polygon>
                  <Polygon>
                    <altitudeMode>absolute</altitudeMode>
                    <outerBoundaryIs>
                      <LinearRing>
                        <coordinates>-96.65011177421847,32.718148769436674,120.03690397615685 -96.65011177421847,32.718148769436674,150.02690397615683 -96.65081588241792,32.71777251457099,150.02690397615683 -96.65081588241792,32.71777251457099,120.03690397615685</coordinates>
                      </LinearRing>
                    </outerBoundaryIs>
                  </Polygon>
                </MultiGeometry>
              </Placemark>
            </Folder>
          </Folder>
        </Folder>
        <Folder>
          <name>Plan Flight 2</name>
          <Folder>
            <name>E58: uss1_dss astm.f3548.v21.dss.queryOperationalIntentReferences</name>
            <Placemark>
              <name>area_of_interest</name>
              <styleUrl>#QueryArea</styleUrl>
              <description><![CDATA[<ul><li>uss2's Accepted 3e42cc2e-364d-4380-974a-5189792dd700[1]</li></ul>]]></description>
              <TimeSpan>
                <begin>2026-10-09T06:24:05.768544+00:00</begin>
                <end>2026-10-09T07:09:06.768544+00:00</end>
              </TimeSpan>
              <MultiGeometry>
                <Polygon>
                  <altitudeMode>absolute</altitudeMode>
                  <outerBoundaryIs>
                    <LinearRing>
                      <coordinates>-96.65116755902885,32.71782156372596,118.95766610520391 -96.65116755902885,32.718424400484075,118.95766610520391 -96.65063722327571,32.718424400484075,118.95766610520391 -96.65063722327571,32.71782156372596,118.95766610520391</coordinates>
                    </LinearRing>
                  </outerBoundaryIs>
                </Polygon>
                <Polygon>
                  <altitudeMode>absolute</altitudeMode>
                  <outerBoundaryIs>
                    <LinearRing>
                      <coordinates>-96.65116755902885,32.71782156372596,148.0276661052039 -96.65116755902885,32.718424400484075,148.0276661052039 -96.65063722327571,32.718424400484075,148.0276661052039 -96.65063722327571,32.71782156372596,148.0276661052039</coordinates>
                    </LinearRing>
                  </outerBoundaryIs>
                </Polygon>
                <Polygon>
                  <altitudeMode>absolute</altitudeMode>
                  <outerBoundaryIs>
                    <LinearRing>
                      <coordinates>-96.65116755902885,32.71782156372596,118.95766610520391 -96.65116755902885,32.71782156372596,148.0276661052039 -96.65116755902885,32.718424400484075,148.0276661052039 -96.65116755902885,32.718424400484075,118.95766610520391</coordinates>
                    </LinearRing>
                  </outerBoundaryIs>
                </Polygon>
                <Polygon>
                  <altitudeMode>absolute</altitudeMode>
                  <outerBoundaryIs>
                    <LinearRing>
                      <coordinates>-96.65116755902885,32.718424400484075,118.95766610520391 -96.65116755902885,32.718424400484075,148.0276661052039 -96.65063722327571,32.718424400484075,148.0276661052039 -96.65063722327571,32.718424400484075,118.95766610520391</coordinates>
                    </LinearRing>
                  </outerBoundaryIs>
                </Polygon>
                <Polygon>
                  <altitudeMode>absolute</altitudeMode>
                  <outerBoundaryIs>
                    <LinearRing>
                      <coordinates>-96.65063722327571,32.718424400484075,118.95766610520391 -96.65063722327571,32.718424400484075,148.0276661052039 -96.65063722327571,32.71782156372596,148.0276661052039 -96.65063722327571,32.71782156372596,118.95766610520391</coordinates>
                    </LinearRing>
                  </outerBoundaryIs>
                </Polygon>
                <Polygon>
                  <altitudeMode>absolute</altitudeMode>
                  <outerBoundaryIs>
                    <LinearRing>
                      <coordinates>-96.65063722327571,32.71782156372596,118.95766610520391 -96.65063722327571,32.71782156372596,148.0276661052039 -96.65116755902885,32.71782156372596,148.0276661052039 -96.65116755902885,32.71782156372596,118.95766610520391</coordinates>
                    </LinearRing>
                  </outerBoundaryIs>
                </Polygon>
              </MultiGeometry>
            </Placemark>
          </Folder>
          <Folder>
            <name>E60: uss1_core interuss.automated_testing.flight_planning.v1.UpsertFlightPlan</name>
            <Folder>
              <name>Activity Completed, flight Planned</name>
              <Placemark>
                <name>Volume 0</name>
                <styleUrl>#Planned_Nominal</styleUrl>
                <TimeSpan>
                  <begin>2026-10-09T06:24:05.768544+00:00</begin>
                  <end>2026-10-09T07:09:06.768544+00:00</end>
                </TimeSpan>
                <MultiGeometry>
                  <Polygon>
                    <altitudeMode>absolute</altitudeMode>
                    <outerBoundaryIs>
                      <LinearRing>
                        <coordinates>-96.65114649564616,32.71806428112804,118.95769826763826 -96.65063722327571,32.71782156372596,118.95769826763826 -96.6507289958687,32.71826206151871,118.95769826763826 -96.65116755902885,32.718424400484075,118.95769826763826</coordinates>
                      </LinearRing>
                    </outerBoundaryIs>
                  </Polygon>
                  <Polygon>
                    <altitudeMode>absolute</altitudeMode>
                    <outerBoundaryIs>
                      <LinearRing>
                        <coordinates>-96.65114649564616,32.71806428112804,148.02769826763827 -96.65063722327571,32.71782156372596,148.02769826763827 -96.6507289958687,32.71826206151871,148.02769826763827 -96.65116755902885,32.718424400484075,148.02769826763827</coordinates>
                      </LinearRing>
                    </outerBoundaryIs>
                  </Polygon>
                  <Polygon>
                    <altitudeMode>absolute</altitudeMode>
                    <outerBoundaryIs>
                      <LinearRing>
                        <coordinates>-96.65114649564616,32.71806428112804,118.95769826763826 -96.65114649564616,32.71806428112804,148.02769826763827 -96.65063722327571,32.71782156372596,148.02769826763827 -96.65063722327571,32.71782156372596,118.95769826763826</coordinates>
                      </LinearRing>
                    </outerBoundaryIs>
                  </Polygon>
                  <Polygon>
                    <altitudeMode>absolute</altitudeMode>
                    <outerBoundaryIs>
                      <LinearRing>
                        <coordinates>-96.65063722327571,32.71782156372596,118.95769826763826 -96.65063722327571,32.71782156372596,148.02769826763827 -96.6507289958687,32.71826206151871,148.02769826763827 -96.6507289958687,32.71826206151871,118.95769826763826</coordinates>
                      </LinearRing>
                    </outerBoundaryIs>
                  </Polygon>
                  <Polygon>
                    <altitudeMode>absolute</altitudeMode>
                    <outerBoundaryIs>
                      <LinearRing>
                        <coordinates>-96.6507289958687,32.71826206151871,118.95769826763826 -96.6507289958687,32.71826206151871,148.02769826763827 -96.65116755902885,32.718424400484075,148.02769826763827 -96.65116755902885,32.718424400484075,118.95769826763826</coordinates>
                      </LinearRing>
                    </outerBoundaryIs>
                  </Polygon>
                  <Polygon>
                    <altitudeMode>absolute</altitudeMode>
                    <outerBoundaryIs>
                      <LinearRing>
                        <coordinates>-96.65116755902885,32.718424400484075,118.95769826763826 -96.65116755902885,32.718424400484075,148.02769826763827 -96.65114649564616,32.71806428112804,148.02769826763827 -96.65114649564616,32.71806428112804,118.95769826763826</coordinates>
                      </LinearRing>
                    </outerBoundaryIs>
                  </Polygon>
                </MultiGeometry>
              </Placemark>
            </Folder>
          </Folder>
          <Folder>
            <name>E64: uss1_dss astm.f3548.v21.dss.queryOperationalIntentReferences</name>
            <Placemark>
              <name>area_of_interest</name>
              <styleUrl>#QueryArea</styleUrl>
              <description><![CDATA[<ul><li>uss2's Accepted 3e42cc2e-364d-4380-974a-5189792dd700[1]</li><li>uss1's Accepted 4c4c5bff-8343-4aa7-9100-3b50cb29d270[1]</li></ul>]]></description>
              <TimeSpan>
                <begin>2026-10-09T06:24:05.768544+00:00</begin>
                <end>2026-10-09T07:09:06.768544+00:00</end>
              </TimeSpan>
              <MultiGeometry>
                <Polygon>
                  <altitudeMode>absolute</altitudeMode>
                  <outerBoundaryIs>
                    <LinearRing>
                      <coordinates>-96.65116755902885,32.71782156372596,118.95766610520391 -96.65116755902885,32.718424400484075,118.95766610520391 -96.65063722327571,32.718424400484075,118.95766610520391 -96.65063722327571,32.71782156372596,118.95766610520391</coordinates>
                    </LinearRing>
                  </outerBoundaryIs>
                </Polygon>
                <Polygon>
                  <altitudeMode>absolute</altitudeMode>
                  <outerBoundaryIs>
                    <LinearRing>
                      <coordinates>-96.65116755902885,32.71782156372596,148.0276661052039 -96.65116755902885,32.718424400484075,148.0276661052039 -96.65063722327571,32.718424400484075,148.0276661052039 -96.65063722327571,32.71782156372596,148.0276661052039</coordinates>
                    </LinearRing>
                  </outerBoundaryIs>
                </Polygon>
                <Polygon>
                  <altitudeMode>absolute</altitudeMode>
                  <outerBoundaryIs>
                    <LinearRing>
                      <coordinates>-96.65116755902885,32.71782156372596,118.95766610520391 -96.65116755902885,32.71782156372596,148.0276661052039 -96.65116755902885,32.718424400484075,148.0276661052039 -96.65116755902885,32.718424400484075,118.95766610520391</coordinates>
                    </LinearRing>
                  </outerBoundaryIs>
                </Polygon>
                <Polygon>
                  <altitudeMode>absolute</altitudeMode>
                  <outerBoundaryIs>
                    <LinearRing>
                      <coordinates>-96.65116755902885,32.718424400484075,118.95766610520391 -96.65116755902885,32.718424400484075,148.0276661052039 -96.65063722327571,32.718424400484075,148.0276661052039 -96.65063722327571,32.718424400484075,118.95766610520391</coordinates>
                    </LinearRing>
                  </outerBoundaryIs>
                </Polygon>
                <Polygon>
                  <altitudeMode>absolute</altitudeMode>
                  <outerBoundaryIs>
                    <LinearRing>
                      <coordinates>-96.65063722327571,32.718424400484075,118.95766610520391 -96.65063722327571,32.718424400484075,148.0276661052039 -96.65063722327571,32.71782156372596,148.0276661052039 -96.65063722327571,32.71782156372596,118.95766610520391</coordinates>
                    </LinearRing>
                  </outerBoundaryIs>
                </Polygon>
                <Polygon>
                  <altitudeMode>absolute</altitudeMode>
                  <outerBoundaryIs>
                    <LinearRing>
                      <coordinates>-96.65063722327571,32.71782156372596,118.95766610520391 -96.65063722327571,32.71782156372596,148.0276661052039 -96.65116755902885,32.71782156372596,148.0276661052039 -96.65116755902885,32.71782156372596,118.95766610520391</coordinates>
                    </LinearRing>
                  </outerBoundaryIs>
                </Polygon>
              </MultiGeometry>
            </Placemark>
          </Folder>
          <Folder>
            <name>E68: uss1_core astm.f3548.v21.uss.getOperationalIntentDetails</name>
            <Folder>
              <name>uss1's P100 Accepted 4c4c5bff-8343-4aa7-9100-3b50cb29d270[1] @ jfhBwqXVutaBd1AgpsL8IxBazZfPCTpOaejfXUABero_</name>
              <Placemark>
                <name>Nominal volume 0</name>
                <styleUrl>#F3548v21Accepted</styleUrl>
                <TimeSpan>
                  <begin>2026-10-09T06:24:06.792796+00:00</begin>
                  <end>2026-10-09T07:09:06.768544+00:00</end>
                </TimeSpan>
                <MultiGeometry>
                  <Polygon>
                    <altitudeMode>absolute</altitudeMode>
                    <outerBoundaryIs>
                      <LinearRing>
                        <coordinates>-96.65114649564616,32.71806428112804,118.95769826763826 -96.65063722327571,32.71782156372596,118.95769826763826 -96.6507289958687,32.71826206151871,118.95769826763826 -96.65116755902885,32.718424400484075,118.95769826763826</coordinates>
                      </LinearRing>
                    </outerBoundaryIs>
                  </Polygon>
                  <Polygon>
                    <altitudeMode>absolute</altitudeMode>
                    <outerBoundaryIs>
                      <LinearRing>
                        <coordinates>-96.65114649564616,32.71806428112804,148.02769826763827 -96.65063722327571,32.71782156372596,148.02769826763827 -96.6507289958687,32.71826206151871,148.02769826763827 -96.65116755902885,32.718424400484075,148.02769826763827</coordinates>
                      </LinearRing>
                    </outerBoundaryIs>
                  </Polygon>
                  <Polygon>
                    <altitudeMode>absolute</altitudeMode>
                    <outerBoundaryIs>
                      <LinearRing>
                        <coordinates>-96.65114649564616,32.71806428112804,118.95769826763826 -96.65114649564616,32.71806428112804,148.02769826763827 -96.65063722327571,32.71782156372596,148.02769826763827 -96.65063722327571,32.71782156372596,118.95769826763826</coordinates>
                      </LinearRing>
                    </outerBoundaryIs>
                  </Polygon>
                  <Polygon>
                    <altitudeMode>absolute</altitudeMode>
                    <outerBoundaryIs>
                      <LinearRing>
                        <coordinates>-96.65063722327571,32.71782156372596,118.95769826763826 -96.65063722327571,32.71782156372596,148.02769826763827 -96.6507289958687,32.71826206151871,148.02769826763827 -96.6507289958687,32.71826206151871,118.95769826763826</coordinates>
                      </LinearRing>
                    </outerBoundaryIs>
                  </Polygon>
                  <Polygon>
                    <altitudeMode>absolute</altitudeMode>
                    <outerBoundaryIs>
                      <LinearRing>
                        <coordinates>-96.6507289958687,32.71826206151871,118.95769826763826 -96.6507289958687,32.71826206151871,148.02769826763827 -96.65116755902885,32.718424400484075,148.02769826763827 -96.65116755902885,32.718424400484075,118.95769826763826</coordinates>
                      </LinearRing>
                    </outerBoundaryIs>
                  </Polygon>
                  <Polygon>
                    <altitudeMode>absolute</altitudeMode>
                    <outerBoundaryIs>
                      <LinearRing>
                        <coordinates>-96.65116755902885,32.718424400484075,118.95769826763826 -96.65116755902885,32.718424400484075,148.02769826763827 -96.65114649564616,32.71806428112804,148.02769826763827 -96.65114649564616,32.71806428112804,118.95769826763826</coordinates>
                      </LinearRing>
                    </outerBoundaryIs>
                  </Polygon>
                </MultiGeometry>
              </Placemark>
            </Folder>
          </Folder>
        </Folder>
        <Folder>
          <name>Check for conflict notifications</name>
        </Folder>
        <Folder>
          <name>Attempt to modify planned Flight 1 in conflict</name>
          <Folder>
            <name>E85: uss1_dss astm.f3548.v21.dss.queryOperationalIntentReferences</name>
            <Placemark>
              <name>area_of_interest</name>
              <styleUrl>#QueryArea</styleUrl>
              <description><![CDATA[<ul><li>uss2's Accepted 3e42cc2e-364d-4380-974a-5189792dd700[1]</li><li>uss1's Accepted 4c4c5bff-8343-4aa7-9100-3b50cb29d270[1]</li></ul>]]></description>
              <TimeSpan>
                <begin>2026-10-09T06:24:05.966362+00:00</begin>
                <end>2026-10-09T07:09:06.966362+00:00</end>
              </TimeSpan>
              <MultiGeometry>
                <Polygon>
                  <altitudeMode>absolute</altitudeMode>
                  <outerBoundaryIs>
                    <LinearRing>
                      <coordinates>-96.65102801622521,32.71777251457099,89.99684994850514 -96.65102801622521,32.71840034859007,89.99684994850514 -96.65011177421847,32.71840034859007,89.99684994850514 -96.65011177421847,32.71777251457099,89.99684994850514</coordinates>
                    </LinearRing>
                  </outerBoundaryIs>
                </Polygon>
                <Polygon>
                  <altitudeMode>absolute</altitudeMode>
                  <outerBoundaryIs>
                    <LinearRing>
                      <coordinates>-96.65102801622521,32.71777251457099,150.02684994850514 -96.65102801622521,32.71840034859007,150.02684994850514 -96.65011177421847,32.71840034859007,150.02684994850514 -96.65011177421847,32.71777251457099,150.02684994850514</coordinates>
                    </LinearRing>
                  </outerBoundaryIs>
                </Polygon>
                <Polygon>
                  <altitudeMode>absolute</altitudeMode>
                  <outerBoundaryIs>
                    <LinearRing>
                      <coordinates>-96.65102801622521,32.71777251457099,89.99684994850514 -96.65102801622521,32.71777251457099,150.02684994850514 -96.65102801622521,32.71840034859007,150.02684994850514 -96.65102801622521,32.71840034859007,89.99684994850514</coordinates>
                    </LinearRing>
                  </outerBoundaryIs>
                </Polygon>
                <Polygon>
                  <altitudeMode>absolute</altitudeMode>
                  <outerBoundaryIs>
                    <LinearRing>
                      <coordinates>-96.65102801622521,32.71840034859007,89.99684994850514 -96.65102801622521,32.71840034859007,150.02684994850514 -96.65011177421847,32.71840034859007,150.02684994850514 -96.65011177421847,32.71840034859007,89.99684994850514</coordinates>
                    </LinearRing>
                  </outerBoundaryIs>
                </Polygon>
                <Polygon>
                  <altitudeMode>absolute</altitudeMode>
                  <outerBoundaryIs>
                    <LinearRing>
                      <coordinates>-96.65011177421847,32.71840034859007,89.99684994850514 -96.65011177421847,32.71840034859007,150.02684994850514 -96.65011177421847,32.71777251457099,150.02684994850514 -96.65011177421847,32.71777251457099,89.99684994850514</coordinates>
                    </LinearRing>
                  </outerBoundaryIs>
                </Polygon>
                <Polygon>
                  <altitudeMode>absolute</altitudeMode>
                  <outerBoundaryIs>
                    <LinearRing>
                      <coordinates>-96.65011177421847,32.71777251457099,89.99684994850514 -96.65011177421847,32.71777251457099,150.02684994850514 -96.65102801622521,32.71777251457099,150.02684994850514 -96.65102801622521,32.71777251457099,89.99684994850514</coordinates>
                    </LinearRing>
                  </outerBoundaryIs>
                </Polygon>
              </MultiGeometry>
            </Placemark>
          </Folder>
          <Folder>
            <name>E87: uss2_core interuss.automated_testing.flight_planning.v1.UpsertFlightPlan</name>
            <Folder>
              <name>Activity Rejected, flight Planned</name>
              <Placemark>
                <name>Volume 0</name>
                <styleUrl>#Planned_Nominal</styleUrl>
                <TimeSpan>
                  <begin>2026-10-09T06:24:05.966362+00:00</begin>
                  <end>2026-10-09T07:09:06.966362+00:00</end>
                </TimeSpan>
                <MultiGeometry>
                  <Polygon>
                    <altitudeMode>absolute</altitudeMode>
                    <outerBoundaryIs>
                      <LinearRing>
                        <coordinates>-96.65057704284462,32.71792124504982,89.99655678245456 -96.65078917635991,32.718162380122266,89.99655678245456 -96.65040703091847,32.71840034859007,89.99655678245456 -96.65011177421847,32.718148769436674,89.99655678245456</coordinates>
                      </LinearRing>
                    </outerBoundaryIs>
                  </Polygon>
                  <Polygon>
                    <altitudeMode>absolute</altitudeMode>
                    <outerBoundaryIs>
                      <LinearRing>
                        <coordinates>-96.65057704284462,32.71792124504982,150.02655678245458 -96.65078917635991,32.718162380122266,150.02655678245458 -96.65040703091847,32.71840034859007,150.02655678245458 -96.65011177421847,32.718148769436674,150.02655678245458</coordinates>
                      </LinearRing>
                    </outerBoundaryIs>
                  </Polygon>
                  <Polygon>
                    <altitudeMode>absolute</altitudeMode>
                    <outerBoundaryIs>
                      <LinearRing>
                        <coordinates>-96.65057704284462,32.71792124504982,89.99655678245456 -96.65057704284462,32.71792124504982,150.02655678245458 -96.65078917635991,32.718162380122266,150.02655678245458 -96.65078917635991,32.718162380122266,89.99655678245456</coordinates>
                      </LinearRing>
                    </outerBoundaryIs>
                  </Polygon>
                  <Polygon>
                    <altitudeMode>absolute</altitudeMode>
                    <outerBoundaryIs>
                      <LinearRing>
                        <coordinates>-96.65078917635991,32.718162380122266,89.99655678245456 -96.65078917635991,32.718162380122266,150.02655678245458 -96.65040703091847,32.71840034859007,150.02655678245458 -96.65040703091847,32.71840034859007,89.99655678245456</coordinates>
                      </LinearRing>
                    </outerBoundaryIs>
                  </Polygon>
                  <Polygon>
                    <altitudeMode>absolute</altitudeMode>
                    <outerBoundaryIs>
                      <LinearRing>
                        <coordinates>-96.65040703091847,32.71840034859007,89.99655678245456 -96.65040703091847,32.71840034859007,150.02655678245458 -96.65011177421847,32.718148769436674,150.02655678245458 -96.65011177421847,32.718148769436674,89.99655678245456</coordinates>
                      </LinearRing>
                    </outerBoundaryIs>
                  </Polygon>
                  <Polygon>
                    <altitudeMode>absolute</altitudeMode>
                    <outerBoundaryIs>
                      <LinearRing>
                        <coordinates>-96.65011177421847,32.718148769436674,89.99655678245456 -96.65011177421847,32.718148769436674,150.02655678245458 -96.65057704284462,32.71792124504982,150.02655678245458 -96.65057704284462,32.71792124504982,89.99655678245456</coordinates>
                      </LinearRing>
                    </outerBoundaryIs>
                  </Polygon>
                </MultiGeometry>
              </Placemark>
            </Folder>
          </Folder>
          <Folder>
            <name>E90: uss1_dss astm.f3548.v21.dss.queryOperationalIntentReferences</name>
            <Placemark>
              <name>area_of_interest</name>
              <styleUrl>#QueryArea</styleUrl>
              <description><![CDATA[<ul><li>uss2's Accepted 3e42cc2e-364d-4380-974a-5189792dd700[1]</li><li>uss1's Accepted 4c4c5bff-8343-4aa7-9100-3b50cb29d270[1]</li></ul>]]></description>
              <TimeSpan>
                <begin>2026-10-09T06:24:05.966362+00:00</begin>
                <end>2026-10-09T07:09:06.966362+00:00</end>
              </TimeSpan>
              <MultiGeometry>
                <Polygon>
                  <altitudeMode>absolute</altitudeMode>
                  <outerBoundaryIs>
                    <LinearRing>
                      <coordinates>-96.65102801622521,32.71777251457099,89.99684994850514 -96.65102801622521,32.71840034859007,89.99684994850514 -96.65011177421847,32.71840034859007,89.99684994850514 -96.65011177421847,32.71777251457099,89.99684994850514</coordinates>
                    </LinearRing>
                  </outerBoundaryIs>
                </Polygon>
                <Polygon>
                  <altitudeMode>absolute</altitudeMode>
                  <outerBoundaryIs>
                    <LinearRing>
                      <coordinates>-96.65102801622521,32.71777251457099,150.02684994850514 -96.65102801622521,32.71840034859007,150.02684994850514 -96.65011177421847,32.71840034859007,150.02684994850514 -96.65011177421847,32.71777251457099,150.02684994850514</coordinates>
                    </LinearRing>
                  </outerBoundaryIs>
                </Polygon>
                <Polygon>
                  <altitudeMode>absolute</altitudeMode>
                  <outerBoundaryIs>
                    <LinearRing>
                      <coordinates>-96.65102801622521,32.71777251457099,89.99684994850514 -96.65102801622521,32.71777251457099,150.02684994850514 -96.65102801622521,32.71840034859007,150.02684994850514 -96.65102801622521,32.71840034859007,89.99684994850514</coordinates>
                    </LinearRing>
                  </outerBoundaryIs>
                </Polygon>
                <Polygon>
                  <altitudeMode>absolute</altitudeMode>
                  <outerBoundaryIs>
                    <LinearRing>
                      <coordinates>-96.65102801622521,32.71840034859007,89.99684994850514 -96.65102801622521,32.71840034859007,150.02684994850514 -96.65011177421847,32.71840034859007,150.02684994850514 -96.65011177421847,32.71840034859007,89.99684994850514</coordinates>
                    </LinearRing>
                  </outerBoundaryIs>
                </Polygon>
                <Polygon>
                  <altitudeMode>absolute</altitudeMode>
                  <outerBoundaryIs>
                    <LinearRing>
                      <coordinates>-96.65011177421847,32.71840034859007,89.99684994850514 -96.65011177421847,32.71840034859007,150.02684994850514 -96.65011177421847,32.71777251457099,150.02684994850514 -96.65011177421847,32.71777251457099,89.99684994850514</coordinates>
                    </LinearRing>
                  </outerBoundaryIs>
                </Polygon>
                <Polygon>
                  <altitudeMode>absolute</altitudeMode>
                  <outerBoundaryIs>
                    <LinearRing>
                      <coordinates>-96.65011177421847,32.71777251457099,89.99684994850514 -96.65011177421847,32.71777251457099,150.02684994850514 -96.65102801622521,32.71777251457099,150.02684994850514 -96.65102801622521,32.71777251457099,89.99684994850514</coordinates>
                    </LinearRing>
                  </outerBoundaryIs>
                </Polygon>
              </MultiGeometry>
            </Placemark>
          </Folder>
          <Folder>
            <name>E94: uss2_core astm.f3548.v21.uss.getOperationalIntentDetails</name>
            <Folder>
              <name>uss2's P0 Accepted 3e42cc2e-364d-4380-974a-5189792dd700[1] @ fgFhg2r83dTlYzm9szEzqraPZkzkEqlty0JHzymTbd4_</name>
              <Placemark>
                <name>Nominal volume 0</name>
                <styleUrl>#F3548v21Accepted</styleUrl>
                <TimeSpan>
                  <begin>2026-10-09T06:24:06.626340+00:00</begin>
                  <end>2026-10-09T07:09:06.602195+00:00</end>
                </TimeSpan>
                <MultiGeometry>
                  <Polygon>
                    <altitudeMode>absolute</altitudeMode>
                    <outerBoundaryIs>
                      <LinearRing>
                        <coordinates>-96.65081588241792,32.71777251457099,120.03690397615685 -96.65102801622521,32.71801364924129,120.03690397615685 -96.65040703091847,32.71840034859007,120.03690397615685 -96.65011177421847,32.718148769436674,120.03690397615685</coordinates>
                      </LinearRing>
                    </outerBoundaryIs>
                  </Polygon>
                  <Polygon>
                    <altitudeMode>absolute</altitudeMode>
                    <outerBoundaryIs>
                      <LinearRing>
                        <coordinates>-96.65081588241792,32.71777251457099,150.02690397615683 -96.65102801622521,32.71801364924129,150.02690397615683 -96.65040703091847,32.71840034859007,150.02690397615683 -96.65011177421847,32.718148769436674,150.02690397615683</coordinates>
                      </LinearRing>
                    </outerBoundaryIs>
                  </Polygon>
                  <Polygon>
                    <altitudeMode>absolute</altitudeMode>
                    <outerBoundaryIs>
                      <LinearRing>
                        <coordinates>-96.65081588241792,32.71777251457099,120.03690397615685 -96.65081588241792,32.71777251457099,150.02690397615683 -96.65102801622521,32.71801364924129,150.02690397615683 -96.65102801622521,32.71801364924129,120.03690397615685</coordinates>
                      </LinearRing>
                    </outerBoundaryIs>
                  </Polygon>
                  <Polygon>
                    <altitudeMode>absolute</altitudeMode>
                    <outerBoundaryIs>
                      <LinearRing>
                        <coordinates>-96.65102801622521,32.71801364924129,120.03690397615685 -96.65102801622521,32.71801364924129,150.02690397615683 -96.65040703091847,32.71840034859007,150.02690397615683 -96.65040703091847,32.71840034859007,120.03690397615685</coordinates>
                      </LinearRing>
                    </outerBoundaryIs>
                  </Polygon>
                  <Polygon>
                    <altitudeMode>absolute</altitudeMode>
                    <outerBoundaryIs>
                      <LinearRing>
                        <coordinates>-96.65040703091847,32.71840034859007,120.03690397615685 -96.65040703091847,32.71840034859007,150.02690397615683 -96.65011177421847,32.718148769436674,150.02690397615683 -96.65011177421847,32.718148769436674,120.03690397615685</coordinates>
                      </LinearRing>
                    </outerBoundaryIs>
                  </Polygon>
                  <Polygon>
                    <altitudeMode>absolute</altitudeMode>
                    <outerBoundaryIs>
                      <LinearRing>
                        <coordinates>-96.65011177421847,32.718148769436674,120.03690397615685 -96.65011177421847,32.718148769436674,150.02690397615683 -96.65081588241792,32.71777251457099,150.02690397615683 -96.65081588241792,32.71777251457099,120.03690397615685</coordinates>
                      </LinearRing>
                    </outerBoundaryIs>
                  </Polygon>
                </MultiGeometry>
              </Placemark>
            </Folder>
          </Folder>
        </Folder>
      </Folder>
      <Folder>
        <name>Attempt to activate flight in conflict</name>
        <Folder>
          <name>Attempt to activate conflicting Flight 1</name>
          <Folder>
            <name>E103: uss1_dss astm.f3548.v21.dss.queryOperationalIntentReferences</name>
            <Placemark>
              <name>area_of_interest</name>
              <styleUrl>#QueryArea</styleUrl>
              <description><![CDATA[<ul><li>uss2's Accepted 3e42cc2e-364d-4380-974a-5189792dd700[1]</li><li>uss1's Accepted 4c4c5bff-8343-4aa7-9100-3b50cb29d270[1]</li></ul>]]></description>
              <TimeSpan>
                <begin>2026-10-09T06:24:06.084797+00:00</begin>
                <end>2026-10-09T07:09:07.084797+00:00</end>
              </TimeSpan>
              <MultiGeometry>
                <Polygon>
                  <altitudeMode>absolute</altitudeMode>
                  <outerBoundaryIs>
                    <LinearRing>
                      <coordinates>-96.65102801622521,32.71777251457099,120.03684994850515 -96.65102801622521,32.71840034859007,120.03684994850515 -96.65011177421847,32.71840034859007,120.03684994850515 -96.65011177421847,32.71777251457099,120.03684994850515</coordinates>
                    </LinearRing>
                  </outerBoundaryIs>
                </Polygon>
                <Polygon>
                  <altitudeMode>absolute</altitudeMode>
                  <outerBoundaryIs>
                    <LinearRing>
                      <coordinates>-96.65102801622521,32.71777251457099,150.02684994850514 -96.65102801622521,32.71840034859007,150.02684994850514 -96.65011177421847,32.71840034859007,150.02684994850514 -96.65011177421847,32.71777251457099,150.02684994850514</coordinates>
                    </LinearRing>
                  </outerBoundaryIs>
                </Polygon>
                <Polygon>
                  <altitudeMode>absolute</altitudeMode>
                  <outerBoundaryIs>
                    <LinearRing>
                      <coordinates>-96.65102801622521,32.71777251457099,120.03684994850515 -96.65102801622521,32.71777251457099,150.02684994850514 -96.65102801622521,32.71840034859007,150.02684994850514 -96.65102801622521,32.71840034859007,120.03684994850515</coordinates>
                    </LinearRing>
                  </outerBoundaryIs>
                </Polygon>
                <Polygon>
                  <altitudeMode>absolute</altitudeMode>
                  <outerBoundaryIs>
                    <LinearRing>
                      <coordinates>-96.65102801622521,32.71840034859007,120.03684994850515 -96.65102801622521,32.71840034859007,150.02684994850514 -96.65011177421847,32.71840034859007,150.02684994850514 -96.65011177421847,32.71840034859007,120.03684994850515</coordinates>
                    </LinearRing>
                  </outerBoundaryIs>
                </Polygon>
                <Polygon>
                  <altitudeMode>absolute</altitudeMode>
                  <outerBoundaryIs>
                    <LinearRing>
                      <coordinates>-96.65011177421847,32.71840034859007,120.03684994850515 -96.65011177421847,32.71840034859007,150.02684994850514 -96.65011177421847,32.71777251457099,150.02684994850514 -96.65011177421847,32.71777251457099,120.03684994850515</coordinates>
                    </LinearRing>
                  </outerBoundaryIs>
                </Polygon>
                <Polygon>
                  <altitudeMode>absolute</altitudeMode>
                  <outerBoundaryIs>
                    <LinearRing>
                      <coordinates>-96.65011177421847,32.71777251457099,120.03684994850515 -96.65011177421847,32.71777251457099,150.02684994850514 -96.65102801622521,32.71777251457099,150.02684994850514 -96.65102801622521,32.71777251457099,120.03684994850515</coordinates>
                    </LinearRing>
                  </outerBoundaryIs>
                </Polygon>
              </MultiGeometry>
            </Placemark>
          </Folder>
          <Folder>
            <name>E105: uss2_core interuss.automated_testing.flight_planning.v1.UpsertFlightPlan</name>
            <Folder>
              <name>Activity Rejected, flight Planned</name>
              <Placemark>
                <name>Volume 0</name>
                <styleUrl>#InUse_Nominal</styleUrl>
                <TimeSpan>
                  <begin>2026-10-09T06:24:06.084797+00:00</begin>
                  <end>2026-10-09T07:09:07.084797+00:00</end>
                </TimeSpan>
                <MultiGeometry>
                  <Polygon>
                    <altitudeMode>absolute</altitudeMode>
                    <outerBoundaryIs>
                      <LinearRing>
                        <coordinates>-96.65081588241792,32.71777251457099,120.04690397615684 -96.65102801622521,32.71801364924129,120.04690397615684 -96.65040703091847,32.71840034859007,120.04690397615684 -96.65011177421847,32.718148769436674,120.04690397615684</coordinates>
                      </LinearRing>
                    </outerBoundaryIs>
                  </Polygon>
                  <Polygon>
                    <altitudeMode>absolute</altitudeMode>
                    <outerBoundaryIs>
                      <LinearRing>
                        <coordinates>-96.65081588241792,32.71777251457099,150.02690397615683 -96.65102801622521,32.71801364924129,150.02690397615683 -96.65040703091847,32.71840034859007,150.02690397615683 -96.65011177421847,32.718148769436674,150.02690397615683</coordinates>
                      </LinearRing>
                    </outerBoundaryIs>
                  </Polygon>
                  <Polygon>
                    <altitudeMode>absolute</altitudeMode>
                    <outerBoundaryIs>
                      <LinearRing>
                        <coordinates>-96.65081588241792,32.71777251457099,120.04690397615684 -96.65081588241792,32.71777251457099,150.02690397615683 -96.65102801622521,32.71801364924129,150.02690397615683 -96.65102801622521,32.71801364924129,120.04690397615684</coordinates>
                      </LinearRing>
                    </outerBoundaryIs>
                  </Polygon>
                  <Polygon>
                    <altitudeMode>absolute</altitudeMode>
                    <outerBoundaryIs>
                      <LinearRing>
                        <coordinates>-96.65102801622521,32.71801364924129,120.04690397615684 -96.65102801622521,32.71801364924129,150.02690397615683 -96.65040703091847,32.71840034859007,150.02690397615683 -96.65040703091847,32.71840034859007,120.04690397615684</coordinates>
                      </LinearRing>
                    </outerBoundaryIs>
                  </Polygon>
                  <Polygon>
                    <altitudeMode>absolute</altitudeMode>
                    <outerBoundaryIs>
                      <LinearRing>
                        <coordinates>-96.65040703091847,32.71840034859007,120.04690397615684 -96.65040703091847,32.71840034859007,150.02690397615683 -96.65011177421847,32.718148769436674,150.02690397615683 -96.65011177421847,32.718148769436674,120.04690397615684</coordinates>
                      </LinearRing>
                    </outerBoundaryIs>
                  </Polygon>
                  <Polygon>
                    <altitudeMode>absolute</altitudeMode>
                    <outerBoundaryIs>
                      <LinearRing>
                        <coordinates>-96.65011177421847,32.718148769436674,120.04690397615684 -96.65011177421847,32.718148769436674,150.02690397615683 -96.65081588241792,32.71777251457099,150.02690397615683 -96.65081588241792,32.71777251457099,120.04690397615684</coordinates>
                      </LinearRing>
                    </outerBoundaryIs>
                  </Polygon>
                </MultiGeometry>
              </Placemark>
            </Folder>
          </Folder>
          <Folder>
            <name>E108: uss1_dss astm.f3548.v21.dss.queryOperationalIntentReferences</name>
            <Placemark>
              <name>area_of_interest</name>
              <styleUrl>#QueryArea</styleUrl>
              <description><![CDATA[<ul><li>uss2's Accepted 3e42cc2e-364d-4380-974a-5189792dd700[1]</li><li>uss1's Accepted 4c4c5bff-8343-4aa7-9100-3b50cb29d270[1]</li></ul>]]></description>
              <TimeSpan>
                <begin>2026-10-09T06:24:06.084797+00:00</begin>
                <end>2026-10-09T07:09:07.084797+00:00</end>
              </TimeSpan>
              <MultiGeometry>
                <Polygon>
                  <altitudeMode>absolute</altitudeMode>
                  <outerBoundaryIs>
                    <LinearRing>
                      <coordinates>-96.65102801622521,32.71777251457099,120.03684994850515 -96.65102801622521,32.71840034859007,120.03684994850515 -96.65011177421847,32.71840034859007,120.03684994850515 -96.65011177421847,32.71777251457099,120.03684994850515</coordinates>
                    </LinearRing>
                  </outerBoundaryIs>
                </Polygon>
                <Polygon>
                  <altitudeMode>absolute</altitudeMode>
                  <outerBoundaryIs>
                    <LinearRing>
                      <coordinates>-96.65102801622521,32.71777251457099,150.02684994850514 -96.65102801622521,32.71840034859007,150.02684994850514 -96.65011177421847,32.71840034859007,150.02684994850514 -96.65011177421847,32.71777251457099,150.02684994850514</coordinates>
                    </LinearRing>
                  </outerBoundaryIs>
                </Polygon>
                <Polygon>
                  <altitudeMode>absolute</altitudeMode>
                  <outerBoundaryIs>
                    <LinearRing>
                      <coordinates>-96.65102801622521,32.71777251457099,120.03684994850515 -96.65102801622521,32.71777251457099,150.02684994850514 -96.65102801622521,32.71840034859007,150.02684994850514 -96.65102801622521,32.71840034859007,120.03684994850515</coordinates>
                    </LinearRing>
                  </outerBoundaryIs>
                </Polygon>
                <Polygon>
                  <altitudeMode>absolute</altitudeMode>
                  <outerBoundaryIs>
                    <LinearRing>
                      <coordinates>-96.65102801622521,32.71840034859007,120.03684994850515 -96.65102801622521,32.71840034859007,150.02684994850514 -96.65011177421847,32.71840034859007,150.02684994850514 -96.65011177421847,32.71840034859007,120.03684994850515</coordinates>
                    </LinearRing>
                  </outerBoundaryIs>
                </Polygon>
                <Polygon>
                  <altitudeMode>absolute</altitudeMode>
                  <outerBoundaryIs>
                    <LinearRing>
                      <coordinates>-96.65011177421847,32.71840034859007,120.03684994850515 -96.65011177421847,32.71840034859007,150.02684994850514 -96.65011177421847,32.71777251457099,150.02684994850514 -96.65011177421847,32.71777251457099,120.03684994850515</coordinates>
                    </LinearRing>
                  </outerBoundaryIs>
                </Polygon>
                <Polygon>
                  <altitudeMode>absolute</altitudeMode>
                  <outerBoundaryIs>
                    <LinearRing>
                      <coordinates>-96.65011177421847,32.71777251457099,120.03684994850515 -96.65011177421847,32.71777251457099,150.02684994850514 -96.65102801622521,32.71777251457099,150.02684994850514 -96.65102801622521,32.71777251457099,120.03684994850515</coordinates>
                    </LinearRing>
                  </outerBoundaryIs>
                </Polygon>
              </MultiGeometry>
            </Placemark>
          </Folder>
          <Folder>
            <name>E112: uss2_core astm.f3548.v21.uss.getOperationalIntentDetails</name>
            <Folder>
              <name>uss2's P0 Accepted 3e42cc2e-364d-4380-974a-5189792dd700[1] @ fgFhg2r83dTlYzm9szEzqraPZkzkEqlty0JHzymTbd4_</name>
              <Placemark>
                <name>Nominal volume 0</name>
                <styleUrl>#F3548v21Accepted</styleUrl>
                <TimeSpan>
                  <begin>2026-10-09T06:24:06.626340+00:00</begin>
                  <end>2026-10-09T07:09:06.602195+00:00</end>
                </TimeSpan>
                <MultiGeometry>
                  <Polygon>
                    <altitudeMode>absolute</altitudeMode>
                    <outerBoundaryIs>
                      <LinearRing>
                        <coordinates>-96.65081588241792,32.71777251457099,120.03690397615685 -96.65102801622521,32.71801364924129,120.03690397615685 -96.65040703091847,32.71840034859007,120.03690397615685 -96.65011177421847,32.718148769436674,120.03690397615685</coordinates>
                      </LinearRing>
                    </outerBoundaryIs>
                  </Polygon>
                  <Polygon>
                    <altitudeMode>absolute</altitudeMode>
                    <outerBoundaryIs>
                      <LinearRing>
                        <coordinates>-96.65081588241792,32.71777251457099,150.02690397615683 -96.65102801622521,32.71801364924129,150.02690397615683 -96.65040703091847,32.71840034859007,150.02690397615683 -96.65011177421847,32.718148769436674,150.02690397615683</coordinates>
                      </LinearRing>
                    </outerBoundaryIs>
                  </Polygon>
                  <Polygon>
                    <altitudeMode>absolute</altitudeMode>
                    <outerBoundaryIs>
                      <LinearRing>
                        <coordinates>-96.65081588241792,32.71777251457099,120.03690397615685 -96.65081588241792,32.71777251457099,150.02690397615683 -96.65102801622521,32.71801364924129,150.02690397615683 -96.65102801622521,32.71801364924129,120.03690397615685</coordinates>
                      </LinearRing>
                    </outerBoundaryIs>
                  </Polygon>
                  <Polygon>
                    <altitudeMode>absolute</altitudeMode>
                    <outerBoundaryIs>
                      <LinearRing>
                        <coordinates>-96.65102801622521,32.71801364924129,120.03690397615685 -96.65102801622521,32.71801364924129,150.02690397615683 -96.65040703091847,32.71840034859007,150.02690397615683 -96.65040703091847,32.71840034859007,120.03690397615685</coordinates>
                      </LinearRing>
                    </outerBoundaryIs>
                  </Polygon>
                  <Polygon>
                    <altitudeMode>absolute</altitudeMode>
                    <outerBoundaryIs>
                      <LinearRing>
                        <coordinates>-96.65040703091847,32.71840034859007,120.03690397615685 -96.65040703091847,32.71840034859007,150.02690397615683 -96.65011177421847,32.718148769436674,150.02690397615683 -96.65011177421847,32.718148769436674,120.03690397615685</coordinates>
                      </LinearRing>
                    </outerBoundaryIs>
                  </Polygon>
                  <Polygon>
                    <altitudeMode>absolute</altitudeMode>
                    <outerBoundaryIs>
                      <LinearRing>
                        <coordinates>-96.65011177421847,32.718148769436674,120.03690397615685 -96.65011177421847,32.718148769436674,150.02690397615683 -96.65081588241792,32.71777251457099,150.02690397615683 -96.65081588241792,32.71777251457099,120.03690397615685</coordinates>
                      </LinearRing>
                    </outerBoundaryIs>
                  </Polygon>
                </MultiGeometry>
              </Placemark>
            </Folder>
          </Folder>
        </Folder>
      </Folder>
      <Folder>
        <name>Modify activated flight with pre-existing conflict</name>
        <Folder>
          <name>Delete Flight 2</name>
        </Folder>
        <Folder>
          <name>Activate Flight 1</name>
          <Folder>
            <name>E123: uss1_dss astm.f3548.v21.dss.queryOperationalIntentReferences</name>
            <Placemark>
              <name>area_of_interest</name>
              <styleUrl>#QueryArea</styleUrl>
              <description><![CDATA[<ul><li>uss2's Accepted 3e42cc2e-364d-4380-974a-5189792dd700[1]</li></ul>]]></description>
              <TimeSpan>
                <begin>2026-10-09T06:24:06.239639+00:00</begin>
                <end>2026-10-09T07:09:07.239639+00:00</end>
              </TimeSpan>
              <MultiGeometry>
                <Polygon>
                  <altitudeMode>absolute</altitudeMode>
                  <outerBoundaryIs>
                    <LinearRing>
                      <coordinates>-96.65102801622521,32.71777251457099,120.04684994850514 -96.65102801622521,32.71840034859007,120.04684994850514 -96.65011177421847,32.71840034859007,120.04684994850514 -96.65011177421847,32.71777251457099,120.04684994850514</coordinates>
                    </LinearRing>
                  </outerBoundaryIs>
                </Polygon>
                <Polygon>
                  <altitudeMode>absolute</altitudeMode>
                  <outerBoundaryIs>
                    <LinearRing>
                      <coordinates>-96.65102801622521,32.71777251457099,150.02684994850514 -96.65102801622521,32.71840034859007,150.02684994850514 -96.65011177421847,32.71840034859007,150.02684994850514 -96.65011177421847,32.71777251457099,150.02684994850514</coordinates>
                    </LinearRing>
                  </outerBoundaryIs>
                </Polygon>
                <Polygon>
                  <altitudeMode>absolute</altitudeMode>
                  <outerBoundaryIs>
                    <LinearRing>
                      <coordinates>-96.65102801622521,32.71777251457099,120.04684994850514 -96.65102801622521,32.71777251457099,150.02684994850514 -96.65102801622521,32.71840034859007,150.02684994850514 -96.65102801622521,32.71840034859007,120.04684994850514</coordinates>
                    </LinearRing>
                  </outerBoundaryIs>
                </Polygon>
                <Polygon>
                  <altitudeMode>absolute</altitudeMode>
                  <outerBoundaryIs>
                    <LinearRing>
                      <coordinates>-96.65102801622521,32.71840034859007,120.04684994850514 -96.65102801622521,32.71840034859007,150.02684994850514 -96.65011177421847,32.71840034859007,150.02684994850514 -96.65011177421847,32.71840034859007,120.04684994850514</coordinates>
                    </LinearRing>
                  </outerBoundaryIs>
                </Polygon>
                <Polygon>
                  <altitudeMode>absolute</altitudeMode>
                  <outerBoundaryIs>
                    <LinearRing>
                      <coordinates>-96.65011177421847,32.71840034859007,120.04684994850514 -96.65011177421847,32.71840034859007,150.02684994850514 -96.65011177421847,32.71777251457099,150.02684994850514 -96.65011177421847,32.71777251457099,120.04684994850514</coordinates>
                    </LinearRing>
                  </outerBoundaryIs>
                </Polygon>
                <Polygon>
                  <altitudeMode>absolute</altitudeMode>
                  <outerBoundaryIs>
                    <LinearRing>
                      <coordinates>-96.65011177421847,32.71777251457099,120.04684994850514 -96.65011177421847,32.71777251457099,150.02684994850514 -96.65102801622521,32.71777251457099,150.02684994850514 -96.65102801622521,32.71777251457099,120.04684994850514</coordinates>
                    </LinearRing>
                  </outerBoundaryIs>
                </Polygon>
              </MultiGeometry>
            </Placemark>
          </Folder>
          <Folder>
            <name>E125: uss2_core interuss.automated_testing.flight_planning.v1.UpsertFlightPlan</name>
            <Folder>
              <name>Activity Completed, flight OkToFly</name>
              <Placemark>
                <name>Volume 0</name>
                <styleUrl>#InUse_Nominal</styleUrl>
                <TimeSpan>
                  <begin>2026-10-09T06:24:06.239639+00:00</begin>
                  <end>2026-10-09T07:09:07.239639+00:00</end>
                </TimeSpan>
                <MultiGeometry>
                  <Polygon>
                    <altitudeMode>absolute</altitudeMode>
                    <outerBoundaryIs>
                      <LinearRing>
                        <coordinates>-96.65081588241792,32.71777251457099,120.04690397615684 -96.65102801622521,32.71801364924129,120.04690397615684 -96.65040703091847,32.71840034859007,120.04690397615684 -96.65011177421847,32.718148769436674,120.04690397615684</coordinates>
                      </LinearRing>
                    </outerBoundaryIs>
                  </Polygon>
                  <Polygon>
                    <altitudeMode>absolute</altitudeMode>
                    <outerBoundaryIs>
                      <LinearRing>
                        <coordinates>-96.65081588241792,32.71777251457099,150.02690397615683 -96.65102801622521,32.71801364924129,150.02690397615683 -96.65040703091847,32.71840034859007,150.02690397615683 -96.65011177421847,32.718148769436674,150.02690397615683</coordinates>
                      </LinearRing>
                    </outerBoundaryIs>
                  </Polygon>
                  <Polygon>
                    <altitudeMode>absolute</altitudeMode>
                    <outerBoundaryIs>
                      <LinearRing>
                        <coordinates>-96.65081588241792,32.71777251457099,120.04690397615684 -96.65081588241792,32.71777251457099,150.02690397615683 -96.65102801622521,32.71801364924129,150.02690397615683 -96.65102801622521,32.71801364924129,120.04690397615684</coordinates>
                      </LinearRing>
                    </outerBoundaryIs>
                  </Polygon>
                  <Polygon>
                    <altitudeMode>absolute</altitudeMode>
                    <outerBoundaryIs>
                      <LinearRing>
                        <coordinates>-96.65102801622521,32.71801364924129,120.04690397615684 -96.65102801622521,32.71801364924129,150.02690397615683 -96.65040703091847,32.71840034859007,150.02690397615683 -96.65040703091847,32.71840034859007,120.04690397615684</coordinates>
                      </LinearRing>
                    </outerBoundaryIs>
                  </Polygon>
                  <Polygon>
                    <altitudeMode>absolute</altitudeMode>
                    <outerBoundaryIs>
                      <LinearRing>
                        <coordinates>-96.65040703091847,32.71840034859007,120.04690397615684 -96.65040703091847,32.71840034859007,150.02690397615683 -96.65011177421847,32.718148769436674,150.02690397615683 -96.65011177421847,32.718148769436674,120.04690397615684</coordinates>
                      </LinearRing>
                    </outerBoundaryIs>
                  </Polygon>
                  <Polygon>
                    <altitudeMode>absolute</altitudeMode>
                    <outerBoundaryIs>
                      <LinearRing>
                        <coordinates>-96.65011177421847,32.718148769436674,120.04690397615684 -96.65011177421847,32.718148769436674,150.02690397615683 -96.65081588241792,32.71777251457099,150.02690397615683 -96.65081588241792,32.71777251457099,120.04690397615684</coordinates>
                      </LinearRing>
                    </outerBoundaryIs>
                  </Polygon>
                </MultiGeometry>
              </Placemark>
            </Folder>
          </Folder>
          <Folder>
            <name>E129: uss1_dss astm.f3548.v21.dss.queryOperationalIntentReferences</name>
            <Placemark>
              <name>area_of_interest</name>
              <styleUrl>#QueryArea</styleUrl>
              <description><![CDATA[<ul><li>uss2's Activated 3e42cc2e-364d-4380-974a-5189792dd700[2]</li></ul>]]></description>
              <TimeSpan>
                <begin>2026-10-09T06:24:06.239639+00:00</begin>
                <end>2026-10-09T07:09:07.239639+00:00</end>
              </TimeSpan>
              <MultiGeometry>
                <Polygon>
                  <altitudeMode>absolute</altitudeMode>
                  <outerBoundaryIs>
                    <LinearRing>
                      <coordinates>-96.65102801622521,32.71777251457099,120.04684994850514 -96.65102801622521,32.71840034859007,120.04684994850514 -96.65011177421847,32.71840034859007,120.04684994850514 -96.65011177421847,32.71777251457099,120.04684994850514</coordinates>
                    </LinearRing>
                  </outerBoundaryIs>
                </Polygon>
                <Polygon>
                  <altitudeMode>absolute</altitudeMode>
                  <outerBoundaryIs>
                    <LinearRing>
                      <coordinates>-96.65102801622521,32.71777251457099,150.02684994850514 -96.65102801622521,32.71840034859007,150.02684994850514 -96.65011177421847,32.71840034859007,150.02684994850514 -96.65011177421847,32.71777251457099,150.02684994850514</coordinates>
                    </LinearRing>
                  </outerBoundaryIs>
                </Polygon>
                <Polygon>
                  <altitudeMode>absolute</altitudeMode>
                  <outerBoundaryIs>
                    <LinearRing>
                      <coordinates>-96.65102801622521,32.71777251457099,120.04684994850514 -96.65102801622521,32.71777251457099,150.02684994850514 -96.65102801622521,32.71840034859007,150.02684994850514 -96.65102801622521,32.71840034859007,120.04684994850514</coordinates>
                    </LinearRing>
                  </outerBoundaryIs>
                </Polygon>
                <Polygon>
                  <altitudeMode>absolute</altitudeMode>
                  <outerBoundaryIs>
                    <LinearRing>
                      <coordinates>-96.65102801622521,32.71840034859007,120.04684994850514 -96.65102801622521,32.71840034859007,150.02684994850514 -96.65011177421847,32.71840034859007,150.02684994850514 -96.65011177421847,32.71840034859007,120.04684994850514</coordinates>
                    </LinearRing>
                  </outerBoundaryIs>
                </Polygon>
                <Polygon>
                  <altitudeMode>absolute</altitudeMode>
                  <outerBoundaryIs>
                    <LinearRing>
                      <coordinates>-96.65011177421847,32.71840034859007,120.04684994850514 -96.65011177421847,32.71840034859007,150.02684994850514 -96.65011177421847,32.71777251457099,150.02684994850514 -96.65011177421847,32.71777251457099,120.04684994850514</coordinates>
                    </LinearRing>
                  </outerBoundaryIs>
                </Polygon>
                <Polygon>
                  <altitudeMode>absolute</altitudeMode>
                  <outerBoundaryIs>
                    <LinearRing>
                      <coordinates>-96.65011177421847,32.71777251457099,120.04684994850514 -96.65011177421847,32.71777251457099,150.02684994850514 -96.65102801622521,32.71777251457099,150.02684994850514 -96.65102801622521,32.71777251457099,120.04684994850514</coordinates>
                    </LinearRing>
                  </outerBoundaryIs>
                </Polygon>
              </MultiGeometry>
            </Placemark>
          </Folder>
          <Folder>
            <name>E134: uss2_core astm.f3548.v21.uss.getOperationalIntentDetails</name>
            <Folder>
              <name>uss2's P0 Activated 3e42cc2e-364d-4380-974a-5189792dd700[2] @ 8iPrPvxltfkBNPDEkxbTqSEUtQU.XHd8N6HXk-AuhBA_</name>
              <Placemark>
                <name>Nominal volume 0</name>
                <styleUrl>#F3548v21Activated</styleUrl>
                <TimeSpan>
                  <begin>2026-10-09T06:24:07.270887+00:00</begin>
                  <end>2026-10-09T07:09:07.239639+00:00</end>
                </TimeSpan>
                <MultiGeometry>
                  <Polygon>
                    <altitudeMode>absolute</altitudeMode>
                    <outerBoundaryIs>
                      <LinearRing>
                        <coordinates>-96.65081588241792,32.71777251457099,120.04690397615684 -96.65102801622521,32.71801364924129,120.04690397615684 -96.65040703091847,32.71840034859007,120.04690397615684 -96.65011177421847,32.718148769436674,120.04690397615684</coordinates>
                      </LinearRing>
                    </outerBoundaryIs>
                  </Polygon>
                  <Polygon>
                    <altitudeMode>absolute</altitudeMode>
                    <outerBoundaryIs>
                      <LinearRing>
                        <coordinates>-96.65081588241792,32.71777251457099,150.02690397615683 -96.65102801622521,32.71801364924129,150.02690397615683 -96.65040703091847,32.71840034859007,150.02690397615683 -96.65011177421847,32.718148769436674,150.02690397615683</coordinates>
                      </LinearRing>
                    </outerBoundaryIs>
                  </Polygon>
                  <Polygon>
                    <altitudeMode>absolute</altitudeMode>
                    <outerBoundaryIs>
                      <LinearRing>
                        <coordinates>-96.65081588241792,32.71777251457099,120.04690397615684 -96.65081588241792,32.71777251457099,150.02690397615683 -96.65102801622521,32.71801364924129,150.02690397615683 -96.65102801622521,32.71801364924129,120.04690397615684</coordinates>
                      </LinearRing>
                    </outerBoundaryIs>
                  </Polygon>
                  <Polygon>
                    <altitudeMode>absolute</altitudeMode>
                    <outerBoundaryIs>
                      <LinearRing>
                        <coordinates>-96.65102801622521,32.71801364924129,120.04690397615684 -96.65102801622521,32.71801364924129,150.02690397615683 -96.65040703091847,32.71840034859007,150.02690397615683 -96.65040703091847,32.71840034859007,120.04690397615684</coordinates>
                      </LinearRing>
                    </outerBoundaryIs>
                  </Polygon>
                  <Polygon>
                    <altitudeMode>absolute</altitudeMode>
                    <outerBoundaryIs>
                      <LinearRing>
                        <coordinates>-96.65040703091847,32.71840034859007,120.04690397615684 -96.65040703091847,32.71840034859007,150.02690397615683 -96.65011177421847,32.718148769436674,150.02690397615683 -96.65011177421847,32.718148769436674,120.04690397615684</coordinates>
                      </LinearRing>
                    </outerBoundaryIs>
                  </Polygon>
                  <Polygon>
                    <altitudeMode>absolute</altitudeMode>
                    <outerBoundaryIs>
                      <LinearRing>
                        <coordinates>-96.65011177421847,32.718148769436674,120.04690397615684 -96.65011177421847,32.718148769436674,150.02690397615683 -96.65081588241792,32.71777251457099,150.02690397615683 -96.65081588241792,32.71777251457099,120.04690397615684</coordinates>
                      </LinearRing>
                    </outerBoundaryIs>
                  </Polygon>
                </MultiGeometry>
              </Placemark>
            </Folder>
          </Folder>
        </Folder>
        <Folder>
          <name>Plan Flight 2</name>
          <Folder>
            <name>E143: uss1_dss astm.f3548.v21.dss.queryOperationalIntentReferences</name>
            <Placemark>
              <name>area_of_interest</name>
              <styleUrl>#QueryArea</styleUrl>
              <description><![CDATA[<ul><li>uss2's Activated 3e42cc2e-364d-4380-974a-5189792dd700[2]</li></ul>]]></description>
              <TimeSpan>
                <begin>2026-10-09T06:24:06.413241+00:00</begin>
                <end>2026-10-09T07:09:07.413241+00:00</end>
              </TimeSpan>
              <MultiGeometry>
                <Polygon>
                  <altitudeMode>absolute</altitudeMode>
                  <outerBoundaryIs>
                    <LinearRing>
                      <coordinates>-96.65116755902885,32.71782156372596,118.95766610520391 -96.65116755902885,32.718424400484075,118.95766610520391 -96.65063722327571,32.718424400484075,118.95766610520391 -96.65063722327571,32.71782156372596,118.95766610520391</coordinates>
                    </LinearRing>
                  </outerBoundaryIs>
                </Polygon>
                <Polygon>
                  <altitudeMode>absolute</altitudeMode>
                  <outerBoundaryIs>
                    <LinearRing>
                      <coordinates>-96.65116755902885,32.71782156372596,148.0276661052039 -96.65116755902885,32.718424400484075,148.0276661052039 -96.65063722327571,32.718424400484075,148.0276661052039 -96.65063722327571,32.71782156372596,148.0276661052039</coordinates>
                    </LinearRing>
                  </outerBoundaryIs>
                </Polygon>
                <Polygon>
                  <altitudeMode>absolute</altitudeMode>
                  <outerBoundaryIs>
                    <LinearRing>
                      <coordinates>-96.65116755902885,32.71782156372596,118.95766610520391 -96.65116755902885,32.71782156372596,148.0276661052039 -96.65116755902885,32.718424400484075,148.0276661052039 -96.65116755902885,32.718424400484075,118.95766610520391</coordinates>
                    </LinearRing>
                  </outerBoundaryIs>
                </Polygon>
                <Polygon>
                  <altitudeMode>absolute</altitudeMode>
                  <outerBoundaryIs>
                    <LinearRing>
                      <coordinates>-96.65116755902885,32.718424400484075,118.95766610520391 -96.65116755902885,32.718424400484075,148.0276661052039 -96.65063722327571,32.718424400484075,148.0276661052039 -96.65063722327571,32.718424400484075,118.95766610520391</coordinates>
                    </LinearRing>
                  </outerBoundaryIs>
                </Polygon>
                <Polygon>
                  <altitudeMode>absolute</altitudeMode>
                  <outerBoundaryIs>
                    <LinearRing>
                      <coordinates>-96.65063722327571,32.718424400484075,118.95766610520391 -96.65063722327571,32.718424400484075,148.0276661052039 -96.65063722327571,32.71782156372596,148.0276661052039 -96.65063722327571,32.71782156372596,118.95766610520391</coordinates>
                    </LinearRing>
                  </outerBoundaryIs>
                </Polygon>
                <Polygon>
                  <altitudeMode>absolute</altitudeMode>
                  <outerBoundaryIs>
                    <LinearRing>
                      <coordinates>-96.65063722327571,32.71782156372596,118.95766610520391 -96.65063722327571,32.71782156372596,148.0276661052039 -96.65116755902885,32.71782156372596,148.0276661052039 -96.65116755902885,32.71782156372596,118.95766610520391</coordinates>
                    </LinearRing>
                  </outerBoundaryIs>
                </Polygon>
              </MultiGeometry>
            </Placemark>
          </Folder>
          <Folder>
            <name>E145: uss1_core interuss.automated_testing.flight_planning.v1.UpsertFlightPlan</name>
            <Folder>
              <name>Activity Completed, flight Planned</name>
              <Placemark>
                <name>Volume 0</name>
                <styleUrl>#Planned_Nominal</styleUrl>
                <TimeSpan>
                  <begin>2026-10-09T06:24:06.413241+00:00</begin>
                  <end>2026-10-09T07:09:07.413241+00:00</end>
                </TimeSpan>
                <MultiGeometry>
                  <Polygon>
                    <altitudeMode>absolute</altitudeMode>
                    <outerBoundaryIs>
                      <LinearRing>
                        <coordinates>-96.65114649564616,32.71806428112804,118.95769826763826 -96.65063722327571,32.71782156372596,118.95769826763826 -96.6507289958687,32.71826206151871,118.95769826763826 -96.65116755902885,32.718424400484075,118.95769826763826</coordinates>
                      </LinearRing>
                    </outerBoundaryIs>
                  </Polygon>
                  <Polygon>
                    <altitudeMode>absolute</altitudeMode>
                    <outerBoundaryIs>
                      <LinearRing>
                        <coordinates>-96.65114649564616,32.71806428112804,148.02769826763827 -96.65063722327571,32.71782156372596,148.02769826763827 -96.6507289958687,32.71826206151871,148.02769826763827 -96.65116755902885,32.718424400484075,148.02769826763827</coordinates>
                      </LinearRing>
                    </outerBoundaryIs>
                  </Polygon>
                  <Polygon>
                    <altitudeMode>absolute</altitudeMode>
                    <outerBoundaryIs>
                      <LinearRing>
                        <coordinates>-96.65114649564616,32.71806428112804,118.95769826763826 -96.65114649564616,32.71806428112804,148.02769826763827 -96.65063722327571,32.71782156372596,148.02769826763827 -96.65063722327571,32.71782156372596,118.95769826763826</coordinates>
                      </LinearRing>
                    </outerBoundaryIs>
                  </Polygon>
                  <Polygon>
                    <altitudeMode>absolute</altitudeMode>
                    <outerBoundaryIs>
                      <LinearRing>
                        <coordinates>-96.65063722327571,32.71782156372596,118.95769826763826 -96.65063722327571,32.71782156372596,148.02769826763827 -96.6507289958687,32.71826206151871,148.02769826763827 -96.6507289958687,32.71826206151871,118.95769826763826</coordinates>
                      </LinearRing>
                    </outerBoundaryIs>
                  </Polygon>
                  <Polygon>
                    <altitudeMode>absolute</altitudeMode>
                    <outerBoundaryIs>
                      <LinearRing>
                        <coordinates>-96.6507289958687,32.71826206151871,118.95769826763826 -96.6507289958687,32.71826206151871,148.02769826763827 -96.65116755902885,32.718424400484075,148.02769826763827 -96.65116755902885,32.718424400484075,118.95769826763826</coordinates>
                      </LinearRing>
                    </outerBoundaryIs>
                  </Polygon>
                  <Polygon>
                    <altitudeMode>absolute</altitudeMode>
                    <outerBoundaryIs>
                      <LinearRing>
                        <coordinates>-96.65116755902885,32.718424400484075,118.95769826763826 -96.65116755902885,32.718424400484075,148.02769826763827 -96.65114649564616,32.71806428112804,148.02769826763827 -96.65114649564616,32.71806428112804,118.95769826763826</coordinates>
                      </LinearRing>
                    </outerBoundaryIs>
                  </Polygon>
                </MultiGeometry>
              </Placemark>
            </Folder>
          </Folder>
          <Folder>
            <name>E149: uss1_dss astm.f3548.v21.dss.queryOperationalIntentReferences</name>
            <Placemark>
              <name>area_of_interest</name>
              <styleUrl>#QueryArea</styleUrl>
              <description><![CDATA[<ul><li>uss1's Accepted 05ea0da4-dd86-4635-aa5f-2f5c118c4b1f[1]</li><li>uss2's Activated 3e42cc2e-364d-4380-974a-5189792dd700[2]</li></ul>]]></description>
              <TimeSpan>
                <begin>2026-10-09T06:24:06.413241+00:00</begin>
                <end>2026-10-09T07:09:07.413241+00:00</end>
              </TimeSpan>
              <MultiGeometry>
                <Polygon>
                  <altitudeMode>absolute</altitudeMode>
                  <outerBoundaryIs>
                    <LinearRing>
                      <coordinates>-96.65116755902885,32.71782156372596,118.95766610520391 -96.65116755902885,32.718424400484075,118.95766610520391 -96.65063722327571,32.718424400484075,118.95766610520391 -96.65063722327571,32.71782156372596,118.95766610520391</coordinates>
                    </LinearRing>
                  </outerBoundaryIs>
                </Polygon>
                <Polygon>
                  <altitudeMode>absolute</altitudeMode>
                  <outerBoundaryIs>
                    <LinearRing>
                      <coordinates>-96.65116755902885,32.71782156372596,148.0276661052039 -96.65116755902885,32.718424400484075,148.0276661052039 -96.65063722327571,32.718424400484075,148.0276661052039 -96.65063722327571,32.71782156372596,148.0276661052039</coordinates>
                    </LinearRing>
                  </outerBoundaryIs>
                </Polygon>
                <Polygon>
                  <altitudeMode>absolute</altitudeMode>
                  <outerBoundaryIs>
                    <LinearRing>
                      <coordinates>-96.65116755902885,32.71782156372596,118.95766610520391 -96.65116755902885,32.71782156372596,148.0276661052039 -96.65116755902885,32.718424400484075,148.0276661052039 -96.65116755902885,32.718424400484075,118.95766610520391</coordinates>
                    </LinearRing>
                  </outerBoundaryIs>
                </Polygon>
                <Polygon>
                  <altitudeMode>absolute</altitudeMode>
                  <outerBoundaryIs>
                    <LinearRing>
                      <coordinates>-96.65116755902885,32.718424400484075,118.95766610520391 -96.65116755902885,32.718424400484075,148.0276661052039 -96.65063722327571,32.718424400484075,148.0276661052039 -96.65063722327571,32.718424400484075,118.95766610520391</coordinates>
                    </LinearRing>
                  </outerBoundaryIs>
                </Polygon>
                <Polygon>
                  <altitudeMode>absolute</altitudeMode>
                  <outerBoundaryIs>
                    <LinearRing>
                      <coordinates>-96.65063722327571,32.718424400484075,118.95766610520391 -96.65063722327571,32.718424400484075,148.0276661052039 -96.65063722327571,32.71782156372596,148.0276661052039 -96.65063722327571,32.71782156372596,118.95766610520391</coordinates>
                    </LinearRing>
                  </outerBoundaryIs>
                </Polygon>
                <Polygon>
                  <altitudeMode>absolute</altitudeMode>
                  <outerBoundaryIs>
                    <LinearRing>
                      <coordinates>-96.65063722327571,32.71782156372596,118.95766610520391 -96.65063722327571,32.71782156372596,148.0276661052039 -96.65116755902885,32.71782156372596,148.0276661052039 -96.65116755902885,32.71782156372596,118.95766610520391</coordinates>
                    </LinearRing>
                  </outerBoundaryIs>
                </Polygon>
              </MultiGeometry>
            </Placemark>
          </Folder>
          <Folder>
            <name>E153: uss1_core astm.f3548.v21.uss.getOperationalIntentDetails</name>
            <Folder>
              <name>uss1's P100 Accepted 05ea0da4-dd86-4635-aa5f-2f5c118c4b1f[1] @ bFWAkuazUusTgXS6GaJ17Biq2RxNxJZ36KQF82K0WWo_</name>
              <Placemark>
                <name>Nominal volume 0</name>
                <styleUrl>#F3548v21Accepted</styleUrl>
                <TimeSpan>
                  <begin>2026-10-09T06:24:07.438602+00:00</begin>
                  <end>2026-10-09T07:09:07.413241+00:00</end>
                </TimeSpan>
                <MultiGeometry>
                  <Polygon>
                    <altitudeMode>absolute</altitudeMode>
                    <outerBoundaryIs>
                      <LinearRing>
                        <coordinates>-96.65114649564616,32.71806428112804,118.95769826763826 -96.65063722327571,32.71782156372596,118.95769826763826 -96.6507289958687,32.71826206151871,118.95769826763826 -96.65116755902885,32.718424400484075,118.95769826763826</coordinates>
                      </LinearRing>
                    </outerBoundaryIs>
                  </Polygon>
                  <Polygon>
                    <altitudeMode>absolute</altitudeMode>
                    <outerBoundaryIs>
                      <LinearRing>
                        <coordinates>-96.65114649564616,32.71806428112804,148.02769826763827 -96.65063722327571,32.71782156372596,148.02769826763827 -96.6507289958687,32.71826206151871,148.02769826763827 -96.65116755902885,32.718424400484075,148.02769826763827</coordinates>
                      </LinearRing>
                    </outerBoundaryIs>
                  </Polygon>
                  <Polygon>
                    <altitudeMode>absolute</altitudeMode>
                    <outerBoundaryIs>
                      <LinearRing>
                        <coordinates>-96.65114649564616,32.71806428112804,118.95769826763826 -96.65114649564616,32.71806428112804,148.02769826763827 -96.65063722327571,32.71782156372596,148.02769826763827 -96.65063722327571,32.71782156372596,118.95769826763826</coordinates>
                      </LinearRing>
                    </outerBoundaryIs>
                  </Polygon>
                  <Polygon>
                    <altitudeMode>absolute</altitudeMode>
                    <outerBoundaryIs>
                      <LinearRing>
                        <coordinates>-96.65063722327571,32.71782156372596,118.95769826763826 -96.65063722327571,32.71782156372596,148.02769826763827 -96.6507289958687,32.71826206151871,148.02769826763827 -96.6507289958687,32.71826206151871,118.95769826763826</coordinates>
                      </LinearRing>
                    </outerBoundaryIs>
                  </Polygon>
                  <Polygon>
                    <altitudeMode>absolute</altitudeMode>
                    <outerBoundaryIs>
                      <LinearRing>
                        <coordinates>-96.6507289958687,32.71826206151871,118.95769826763826 -96.6507289958687,32.71826206151871,148.02769826763827 -96.65116755902885,32.718424400484075,148.02769826763827 -96.65116755902885,32.718424400484075,118.95769826763826</coordinates>
                      </LinearRing>
                    </outerBoundaryIs>
                  </Polygon>
                  <Polygon>
                    <altitudeMode>absolute</altitudeMode>
                    <outerBoundaryIs>
                      <LinearRing>
                        <coordinates>-96.65116755902885,32.718424400484075,118.95769826763826 -96.65116755902885,32.718424400484075,148.02769826763827 -96.65114649564616,32.71806428112804,148.02769826763827 -96.65114649564616,32.71806428112804,118.95769826763826</coordinates>
                      </LinearRing>
                    </outerBoundaryIs>
                  </Polygon>
                </MultiGeometry>
              </Placemark>
            </Folder>
          </Folder>
        </Folder>
        <Folder>
          <name>Activate Flight 2</name>
          <Folder>
            <name>E166: uss1_dss astm.f3548.v21.dss.queryOperationalIntentReferences</name>
            <Placemark>
              <name>area_of_interest</name>
              <styleUrl>#QueryArea</styleUrl>
              <description><![CDATA[<ul><li>uss1's Accepted 05ea0da4-dd86-4635-aa5f-2f5c118c4b1f[1]</li><li>uss2's Activated 3e42cc2e-364d-4380-974a-5189792dd700[2]</li></ul>]]></description>
              <TimeSpan>
                <begin>2026-10-09T06:24:06.612512+00:00</begin>
                <end>2026-10-09T07:09:07.612512+00:00</end>
              </TimeSpan>
              <MultiGeometry>
                <Polygon>
                  <altitudeMode>absolute</altitudeMode>
                  <outerBoundaryIs>
                    <LinearRing>
                      <coordinates>-96.65116755902885,32.71782156372596,120.10766610520389 -96.65116755902885,32.718424400484075,120.10766610520389 -96.65063722327571,32.718424400484075,120.10766610520389 -96.65063722327571,32.71782156372596,120.10766610520389</coordinates>
                    </LinearRing>
                  </outerBoundaryIs>
                </Polygon>
                <Polygon>
                  <altitudeMode>absolute</altitudeMode>
                  <outerBoundaryIs>
                    <LinearRing>
                      <coordinates>-96.65116755902885,32.71782156372596,148.0276661052039 -96.65116755902885,32.718424400484075,148.0276661052039 -96.65063722327571,32.718424400484075,148.0276661052039 -96.65063722327571,32.71782156372596,148.0276661052039</coordinates>
                    </LinearRing>
                  </outerBoundaryIs>
                </Polygon>
                <Polygon>
                  <altitudeMode>absolute</altitudeMode>
                  <outerBoundaryIs>
                    <LinearRing>
                      <coordinates>-96.65116755902885,32.71782156372596,120.10766610520389 -96.65116755902885,32.71782156372596,148.0276661052039 -96.65116755902885,32.718424400484075,148.0276661052039 -96.65116755902885,32.718424400484075,120.10766610520389</coordinates>
                    </LinearRing>
                  </outerBoundaryIs>
                </Polygon>
                <Polygon>
                  <altitudeMode>absolute</altitudeMode>
                  <outerBoundaryIs>
                    <LinearRing>
                      <coordinates>-96.65116755902885,32.718424400484075,120.10766610520389 -96.65116755902885,32.718424400484075,148.0276661052039 -96.65063722327571,32.718424400484075,148.0276661052039 -96.65063722327571,32.718424400484075,120.10766610520389</coordinates>
                    </LinearRing>
                  </outerBoundaryIs>
                </Polygon>
                <Polygon>
                  <altitudeMode>absolute</altitudeMode>
                  <outerBoundaryIs>
                    <LinearRing>
                      <coordinates>-96.65063722327571,32.718424400484075,120.10766610520389 -96.65063722327571,32.718424400484075,148.0276661052039 -96.65063722327571,32.71782156372596,148.0276661052039 -96.65063722327571,32.71782156372596,120.10766610520389</coordinates>
                    </LinearRing>
                  </outerBoundaryIs>
                </Polygon>
                <Polygon>
                  <altitudeMode>absolute</altitudeMode>
                  <outerBoundaryIs>
                    <LinearRing>
                      <coordinates>-96.65063722327571,32.71782156372596,120.10766610520389 -96.65063722327571,32.71782156372596,148.0276661052039 -96.65116755902885,32.71782156372596,148.0276661052039 -96.65116755902885,32.71782156372596,120.10766610520389</coordinates>
                    </LinearRing>
                  </outerBoundaryIs>
                </Polygon>
              </MultiGeometry>
            </Placemark>
          </Folder>
          <Folder>
            <name>E168: uss1_core interuss.automated_testing.flight_planning.v1.UpsertFlightPlan</name>
            <Folder>
              <name>Activity Completed, flight OkToFly</name>
              <Placemark>
                <name>Volume 0</name>
                <styleUrl>#InUse_Nominal</styleUrl>
                <TimeSpan>
                  <begin>2026-10-09T06:24:06.612512+00:00</begin>
                  <end>2026-10-09T07:09:07.612512+00:00</end>
                </TimeSpan>
                <MultiGeometry>
                  <Polygon>
                    <altitudeMode>absolute</altitudeMode>
                    <outerBoundaryIs>
                      <LinearRing>
                        <coordinates>-96.65114649564616,32.71806428112804,120.10769826763826 -96.65063722327571,32.71782156372596,120.10769826763826 -96.6507289958687,32.71826206151871,120.10769826763826 -96.65116755902885,32.718424400484075,120.10769826763826</coordinates>
                      </LinearRing>
                    </outerBoundaryIs>
                  </Polygon>
                  <Polygon>
                    <altitudeMode>absolute</altitudeMode>
                    <outerBoundaryIs>
                      <LinearRing>
                        <coordinates>-96.65114649564616,32.71806428112804,148.02769826763827 -96.65063722327571,32.71782156372596,148.02769826763827 -96.6507289958687,32.71826206151871,148.02769826763827 -96.65116755902885,32.718424400484075,148.02769826763827</coordinates>
                      </LinearRing>
                    </outerBoundaryIs>
                  </Polygon>
                  <Polygon>
                    <altitudeMode>absolute</altitudeMode>
                    <outerBoundaryIs>
                      <LinearRing>
                        <coordinates>-96.65114649564616,32.71806428112804,120.10769826763826 -96.65114649564616,32.71806428112804,148.02769826763827 -96.65063722327571,32.71782156372596,148.02769826763827 -96.65063722327571,32.71782156372596,120.10769826763826</coordinates>
                      </LinearRing>
                    </outerBoundaryIs>
                  </Polygon>
                  <Polygon>
                    <altitudeMode>absolute</altitudeMode>
                    <outerBoundaryIs>
                      <LinearRing>
                        <coordinates>-96.65063722327571,32.71782156372596,120.10769826763826 -96.65063722327571,32.71782156372596,148.02769826763827 -96.6507289958687,32.71826206151871,148.02769826763827 -96.6507289958687,32.71826206151871,120.10769826763826</coordinates>
                      </LinearRing>
                    </outerBoundaryIs>
                  </Polygon>
                  <Polygon>
                    <altitudeMode>absolute</altitudeMode>
                    <outerBoundaryIs>
                      <LinearRing>
                        <coordinates>-96.6507289958687,32.71826206151871,120.10769826763826 -96.6507289958687,32.71826206151871,148.02769826763827 -96.65116755902885,32.718424400484075,148.02769826763827 -96.65116755902885,32.718424400484075,120.10769826763826</coordinates>
                      </LinearRing>
                    </outerBoundaryIs>
                  </Polygon>
                  <Polygon>
                    <altitudeMode>absolute</altitudeMode>
                    <outerBoundaryIs>
                      <LinearRing>
                        <coordinates>-96.65116755902885,32.718424400484075,120.10769826763826 -96.65116755902885,32.718424400484075,148.02769826763827 -96.65114649564616,32.71806428112804,148.02769826763827 -96.65114649564616,32.71806428112804,120.10769826763826</coordinates>
                      </LinearRing>
                    </outerBoundaryIs>
                  </Polygon>
                </MultiGeometry>
              </Placemark>
            </Folder>
          </Folder>
          <Folder>
            <name>E172: uss1_dss astm.f3548.v21.dss.queryOperationalIntentReferences</name>
            <Placemark>
              <name>area_of_interest</name>
              <styleUrl>#QueryArea</styleUrl>
              <description><![CDATA[<ul><li>uss1's Activated 05ea0da4-dd86-4635-aa5f-2f5c118c4b1f[2]</li><li>uss2's Activated 3e42cc2e-364d-4380-974a-5189792dd700[2]</li></ul>]]></description>
              <TimeSpan>
                <begin>2026-10-09T06:24:06.612512+00:00</begin>
                <end>2026-10-09T07:09:07.612512+00:00</end>
              </TimeSpan>
              <MultiGeometry>
                <Polygon>
                  <altitudeMode>absolute</altitudeMode>
                  <outerBoundaryIs>
                    <LinearRing>
                      <coordinates>-96.65116755902885,32.71782156372596,120.10766610520389 -96.65116755902885,32.718424400484075,120.10766610520389 -96.65063722327571,32.718424400484075,120.10766610520389 -96.65063722327571,32.71782156372596,120.10766610520389</coordinates>
                    </LinearRing>
                  </outerBoundaryIs>
                </Polygon>
                <Polygon>
                  <altitudeMode>absolute</altitudeMode>
                  <outerBoundaryIs>
                    <LinearRing>
                      <coordinates>-96.65116755902885,32.71782156372596,148.0276661052039 -96.65116755902885,32.718424400484075,148.0276661052039 -96.65063722327571,32.718424400484075,148.0276661052039 -96.65063722327571,32.71782156372596,148.0276661052039</coordinates>
                    </LinearRing>
                  </outerBoundaryIs>
                </Polygon>
                <Polygon>
                  <altitudeMode>absolute</altitudeMode>
                  <outerBoundaryIs>
                    <LinearRing>
                      <coordinates>-96.65116755902885,32.71782156372596,120.10766610520389 -96.65116755902885,32.71782156372596,148.0276661052039 -96.65116755902885,32.718424400484075,148.0276661052039 -96.65116755902885,32.718424400484075,120.10766610520389</coordinates>
                    </LinearRing>
                  </outerBoundaryIs>
                </Polygon>
                <Polygon>
                  <altitudeMode>absolute</altitudeMode>
                  <outerBoundaryIs>
                    <LinearRing>
                      <coordinates>-96.65116755902885,32.718424400484075,120.10766610520389 -96.65116755902885,32.718424400484075,148.0276661052039 -96.65063722327571,32.718424400484075,148.0276661052039 -96.65063722327571,32.718424400484075,120.10766610520389</coordinates>
                    </LinearRing>
                  </outerBoundaryIs>
                </Polygon>
                <Polygon>
                  <altitudeMode>absolute</altitudeMode>
                  <outerBoundaryIs>
                    <LinearRing>
                      <coordinates>-96.65063722327571,32.718424400484075,120.10766610520389 -96.65063722327571,32.718424400484075,148.0276661052039 -96.65063722327571,32.71782156372596,148.0276661052039 -96.65063722327571,32.71782156372596,120.10766610520389</coordinates>
                    </LinearRing>
                  </outerBoundaryIs>
                </Polygon>
                <Polygon>
                  <altitudeMode>absolute</altitudeMode>
                  <outerBoundaryIs>
                    <LinearRing>
                      <coordinates>-96.65063722327571,32.71782156372596,120.10766610520389 -96.65063722327571,32.71782156372596,148.0276661052039 -96.65116755902885,32.71782156372596,148.0276661052039 -96.65116755902885,32.71782156372596,120.10766610520389</coordinates>
                    </LinearRing>
                  </outerBoundaryIs>
                </Polygon>
              </MultiGeometry>
            </Placemark>
          </Folder>
          <Folder>
            <name>E177: uss1_core astm.f3548.v21.uss.getOperationalIntentDetails</name>
            <Folder>
              <name>uss1's P100 Activated 05ea0da4-dd86-4635-aa5f-2f5c118c4b1f[2] @ mUXl.dSfF1ZgzqZkZp0LB4VsOcgXR8t.EhDTojD5ZyM_</name>
              <Placemark>
                <name>Nominal volume 0</name>
                <styleUrl>#F3548v21Activated</styleUrl>
                <TimeSpan>
                  <begin>2026-10-09T06:24:07.641944+00:00</begin>
                  <end>2026-10-09T07:09:07.612512+00:00</end>
                </TimeSpan>
                <MultiGeometry>
                  <Polygon>
                    <altitudeMode>absolute</altitudeMode>
                    <outerBoundaryIs>
                      <LinearRing>
                        <coordinates>-96.65114649564616,32.71806428112804,120.10769826763826 -96.65063722327571,32.71782156372596,120.10769826763826 -96.6507289958687,32.71826206151871,120.10769826763826 -96.65116755902885,32.718424400484075,120.10769826763826</coordinates>
                      </LinearRing>
                    </outerBoundaryIs>
                  </Polygon>
                  <Polygon>
                    <altitudeMode>absolute</altitudeMode>
                    <outerBoundaryIs>
                      <LinearRing>
                        <coordinates>-96.65114649564616,32.71806428112804,148.02769826763827 -96.65063722327571,32.71782156372596,148.02769826763827 -96.6507289958687,32.71826206151871,148.02769826763827 -96.65116755902885,32.718424400484075,148.02769826763827</coordinates>
                      </LinearRing>
                    </outerBoundaryIs>
                  </Polygon>
                  <Polygon>
                    <altitudeMode>absolute</altitudeMode>
                    <outerBoundaryIs>
                      <LinearRing>
                        <coordinates>-96.65114649564616,32.71806428112804,120.10769826763826 -96.65114649564616,32.71806428112804,148.02769826763827 -96.65063722327571,32.71782156372596,148.02769826763827 -96.65063722327571,32.71782156372596,120.10769826763826</coordinates>
                      </LinearRing>
                    </outerBoundaryIs>
                  </Polygon>
                  <Polygon>
                    <altitudeMode>absolute</altitudeMode>
                    <outerBoundaryIs>
                      <LinearRing>
                        <coordinates>-96.65063722327571,32.71782156372596,120.10769826763826 -96.65063722327571,32.71782156372596,148.02769826763827 -96.6507289958687,32.71826206151871,148.02769826763827 -96.6507289958687,32.71826206151871,120.10769826763826</coordinates>
                      </LinearRing>
                    </outerBoundaryIs>
                  </Polygon>
                  <Polygon>
                    <altitudeMode>absolute</altitudeMode>
                    <outerBoundaryIs>
                      <LinearRing>
                        <coordinates>-96.6507289958687,32.71826206151871,120.10769826763826 -96.6507289958687,32.71826206151871,148.02769826763827 -96.65116755902885,32.718424400484075,148.02769826763827 -96.65116755902885,32.718424400484075,120.10769826763826</coordinates>
                      </LinearRing>
                    </outerBoundaryIs>
                  </Polygon>
                  <Polygon>
                    <altitudeMode>absolute</altitudeMode>
                    <outerBoundaryIs>
                      <LinearRing>
                        <coordinates>-96.65116755902885,32.718424400484075,120.10769826763826 -96.65116755902885,32.718424400484075,148.02769826763827 -96.65114649564616,32.71806428112804,148.02769826763827 -96.65114649564616,32.71806428112804,120.10769826763826</coordinates>
                      </LinearRing>
                    </outerBoundaryIs>
                  </Polygon>
                </MultiGeometry>
              </Placemark>
            </Folder>
          </Folder>
        </Folder>
        <Folder>
          <name>Check for conflict notifications</name>
        </Folder>
        <Folder>
          <name>Modify activated Flight 1 in conflict with activated Flight 2</name>
          <Folder>
            <name>E194: uss1_dss astm.f3548.v21.dss.queryOperationalIntentReferences</name>
            <Placemark>
              <name>area_of_interest</name>
              <styleUrl>#QueryArea</styleUrl>
              <description><![CDATA[<ul><li>uss1's Activated 05ea0da4-dd86-4635-aa5f-2f5c118c4b1f[2]</li><li>uss2's Activated 3e42cc2e-364d-4380-974a-5189792dd700[2]</li></ul>]]></description>
              <TimeSpan>
                <begin>2026-10-09T06:24:06.845380+00:00</begin>
                <end>2026-10-09T07:09:07.845380+00:00</end>
              </TimeSpan>
              <MultiGeometry>
                <Polygon>
                  <altitudeMode>absolute</altitudeMode>
                  <outerBoundaryIs>
                    <LinearRing>
                      <coordinates>-96.65102801622521,32.71777251457099,89.97684994850515 -96.65102801622521,32.71840034859007,89.97684994850515 -96.65011177421847,32.71840034859007,89.97684994850515 -96.65011177421847,32.71777251457099,89.97684994850515</coordinates>
                    </LinearRing>
                  </outerBoundaryIs>
                </Polygon>
                <Polygon>
                  <altitudeMode>absolute</altitudeMode>
                  <outerBoundaryIs>
                    <LinearRing>
                      <coordinates>-96.65102801622521,32.71777251457099,150.02684994850514 -96.65102801622521,32.71840034859007,150.02684994850514 -96.65011177421847,32.71840034859007,150.02684994850514 -96.65011177421847,32.71777251457099,150.02684994850514</coordinates>
                    </LinearRing>
                  </outerBoundaryIs>
                </Polygon>
                <Polygon>
                  <altitudeMode>absolute</altitudeMode>
                  <outerBoundaryIs>
                    <LinearRing>
                      <coordinates>-96.65102801622521,32.71777251457099,89.97684994850515 -96.65102801622521,32.71777251457099,150.02684994850514 -96.65102801622521,32.71840034859007,150.02684994850514 -96.65102801622521,32.71840034859007,89.97684994850515</coordinates>
                    </LinearRing>
                  </outerBoundaryIs>
                </Polygon>
                <Polygon>
                  <altitudeMode>absolute</altitudeMode>
                  <outerBoundaryIs>
                    <LinearRing>
                      <coordinates>-96.65102801622521,32.71840034859007,89.97684994850515 -96.65102801622521,32.71840034859007,150.02684994850514 -96.65011177421847,32.71840034859007,150.02684994850514 -96.65011177421847,32.71840034859007,89.97684994850515</coordinates>
                    </LinearRing>
                  </outerBoundaryIs>
                </Polygon>
                <Polygon>
                  <altitudeMode>absolute</altitudeMode>
                  <outerBoundaryIs>
                    <LinearRing>
                      <coordinates>-96.65011177421847,32.71840034859007,89.97684994850515 -96.65011177421847,32.71840034859007,150.02684994850514 -96.65011177421847,32.71777251457099,150.02684994850514 -96.65011177421847,32.71777251457099,89.97684994850515</coordinates>
                    </LinearRing>
                  </outerBoundaryIs>
                </Polygon>
                <Polygon>
                  <altitudeMode>absolute</altitudeMode>
                  <outerBoundaryIs>
                    <LinearRing>
                      <coordinates>-96.65011177421847,32.71777251457099,89.97684994850515 -96.65011177421847,32.71777251457099,150.02684994850514 -96.65102801622521,32.71777251457099,150.02684994850514 -96.65102801622521,32.71777251457099,89.97684994850515</coordinates>
                    </LinearRing>
                  </outerBoundaryIs>
                </Polygon>
              </MultiGeometry>
            </Placemark>
          </Folder>
          <Folder>
            <name>E196: uss2_core interuss.automated_testing.flight_planning.v1.UpsertFlightPlan</name>
            <Folder>
              <name>Activity Completed, flight OkToFly</name>
              <Placemark>
                <name>Volume 0</name>
                <styleUrl>#InUse_Nominal</styleUrl>
                <TimeSpan>
                  <begin>2026-10-09T06:24:06.845380+00:00</begin>
                  <end>2026-10-09T07:09:07.845380+00:00</end>
                </TimeSpan>
                <MultiGeometry>
                  <Polygon>
                    <altitudeMode>absolute</altitudeMode>
                    <outerBoundaryIs>
                      <LinearRing>
                        <coordinates>-96.65057704284462,32.71792124504982,89.97655678245457 -96.65078917635991,32.718162380122266,89.97655678245457 -96.65040703091847,32.71840034859007,89.97655678245457 -96.65011177421847,32.718148769436674,89.97655678245457</coordinates>
                      </LinearRing>
                    </outerBoundaryIs>
                  </Polygon>
                  <Polygon>
                    <altitudeMode>absolute</altitudeMode>
                    <outerBoundaryIs>
                      <LinearRing>
                        <coordinates>-96.65057704284462,32.71792124504982,150.02655678245458 -96.65078917635991,32.718162380122266,150.02655678245458 -96.65040703091847,32.71840034859007,150.02655678245458 -96.65011177421847,32.718148769436674,150.02655678245458</coordinates>
                      </LinearRing>
                    </outerBoundaryIs>
                  </Polygon>
                  <Polygon>
                    <altitudeMode>absolute</altitudeMode>
                    <outerBoundaryIs>
                      <LinearRing>
                        <coordinates>-96.65057704284462,32.71792124504982,89.97655678245457 -96.65057704284462,32.71792124504982,150.02655678245458 -96.65078917635991,32.718162380122266,150.02655678245458 -96.65078917635991,32.718162380122266,89.97655678245457</coordinates>
                      </LinearRing>
                    </outerBoundaryIs>
                  </Polygon>
                  <Polygon>
                    <altitudeMode>absolute</altitudeMode>
                    <outerBoundaryIs>
                      <LinearRing>
                        <coordinates>-96.65078917635991,32.718162380122266,89.97655678245457 -96.65078917635991,32.718162380122266,150.02655678245458 -96.65040703091847,32.71840034859007,150.02655678245458 -96.65040703091847,32.71840034859007,89.97655678245457</coordinates>
                      </LinearRing>
                    </outerBoundaryIs>
                  </Polygon>
                  <Polygon>
                    <altitudeMode>absolute</altitudeMode>
                    <outerBoundaryIs>
                      <LinearRing>
                        <coordinates>-96.65040703091847,32.71840034859007,89.97655678245457 -96.65040703091847,32.71840034859007,150.02655678245458 -96.65011177421847,32.718148769436674,150.02655678245458 -96.65011177421847,32.718148769436674,89.97655678245457</coordinates>
                      </LinearRing>
                    </outerBoundaryIs>
                  </Polygon>
                  <Polygon>
                    <altitudeMode>absolute</altitudeMode>
                    <outerBoundaryIs>
                      <LinearRing>
                        <coordinates>-96.65011177421847,32.718148769436674,89.97655678245457 -96.65011177421847,32.718148769436674,150.02655678245458 -96.65057704284462,32.71792124504982,150.02655678245458 -96.65057704284462,32.71792124504982,89.97655678245457</coordinates>
                      </LinearRing>
                    </outerBoundaryIs>
                  </Polygon>
                </MultiGeometry>
              </Placemark>
            </Folder>
          </Folder>
          <Folder>
            <name>E201: uss1_dss astm.f3548.v21.dss.queryOperationalIntentReferences</name>
            <Placemark>
              <name>area_of_interest</name>
              <styleUrl>#QueryArea</styleUrl>
              <description><![CDATA[<ul><li>uss1's Activated 05ea0da4-dd86-4635-aa5f-2f5c118c4b1f[2]</li><li>uss2's Activated 3e42cc2e-364d-4380-974a-5189792dd700[3]</li></ul>]]></description>
              <TimeSpan>
                <begin>2026-10-09T06:24:06.845380+00:00</begin>
                <end>2026-10-09T07:09:07.845380+00:00</end>
              </TimeSpan>
              <MultiGeometry>
                <Polygon>
                  <altitudeMode>absolute</altitudeMode>
                  <outerBoundaryIs>
                    <LinearRing>
                      <coordinates>-96.65102801622521,32.71777251457099,89.97684994850515 -96.65102801622521,32.71840034859007,89.97684994850515 -96.65011177421847,32.71840034859007,89.97684994850515 -96.65011177421847,32.71777251457099,89.97684994850515</coordinates>
                    </LinearRing>
                  </outerBoundaryIs>
                </Polygon>
                <Polygon>
                  <altitudeMode>absolute</altitudeMode>
                  <outerBoundaryIs>
                    <LinearRing>
                      <coordinates>-96.65102801622521,32.71777251457099,150.02684994850514 -96.65102801622521,32.71840034859007,150.02684994850514 -96.65011177421847,32.71840034859007,150.02684994850514 -96.65011177421847,32.71777251457099,150.02684994850514</coordinates>
                    </LinearRing>
                  </outerBoundaryIs>
                </Polygon>
                <Polygon>
                  <altitudeMode>absolute</altitudeMode>
                  <outerBoundaryIs>
                    <LinearRing>
                      <coordinates>-96.65102801622521,32.71777251457099,89.97684994850515 -96.65102801622521,32.71777251457099,150.02684994850514 -96.65102801622521,32.71840034859007,150.02684994850514 -96.65102801622521,32.71840034859007,89.97684994850515</coordinates>
                    </LinearRing>
                  </outerBoundaryIs>
                </Polygon>
                <Polygon>
                  <altitudeMode>absolute</altitudeMode>
                  <outerBoundaryIs>
                    <LinearRing>
                      <coordinates>-96.65102801622521,32.71840034859007,89.97684994850515 -96.65102801622521,32.71840034859007,150.02684994850514 -96.65011177421847,32.71840034859007,150.02684994850514 -96.65011177421847,32.71840034859007,89.97684994850515</coordinates>
                    </LinearRing>
                  </outerBoundaryIs>
                </Polygon>
                <Polygon>
                  <altitudeMode>absolute</altitudeMode>
                  <outerBoundaryIs>
                    <LinearRing>
                      <coordinates>-96.65011177421847,32.71840034859007,89.97684994850515 -96.65011177421847,32.71840034859007,150.02684994850514 -96.65011177421847,32.71777251457099,150.02684994850514 -96.65011177421847,32.71777251457099,89.97684994850515</coordinates>
                    </LinearRing>
                  </outerBoundaryIs>
                </Polygon>
                <Polygon>
                  <altitudeMode>absolute</altitudeMode>
                  <outerBoundaryIs>
                    <LinearRing>
                      <coordinates>-96.65011177421847,32.71777251457099,89.97684994850515 -96.65011177421847,32.71777251457099,150.02684994850514 -96.65102801622521,32.71777251457099,150.02684994850514 -96.65102801622521,32.71777251457099,89.97684994850515</coordinates>
                    </LinearRing>
                  </outerBoundaryIs>
                </Polygon>
              </MultiGeometry>
            </Placemark>
          </Folder>
          <Folder>
            <name>E206: uss2_core astm.f3548.v21.uss.getOperationalIntentDetails</name>
            <Folder>
              <name>uss2's P0 Activated 3e42cc2e-364d-4380-974a-5189792dd700[3] @ 4IptioUKTefHog-NbscRJX4mv0FFiXvvfsMnoe7wf4A_</name>
              <Placemark>
                <name>Nominal volume 0</name>
                <styleUrl>#F3548v21Activated</styleUrl>
                <TimeSpan>
                  <begin>2026-10-09T06:24:07.893739+00:00</begin>
                  <end>2026-10-09T07:09:07.845380+00:00</end>
                </TimeSpan>
                <MultiGeometry>
                  <Polygon>
                    <altitudeMode>absolute</altitudeMode>
                    <outerBoundaryIs>
                      <LinearRing>
                        <coordinates>-96.65057704284462,32.71792124504982,89.97655678245457 -96.65078917635991,32.718162380122266,89.97655678245457 -96.65040703091847,32.71840034859007,89.97655678245457 -96.65011177421847,32.718148769436674,89.97655678245457</coordinates>
                      </LinearRing>
                    </outerBoundaryIs>
                  </Polygon>
                  <Polygon>
                    <altitudeMode>absolute</altitudeMode>
                    <outerBoundaryIs>
                      <LinearRing>
                        <coordinates>-96.65057704284462,32.71792124504982,150.02655678245458 -96.65078917635991,32.718162380122266,150.02655678245458 -96.65040703091847,32.71840034859007,150.02655678245458 -96.65011177421847,32.718148769436674,150.02655678245458</coordinates>
                      </LinearRing>
                    </outerBoundaryIs>
                  </Polygon>
                  <Polygon>
                    <altitudeMode>absolute</altitudeMode>
                    <outerBoundaryIs>
                      <LinearRing>
                        <coordinates>-96.65057704284462,32.71792124504982,89.97655678245457 -96.65057704284462,32.71792124504982,150.02655678245458 -96.65078917635991,32.718162380122266,150.02655678245458 -96.65078917635991,32.718162380122266,89.97655678245457</coordinates>
                      </LinearRing>
                    </outerBoundaryIs>
                  </Polygon>
                  <Polygon>
                    <altitudeMode>absolute</altitudeMode>
                    <outerBoundaryIs>
                      <LinearRing>
                        <coordinates>-96.65078917635991,32.718162380122266,89.97655678245457 -96.65078917635991,32.718162380122266,150.02655678245458 -96.65040703091847,32.71840034859007,150.02655678245458 -96.65040703091847,32.71840034859007,89.97655678245457</coordinates>
                      </LinearRing>
                    </outerBoundaryIs>
                  </Polygon>
                  <Polygon>
                    <altitudeMode>absolute</altitudeMode>
                    <outerBoundaryIs>
                      <LinearRing>
                        <coordinates>-96.65040703091847,32.71840034859007,89.97655678245457 -96.65040703091847,32.71840034859007,150.02655678245458 -96.65011177421847,32.718148769436674,150.02655678245458 -96.65011177421847,32.718148769436674,89.97655678245457</coordinates>
                      </LinearRing>
                    </outerBoundaryIs>
                  </Polygon>
                  <Polygon>
                    <altitudeMode>absolute</altitudeMode>
                    <outerBoundaryIs>
                      <LinearRing>
                        <coordinates>-96.65011177421847,32.718148769436674,89.97655678245457 -96.65011177421847,32.718148769436674,150.02655678245458 -96.65057704284462,32.71792124504982,150.02655678245458 -96.65057704284462,32.71792124504982,89.97655678245457</coordinates>
                      </LinearRing>
                    </outerBoundaryIs>
                  </Polygon>
                </MultiGeometry>
              </Placemark>
            </Folder>
          </Folder>
        </Folder>
      </Folder>
      <Folder>
        <name>Attempt to modify activated flight into conflict</name>
        <Folder>
          <name>Modify activated Flight 2 to not conflict with activated Flight 1</name>
          <Folder>
            <name>E215: uss1_dss astm.f3548.v21.dss.queryOperationalIntentReferences</name>
            <Placemark>
              <name>area_of_interest</name>
              <styleUrl>#QueryArea</styleUrl>
              <description><![CDATA[<ul><li>uss1's Activated 05ea0da4-dd86-4635-aa5f-2f5c118c4b1f[2]</li><li>uss2's Activated 3e42cc2e-364d-4380-974a-5189792dd700[3]</li></ul>]]></description>
              <TimeSpan>
                <begin>2026-10-09T06:24:07.076098+00:00</begin>
                <end>2026-10-09T07:09:08.076098+00:00</end>
              </TimeSpan>
              <MultiGeometry>
                <Polygon>
                  <altitudeMode>absolute</altitudeMode>
                  <outerBoundaryIs>
                    <LinearRing>
                      <coordinates>-96.65116755902885,32.71806428112804,116.93746567554447 -96.65116755902885,32.718424400484075,116.93746567554447 -96.65053792310903,32.718424400484075,116.93746567554447 -96.65053792310903,32.71806428112804,116.93746567554447</coordinates>
                    </LinearRing>
                  </outerBoundaryIs>
                </Polygon>
                <Polygon>
                  <altitudeMode>absolute</altitudeMode>
                  <outerBoundaryIs>
                    <LinearRing>
                      <coordinates>-96.65116755902885,32.71806428112804,170.02746567554448 -96.65116755902885,32.718424400484075,170.02746567554448 -96.65053792310903,32.718424400484075,170.02746567554448 -96.65053792310903,32.71806428112804,170.02746567554448</coordinates>
                    </LinearRing>
                  </outerBoundaryIs>
                </Polygon>
                <Polygon>
                  <altitudeMode>absolute</altitudeMode>
                  <outerBoundaryIs>
                    <LinearRing>
                      <coordinates>-96.65116755902885,32.71806428112804,116.93746567554447 -96.65116755902885,32.71806428112804,170.02746567554448 -96.65116755902885,32.718424400484075,170.02746567554448 -96.65116755902885,32.718424400484075,116.93746567554447</coordinates>
                    </LinearRing>
                  </outerBoundaryIs>
                </Polygon>
                <Polygon>
                  <altitudeMode>absolute</altitudeMode>
                  <outerBoundaryIs>
                    <LinearRing>
                      <coordinates>-96.65116755902885,32.718424400484075,116.93746567554447 -96.65116755902885,32.718424400484075,170.02746567554448 -96.65053792310903,32.718424400484075,170.02746567554448 -96.65053792310903,32.718424400484075,116.93746567554447</coordinates>
                    </LinearRing>
                  </outerBoundaryIs>
                </Polygon>
                <Polygon>
                  <altitudeMode>absolute</altitudeMode>
                  <outerBoundaryIs>
                    <LinearRing>
                      <coordinates>-96.65053792310903,32.718424400484075,116.93746567554447 -96.65053792310903,32.718424400484075,170.02746567554448 -96.65053792310903,32.71806428112804,170.02746567554448 -96.65053792310903,32.71806428112804,116.93746567554447</coordinates>
                    </LinearRing>
                  </outerBoundaryIs>
                </Polygon>
                <Polygon>
                  <altitudeMode>absolute</altitudeMode>
                  <outerBoundaryIs>
                    <LinearRing>
                      <coordinates>-96.65053792310903,32.71806428112804,116.93746567554447 -96.65053792310903,32.71806428112804,170.02746567554448 -96.65116755902885,32.71806428112804,170.02746567554448 -96.65116755902885,32.71806428112804,116.93746567554447</coordinates>
                    </LinearRing>
                  </outerBoundaryIs>
                </Polygon>
              </MultiGeometry>
            </Placemark>
          </Folder>
          <Folder>
            <name>E217: uss1_core interuss.automated_testing.flight_planning.v1.UpsertFlightPlan</name>
            <Folder>
              <name>Activity Completed, flight OkToFly</name>
              <Placemark>
                <name>Volume 0</name>
                <styleUrl>#InUse_Nominal</styleUrl>
                <TimeSpan>
                  <begin>2026-10-09T06:24:07.076098+00:00</begin>
                  <end>2026-10-09T07:09:08.076098+00:00</end>
                </TimeSpan>
                <MultiGeometry>
                  <Polygon>
                    <altitudeMode>absolute</altitudeMode>
                    <outerBoundaryIs>
                      <LinearRing>
                        <coordinates>-96.65114649564616,32.71806428112804,116.93768451287158 -96.65053792310903,32.718381045806225,116.93768451287158 -96.65116755902885,32.718424400484075,116.93768451287158</coordinates>
                      </LinearRing>
                    </outerBoundaryIs>
                  </Polygon>
                  <Polygon>
                    <altitudeMode>absolute</altitudeMode>
                    <outerBoundaryIs>
                      <LinearRing>
                        <coordinates>-96.65114649564616,32.71806428112804,170.0276845128716 -96.65053792310903,32.718381045806225,170.0276845128716 -96.65116755902885,32.718424400484075,170.0276845128716</coordinates>
                      </LinearRing>
                    </outerBoundaryIs>
                  </Polygon>
                  <Polygon>
                    <altitudeMode>absolute</altitudeMode>
                    <outerBoundaryIs>
                      <LinearRing>
                        <coordinates>-96.65114649564616,32.71806428112804,116.93768451287158 -96.65114649564616,32.71806428112804,170.0276845128716 -96.65053792310903,32.718381045806225,170.0276845128716 -96.65053792310903,32.718381045806225,116.93768451287158</coordinates>
                      </LinearRing>
                    </outerBoundaryIs>
                  </Polygon>
                  <Polygon>
                    <altitudeMode>absolute</altitudeMode>
                    <outerBoundaryIs>
                      <LinearRing>
                        <coordinates>-96.65053792310903,32.718381045806225,116.93768451287158 -96.65053792310903,32.718381045806225,170.0276845128716 -96.65116755902885,32.718424400484075,170.0276845128716 -96.65116755902885,32.718424400484075,116.93768451287158</coordinates>
                      </LinearRing>
                    </outerBoundaryIs>
                  </Polygon>
                  <Polygon>
                    <altitudeMode>absolute</altitudeMode>
                    <outerBoundaryIs>
                      <LinearRing>
                        <coordinates>-96.65116755902885,32.718424400484075,116.93768451287158 -96.65116755902885,32.718424400484075,170.0276845128716 -96.65114649564616,32.71806428112804,170.0276845128716 -96.65114649564616,32.71806428112804,116.93768451287158</coordinates>
                      </LinearRing>
                    </outerBoundaryIs>
                  </Polygon>
                </MultiGeometry>
              </Placemark>
            </Folder>
          </Folder>
          <Folder>
            <name>E221: uss1_dss astm.f3548.v21.dss.queryOperationalIntentReferences</name>
            <Placemark>
              <name>area_of_interest</name>
              <styleUrl>#QueryArea</styleUrl>
              <description><![CDATA[<ul><li>uss1's Activated 05ea0da4-dd86-4635-aa5f-2f5c118c4b1f[3]</li><li>uss2's Activated 3e42cc2e-364d-4380-974a-5189792dd700[3]</li></ul>]]></description>
              <TimeSpan>
                <begin>2026-10-09T06:24:07.076098+00:00</begin>
                <end>2026-10-09T07:09:08.076098+00:00</end>
              </TimeSpan>
              <MultiGeometry>
                <Polygon>
                  <altitudeMode>absolute</altitudeMode>
                  <outerBoundaryIs>
                    <LinearRing>
                      <coordinates>-96.65116755902885,32.71806428112804,116.93746567554447 -96.65116755902885,32.718424400484075,116.93746567554447 -96.65053792310903,32.718424400484075,116.93746567554447 -96.65053792310903,32.71806428112804,116.93746567554447</coordinates>
                    </LinearRing>
                  </outerBoundaryIs>
                </Polygon>
                <Polygon>
                  <altitudeMode>absolute</altitudeMode>
                  <outerBoundaryIs>
                    <LinearRing>
                      <coordinates>-96.65116755902885,32.71806428112804,170.02746567554448 -96.65116755902885,32.718424400484075,170.02746567554448 -96.65053792310903,32.718424400484075,170.02746567554448 -96.65053792310903,32.71806428112804,170.02746567554448</coordinates>
                    </LinearRing>
                  </outerBoundaryIs>
                </Polygon>
                <Polygon>
                  <altitudeMode>absolute</altitudeMode>
                  <outerBoundaryIs>
                    <LinearRing>
                      <coordinates>-96.65116755902885,32.71806428112804,116.93746567554447 -96.65116755902885,32.71806428112804,170.02746567554448 -96.65116755902885,32.718424400484075,170.02746567554448 -96.65116755902885,32.718424400484075,116.93746567554447</coordinates>
                    </LinearRing>
                  </outerBoundaryIs>
                </Polygon>
                <Polygon>
                  <altitudeMode>absolute</altitudeMode>
                  <outerBoundaryIs>
                    <LinearRing>
                      <coordinates>-96.65116755902885,32.718424400484075,116.93746567554447 -96.65116755902885,32.718424400484075,170.02746567554448 -96.65053792310903,32.718424400484075,170.02746567554448 -96.65053792310903,32.718424400484075,116.93746567554447</coordinates>
                    </LinearRing>
                  </outerBoundaryIs>
                </Polygon>
                <Polygon>
                  <altitudeMode>absolute</altitudeMode>
                  <outerBoundaryIs>
                    <LinearRing>
                      <coordinates>-96.65053792310903,32.718424400484075,116.93746567554447 -96.65053792310903,32.718424400484075,170.02746567554448 -96.65053792310903,32.71806428112804,170.02746567554448 -96.65053792310903,32.71806428112804,116.93746567554447</coordinates>
                    </LinearRing>
                  </outerBoundaryIs>
                </Polygon>
                <Polygon>
                  <altitudeMode>absolute</altitudeMode>
                  <outerBoundaryIs>
                    <LinearRing>
                      <coordinates>-96.65053792310903,32.71806428112804,116.93746567554447 -96.65053792310903,32.71806428112804,170.02746567554448 -96.65116755902885,32.71806428112804,170.02746567554448 -96.65116755902885,32.71806428112804,116.93746567554447</coordinates>
                    </LinearRing>
                  </outerBoundaryIs>
                </Polygon>
              </MultiGeometry>
            </Placemark>
          </Folder>
          <Folder>
            <name>E226: uss1_core astm.f3548.v21.uss.getOperationalIntentDetails</name>
            <Folder>
              <name>uss1's P100 Activated 05ea0da4-dd86-4635-aa5f-2f5c118c4b1f[3] @ 7y38R-dX2LvIP439b03e7ftuhLEr14hyCnpYayZKfD0_</name>
              <Placemark>
                <name>Nominal volume 0</name>
                <styleUrl>#F3548v21Activated</styleUrl>
                <TimeSpan>
                  <begin>2026-10-09T06:24:08.110715+00:00</begin>
                  <end>2026-10-09T07:09:08.076098+00:00</end>
                </TimeSpan>
                <MultiGeometry>
                  <Polygon>
                    <altitudeMode>absolute</altitudeMode>
                    <outerBoundaryIs>
                      <LinearRing>
                        <coordinates>-96.65114649564616,32.71806428112804,116.93768451287158 -96.65053792310903,32.718381045806225,116.93768451287158 -96.65116755902885,32.718424400484075,116.93768451287158</coordinates>
                      </LinearRing>
                    </outerBoundaryIs>
                  </Polygon>
                  <Polygon>
                    <altitudeMode>absolute</altitudeMode>
                    <outerBoundaryIs>
                      <LinearRing>
                        <coordinates>-96.65114649564616,32.71806428112804,170.0276845128716 -96.65053792310903,32.718381045806225,170.0276845128716 -96.65116755902885,32.718424400484075,170.0276845128716</coordinates>
                      </LinearRing>
                    </outerBoundaryIs>
                  </Polygon>
                  <Polygon>
                    <altitudeMode>absolute</altitudeMode>
                    <outerBoundaryIs>
                      <LinearRing>
                        <coordinates>-96.65114649564616,32.71806428112804,116.93768451287158 -96.65114649564616,32.71806428112804,170.0276845128716 -96.65053792310903,32.718381045806225,170.0276845128716 -96.65053792310903,32.718381045806225,116.93768451287158</coordinates>
                      </LinearRing>
                    </outerBoundaryIs>
                  </Polygon>
                  <Polygon>
                    <altitudeMode>absolute</altitudeMode>
                    <outerBoundaryIs>
                      <LinearRing>
                        <coordinates>-96.65053792310903,32.718381045806225,116.93768451287158 -96.65053792310903,32.718381045806225,170.0276845128716 -96.65116755902885,32.718424400484075,170.0276845128716 -96.65116755902885,32.718424400484075,116.93768451287158</coordinates>
                      </LinearRing>
                    </outerBoundaryIs>
                  </Polygon>
                  <Polygon>
                    <altitudeMode>absolute</altitudeMode>
                    <outerBoundaryIs>
                      <LinearRing>
                        <coordinates>-96.65116755902885,32.718424400484075,116.93768451287158 -96.65116755902885,32.718424400484075,170.0276845128716 -96.65114649564616,32.71806428112804,170.0276845128716 -96.65114649564616,32.71806428112804,116.93768451287158</coordinates>
                      </LinearRing>
                    </outerBoundaryIs>
                  </Polygon>
                </MultiGeometry>
              </Placemark>
            </Folder>
          </Folder>
        </Folder>
        <Folder>
          <name>Attempt to modify activated Flight 1 into conflict</name>
          <Folder>
            <name>E235: uss1_dss astm.f3548.v21.dss.queryOperationalIntentReferences</name>
            <Placemark>
              <name>area_of_interest</name>
              <styleUrl>#QueryArea</styleUrl>
              <description><![CDATA[<ul><li>uss1's Activated 05ea0da4-dd86-4635-aa5f-2f5c118c4b1f[3]</li><li>uss2's Activated 3e42cc2e-364d-4380-974a-5189792dd700[3]</li></ul>]]></description>
              <TimeSpan>
                <begin>2026-10-09T06:24:07.316609+00:00</begin>
                <end>2026-10-09T07:09:08.316609+00:00</end>
              </TimeSpan>
              <MultiGeometry>
                <Polygon>
                  <altitudeMode>absolute</altitudeMode>
                  <outerBoundaryIs>
                    <LinearRing>
                      <coordinates>-96.65088095005414,32.71792124504982,89.97655578789053 -96.65088095005414,32.71860287780432,89.97655578789053 -96.65011177421847,32.71860287780432,89.97655578789053 -96.65011177421847,32.71792124504982,89.97655578789053</coordinates>
                    </LinearRing>
                  </outerBoundaryIs>
                </Polygon>
                <Polygon>
                  <altitudeMode>absolute</altitudeMode>
                  <outerBoundaryIs>
                    <LinearRing>
                      <coordinates>-96.65088095005414,32.71792124504982,155.02655578789052 -96.65088095005414,32.71860287780432,155.02655578789052 -96.65011177421847,32.71860287780432,155.02655578789052 -96.65011177421847,32.71792124504982,155.02655578789052</coordinates>
                    </LinearRing>
                  </outerBoundaryIs>
                </Polygon>
                <Polygon>
                  <altitudeMode>absolute</altitudeMode>
                  <outerBoundaryIs>
                    <LinearRing>
                      <coordinates>-96.65088095005414,32.71792124504982,89.97655578789053 -96.65088095005414,32.71792124504982,155.02655578789052 -96.65088095005414,32.71860287780432,155.02655578789052 -96.65088095005414,32.71860287780432,89.97655578789053</coordinates>
                    </LinearRing>
                  </outerBoundaryIs>
                </Polygon>
                <Polygon>
                  <altitudeMode>absolute</altitudeMode>
                  <outerBoundaryIs>
                    <LinearRing>
                      <coordinates>-96.65088095005414,32.71860287780432,89.97655578789053 -96.65088095005414,32.71860287780432,155.02655578789052 -96.65011177421847,32.71860287780432,155.02655578789052 -96.65011177421847,32.71860287780432,89.97655578789053</coordinates>
                    </LinearRing>
                  </outerBoundaryIs>
                </Polygon>
                <Polygon>
                  <altitudeMode>absolute</altitudeMode>
                  <outerBoundaryIs>
                    <LinearRing>
                      <coordinates>-96.65011177421847,32.71860287780432,89.97655578789053 -96.65011177421847,32.71860287780432,155.02655578789052 -96.65011177421847,32.71792124504982,155.02655578789052 -96.65011177421847,32.71792124504982,89.97655578789053</coordinates>
                    </LinearRing>
                  </outerBoundaryIs>
                </Polygon>
                <Polygon>
                  <altitudeMode>absolute</altitudeMode>
                  <outerBoundaryIs>
                    <LinearRing>
                      <coordinates>-96.65011177421847,32.71792124504982,89.97655578789053 -96.65011177421847,32.71792124504982,155.02655578789052 -96.65088095005414,32.71792124504982,155.02655578789052 -96.65088095005414,32.71792124504982,89.97655578789053</coordinates>
                    </LinearRing>
                  </outerBoundaryIs>
                </Polygon>
              </MultiGeometry>
            </Placemark>
          </Folder>
          <Folder>
            <name>E237: uss2_core interuss.automated_testing.flight_planning.v1.UpsertFlightPlan</name>
            <Folder>
              <name>Activity Rejected, flight OkToFly</name>
              <Placemark>
                <name>Volume 0</name>
                <styleUrl>#InUse_Nominal</styleUrl>
                <TimeSpan>
                  <begin>2026-10-09T06:24:07.316609+00:00</begin>
                  <end>2026-10-09T07:09:08.316609+00:00</end>
                </TimeSpan>
                <MultiGeometry>
                  <Polygon>
                    <altitudeMode>absolute</altitudeMode>
                    <outerBoundaryIs>
                      <LinearRing>
                        <coordinates>-96.65038597061242,32.71804022910691,120.08640759622216 -96.65088095005413,32.71860287780432,120.08640759622216 -96.65040703091847,32.71840034859007,120.08640759622216 -96.65011177421847,32.718148769436674,120.08640759622216</coordinates>
                      </LinearRing>
                    </outerBoundaryIs>
                  </Polygon>
                  <Polygon>
                    <altitudeMode>absolute</altitudeMode>
                    <outerBoundaryIs>
                      <LinearRing>
                        <coordinates>-96.65038597061242,32.71804022910691,155.02640759622216 -96.65088095005413,32.71860287780432,155.02640759622216 -96.65040703091847,32.71840034859007,155.02640759622216 -96.65011177421847,32.718148769436674,155.02640759622216</coordinates>
                      </LinearRing>
                    </outerBoundaryIs>
                  </Polygon>
                  <Polygon>
                    <altitudeMode>absolute</altitudeMode>
                    <outerBoundaryIs>
                      <LinearRing>
                        <coordinates>-96.65038597061242,32.71804022910691,120.08640759622216 -96.65038597061242,32.71804022910691,155.02640759622216 -96.65088095005413,32.71860287780432,155.02640759622216 -96.65088095005413,32.71860287780432,120.08640759622216</coordinates>
                      </LinearRing>
                    </outerBoundaryIs>
                  </Polygon>
                  <Polygon>
                    <altitudeMode>absolute</altitudeMode>
                    <outerBoundaryIs>
                      <LinearRing>
                        <coordinates>-96.65088095005413,32.71860287780432,120.08640759622216 -96.65088095005413,32.71860287780432,155.02640759622216 -96.65040703091847,32.71840034859007,155.02640759622216 -96.65040703091847,32.71840034859007,120.08640759622216</coordinates>
                      </LinearRing>
                    </outerBoundaryIs>
                  </Polygon>
                  <Polygon>
                    <altitudeMode>absolute</altitudeMode>
                    <outerBoundaryIs>
                      <LinearRing>
                        <coordinates>-96.65040703091847,32.71840034859007,120.08640759622216 -96.65040703091847,32.71840034859007,155.02640759622216 -96.65011177421847,32.718148769436674,155.02640759622216 -96.65011177421847,32.718148769436674,120.08640759622216</coordinates>
                      </LinearRing>
                    </outerBoundaryIs>
                  </Polygon>
                  <Polygon>
                    <altitudeMode>absolute</altitudeMode>
                    <outerBoundaryIs>
                      <LinearRing>
                        <coordinates>-96.65011177421847,32.718148769436674,120.08640759622216 -96.65011177421847,32.718148769436674,155.02640759622216 -96.65038597061242,32.71804022910691,155.02640759622216 -96.65038597061242,32.71804022910691,120.08640759622216</coordinates>
                      </LinearRing>
                    </outerBoundaryIs>
                  </Polygon>
                </MultiGeometry>
              </Placemark>
            </Folder>
          </Folder>
          <Folder>
            <name>E240: uss1_dss astm.f3548.v21.dss.queryOperationalIntentReferences</name>
            <Placemark>
              <name>area_of_interest</name>
              <styleUrl>#QueryArea</styleUrl>
              <description><![CDATA[<ul><li>uss1's Activated 05ea0da4-dd86-4635-aa5f-2f5c118c4b1f[3]</li><li>uss2's Activated 3e42cc2e-364d-4380-974a-5189792dd700[3]</li></ul>]]></description>
              <TimeSpan>
                <begin>2026-10-09T06:24:07.316609+00:00</begin>
                <end>2026-10-09T07:09:08.316609+00:00</end>
              </TimeSpan>
              <MultiGeometry>
                <Polygon>
                  <altitudeMode>absolute</altitudeMode>
                  <outerBoundaryIs>
                    <LinearRing>
                      <coordinates>-96.65088095005414,32.71792124504982,89.97655578789053 -96.65088095005414,32.71860287780432,89.97655578789053 -96.65011177421847,32.71860287780432,89.97655578789053 -96.65011177421847,32.71792124504982,89.97655578789053</coordinates>
                    </LinearRing>
                  </outerBoundaryIs>
                </Polygon>
                <Polygon>
                  <altitudeMode>absolute</altitudeMode>
                  <outerBoundaryIs>
                    <LinearRing>
                      <coordinates>-96.65088095005414,32.71792124504982,155.02655578789052 -96.65088095005414,32.71860287780432,155.02655578789052 -96.65011177421847,32.71860287780432,155.02655578789052 -96.65011177421847,32.71792124504982,155.02655578789052</coordinates>
                    </LinearRing>
                  </outerBoundaryIs>
                </Polygon>
                <Polygon>
                  <altitudeMode>absolute</altitudeMode>
                  <outerBoundaryIs>
                    <LinearRing>
                      <coordinates>-96.65088095005414,32.71792124504982,89.97655578789053 -96.65088095005414,32.71792124504982,155.02655578789052 -96.65088095005414,32.71860287780432,155.02655578789052 -96.65088095005414,32.71860287780432,89.97655578789053</coordinates>
                    </LinearRing>
                  </outerBoundaryIs>
                </Polygon>
                <Polygon>
                  <altitudeMode>absolute</altitudeMode>
                  <outerBoundaryIs>
                    <LinearRing>
                      <coordinates>-96.65088095005414,32.71860287780432,89.97655578789053 -96.65088095005414,32.71860287780432,155.02655578789052 -96.65011177421847,32.71860287780432,155.02655578789052 -96.65011177421847,32.71860287780432,89.97655578789053</coordinates>
                    </LinearRing>
                  </outerBoundaryIs>
                </Polygon>
                <Polygon>
                  <altitudeMode>absolute</altitudeMode>
                  <outerBoundaryIs>
                    <LinearRing>
                      <coordinates>-96.65011177421847,32.71860287780432,89.97655578789053 -96.65011177421847,32.71860287780432,155.02655578789052 -96.65011177421847,32.71792124504982,155.02655578789052 -96.65011177421847,32.71792124504982,89.97655578789053</coordinates>
                    </LinearRing>
                  </outerBoundaryIs>
                </Polygon>
                <Polygon>
                  <altitudeMode>absolute</altitudeMode>
                  <outerBoundaryIs>
                    <LinearRing>
                      <coordinates>-96.65011177421847,32.71792124504982,89.97655578789053 -96.65011177421847,32.71792124504982,155.02655578789052 -96.65088095005414,32.71792124504982,155.02655578789052 -96.65088095005414,32.71792124504982,89.97655578789053</coordinates>
                    </LinearRing>
                  </outerBoundaryIs>
                </Polygon>
              </MultiGeometry>
            </Placemark>
          </Folder>
        </Folder>
      </Folder>
      <Folder>
        <name/>
        <Folder>
          <name>Cleanup</name>
        </Folder>
      </Folder>
    </Folder>
  </Document>
</kml>
