<kml xmlns="http://www.opengis.net/kml/2.2" xmlns:atom="http://www.w3.org/2005/Atom" xmlns:gx="http://www.google.com/kml/ext/2.2">
  <Document>
    <Style id="QueryArea">
      <LineStyle>
        <color>ffc0c000</color>
        <width>3</width>
      </LineStyle>
      <PolyStyle>
        <color>80ffffaa</color>
      </PolyStyle>
    </Style>
    <Style id="F3548v21Accepted">
      <LineStyle>
        <color>ff00c000</color>
        <width>3</width>
      </LineStyle>
      <PolyStyle>
        <color>80c0c0c0</color>
      </PolyStyle>
    </Style>
    <Style id="F3548v21Activated">
      <LineStyle>
        <color>ff00c000</color>
        <width>3</width>
      </LineStyle>
      <PolyStyle>
        <color>8000ff00</color>
      </PolyStyle>
    </Style>
    <Style id="F3548v21Nonconforming">
      <LineStyle>
        <color>ff00ffff</color>
        <width>5</width>
      </LineStyle>
      <PolyStyle>
        <color>8000ffff</color>
      </PolyStyle>
    </Style>
    <Style id="F3548v21Contingent">
      <LineStyle>
        <color>ff0000ff</color>
        <width>5</width>
      </LineStyle>
      <PolyStyle>
        <color>80ff0000ff</color>
      </PolyStyle>
    </Style>
    <Style id="F3548v21AcceptedFuture">
      <LineStyle>
        <color>80c0c0c0</color>
        <width>1</width>
      </LineStyle>
      <PolyStyle>
        <color>00000000</color>
      </PolyStyle>
    </Style>
    <Style id="F3548v21ActivatedFuture">
      <LineStyle>
        <color>8040c040</color>
        <width>1</width>
      </LineStyle>
      <PolyStyle>
        <color>00000000</color>
      </PolyStyle>
    </Style>
    <Style id="F3548v21NonconformingFuture">
      <LineStyle>
        <color>8000ffff</color>
        <width>1</width>
      </LineStyle>
      <PolyStyle>
        <color>00000000</color>
      </PolyStyle>
    </Style>
    <Style id="F3548v21ContingentFuture">
      <LineStyle>
        <color>80ff0000ff</color>
        <width>1</width>
      </LineStyle>
      <PolyStyle>
        <color>00000000</color>
      </PolyStyle>
    </Style>
    <Style id="Planned_Nominal">
      <LineStyle>
        <color>ff00c000</color>
        <width>3</width>
      </LineStyle>
      <PolyStyle>
        <color>80808080</color>
      </PolyStyle>
    </Style>
    <Style id="InUse_Nominal">
      <LineStyle>
        <color>ff00c000</color>
        <width>3</width>
      </LineStyle>
      <PolyStyle>
        <color>8000ff00</color>
      </PolyStyle>
    </Style>
    <Style id="InUse_OffNominal">
      <LineStyle>
        <color>ff00ffff</color>
        <width>5</width>
      </LineStyle>
      <PolyStyle>
        <color>8000ff00</color>
      </PolyStyle>
    </Style>
    <Style id="InUse_Contingent">
      <LineStyle>
        <color>ff0000ff</color>
        <width>5</width>
      </LineStyle>
      <PolyStyle>
        <color>8000ff00</color>
      </PolyStyle>
    </Style>
    <Style id="unmodifiedtelemetry">
      <IconStyle>
        <scale>1.4</scale>
        <Icon>
          <href>http://maps.google.com/mapfiles/kml/shapes/placemark_circle.png</href>
        </Icon>
      </IconStyle>
    </Style>
    <Style id="modifiedtelemetry">
      <IconStyle>
        <scale>1.4</scale>
        <Icon>
          <href>http://maps.google.com/mapfiles/kml/shapes/placemark_square.png</href>
        </Icon>
      </IconStyle>
    </Style>
    <Style id="aircraft">
      <IconStyle>
        <scale>1.4</scale>
        <Icon>
          <href>http://maps.google.com/mapfiles/kml/shapes/airports.png</href>
        </Icon>
      </IconStyle>
    </Style>
    <Folder>
      <name>Nominal planning: conflict with higher priority</name>
      <Folder>
        <name>Prerequisites check</name>
        <Folder>
          <name>Verify area is clear</name>
          <Folder>
            <name>E3: uss1_dss astm.f3548.v21.dss.queryOperationalIntentReferences</name>
            <Placemark>
              <name>area_of_interest</name>
              <styleUrl>#QueryArea</styleUrl>
              <description><![CDATA[(no operational intent references found)]]></description>
              <TimeSpan>
                <begin>2026-10-02T15:03:33.820739+00:00</begin>
                <end>2026-10-02T16:33:34.820739+00:00</end>
              </TimeSpan>
              <MultiGeometry>
                <Polygon>
                  <altitudeMode>absolute</altitudeMode>
                  <outerBoundaryIs>
                    <LinearRing>
                      <coordinates>-96.75899607628425,32.71777243082621,90.26734008821771 -96.75899607628425,32.718602737943755,90.26734008821771 -96.75793995876997,32.718602737943755,90.26734008821771 -96.75793995876997,32.71777243082621,90.26734008821771</coordinates>
                    </LinearRing>
                  </outerBoundaryIs>
                </Polygon>
                <Polygon>
                  <altitudeMode>absolute</altitudeMode>
                  <outerBoundaryIs>
                    <LinearRing>
                      <coordinates>-96.75899607628425,32.71777243082621,170.3173400882177 -96.75899607628425,32.718602737943755,170.3173400882177 -96.75793995876997,32.718602737943755,170.3173400882177 -96.75793995876997,32.71777243082621,170.3173400882177</coordinates>
                    </LinearRing>
                  </outerBoundaryIs>
                </Polygon>
                <Polygon>
                  <altitudeMode>absolute</altitudeMode>
                  <outerBoundaryIs>
                    <LinearRing>
                      <coordinates>-96.75899607628425,32.71777243082621,90.26734008821771 -96.75899607628425,32.71777243082621,170.3173400882177 -96.75899607628425,32.718602737943755,170.3173400882177 -96.75899607628425,32.718602737943755,90.26734008821771</coordinates>
                    </LinearRing>
                  </outerBoundaryIs>
                </Polygon>
                <Polygon>
                  <altitudeMode>absolute</altitudeMode>
                  <outerBoundaryIs>
                    <LinearRing>
                      <coordinates>-96.75899607628425,32.718602737943755,90.26734008821771 -96.75899607628425,32.718602737943755,170.3173400882177 -96.75793995876997,32.718602737943755,170.3173400882177 -96.75793995876997,32.718602737943755,90.26734008821771</coordinates>
                    </LinearRing>
                  </outerBoundaryIs>
                </Polygon>
                <Polygon>
                  <altitudeMode>absolute</altitudeMode>
                  <outerBoundaryIs>
                    <LinearRing>
                      <coordinates>-96.75793995876997,32.718602737943755,90.26734008821771 -96.75793995876997,32.718602737943755,170.3173400882177 -96.75793995876997,32.71777243082621,170.3173400882177 -96.75793995876997,32.71777243082621,90.26734008821771</coordinates>
                    </LinearRing>
                  </outerBoundaryIs>
                </Polygon>
                <Polygon>
                  <altitudeMode>absolute</altitudeMode>
                  <outerBoundaryIs>
                    <LinearRing>
                      <coordinates>-96.75793995876997,32.71777243082621,90.26734008821771 -96.75793995876997,32.71777243082621,170.3173400882177 -96.75899607628425,32.71777243082621,170.3173400882177 -96.75899607628425,32.71777243082621,90.26734008821771</coordinates>
                    </LinearRing>
                  </outerBoundaryIs>
                </Polygon>
              </MultiGeometry>
            </Placemark>
          </Folder>
        </Folder>
      </Folder>
      <Folder>
        <name>Attempt to plan flight in conflict</name>
        <Folder>
          <name>Plan Flight 2</name>
          <Folder>
            <name>E6: uss1_dss astm.f3548.v21.dss.queryOperationalIntentReferences</name>
            <Placemark>
              <name>area_of_interest</name>
              <styleUrl>#QueryArea</styleUrl>
              <description><![CDATA[(no operational intent references found)]]></description>
              <TimeSpan>
                <begin>2026-10-02T15:03:33.896017+00:00</begin>
                <end>2026-10-02T15:48:34.896017+00:00</end>
              </TimeSpan>
              <MultiGeometry>
                <Polygon>
                  <altitudeMode>absolute</altitudeMode>
                  <outerBoundaryIs>
                    <LinearRing>
                      <coordinates>-96.75899607628425,32.717821632855895,119.24813014424481 -96.75899607628425,32.718424015430124,119.24813014424481 -96.75846501195453,32.718424015430124,119.24813014424481 -96.75846501195453,32.717821632855895,119.24813014424481</coordinates>
                    </LinearRing>
                  </outerBoundaryIs>
                </Polygon>
                <Polygon>
                  <altitudeMode>absolute</altitudeMode>
                  <outerBoundaryIs>
                    <LinearRing>
                      <coordinates>-96.75899607628425,32.717821632855895,148.3181301442448 -96.75899607628425,32.718424015430124,148.3181301442448 -96.75846501195453,32.718424015430124,148.3181301442448 -96.75846501195453,32.717821632855895,148.3181301442448</coordinates>
                    </LinearRing>
                  </outerBoundaryIs>
                </Polygon>
                <Polygon>
                  <altitudeMode>absolute</altitudeMode>
                  <outerBoundaryIs>
                    <LinearRing>
                      <coordinates>-96.75899607628425,32.717821632855895,119.24813014424481 -96.75899607628425,32.717821632855895,148.3181301442448 -96.75899607628425,32.718424015430124,148.3181301442448 -96.75899607628425,32.718424015430124,119.24813014424481</coordinates>
                    </LinearRing>
                  </outerBoundaryIs>
                </Polygon>
                <Polygon>
                  <altitudeMode>absolute</altitudeMode>
                  <outerBoundaryIs>
                    <LinearRing>
                      <coordinates>-96.75899607628425,32.718424015430124,119.24813014424481 -96.75899607628425,32.718424015430124,148.3181301442448 -96.75846501195453,32.718424015430124,148.3181301442448 -96.75846501195453,32.718424015430124,119.24813014424481</coordinates>
                    </LinearRing>
                  </outerBoundaryIs>
                </Polygon>
                <Polygon>
                  <altitudeMode>absolute</altitudeMode>
                  <outerBoundaryIs>
                    <LinearRing>
                      <coordinates>-96.75846501195453,32.718424015430124,119.24813014424481 -96.75846501195453,32.718424015430124,148.3181301442448 -96.75846501195453,32.717821632855895,148.3181301442448 -96.75846501195453,32.717821632855895,119.24813014424481</coordinates>
                    </LinearRing>
                  </outerBoundaryIs>
                </Polygon>
                <Polygon>
                  <altitudeMode>absolute</altitudeMode>
                  <outerBoundaryIs>
                    <LinearRing>
                      <coordinates>-96.75846501195453,32.717821632855895,119.24813014424481 -96.75846501195453,32.717821632855895,148.3181301442448 -96.75899607628425,32.717821632855895,148.3181301442448 -96.75899607628425,32.717821632855895,119.24813014424481</coordinates>
                    </LinearRing>
                  </outerBoundaryIs>
                </Polygon>
              </MultiGeometry>
            </Placemark>
          </Folder>
          <Folder>
            <name>E8: uss2_core interuss.automated_testing.flight_planning.v1.UpsertFlightPlan</name>
            <Folder>
              <name>Activity Completed, flight Planned</name>
              <Placemark>
                <name>Volume 0</name>
                <styleUrl>#Planned_Nominal</styleUrl>
                <TimeSpan>
                  <begin>2026-10-02T15:03:33.896017+00:00</begin>
                  <end>2026-10-02T15:48:34.896017+00:00</end>
                </TimeSpan>
                <MultiGeometry>
                  <Polygon>
                    <altitudeMode>absolute</altitudeMode>
                    <outerBoundaryIs>
                      <LinearRing>
                        <coordinates>-96.75897457751377,32.71806391428686,119.2481663576577 -96.75846501195453,32.717821632855895,119.2481663576577 -96.75855731707719,32.71826205187991,119.2481663576577 -96.75899607628423,32.71842401543012,119.2481663576577</coordinates>
                      </LinearRing>
                    </outerBoundaryIs>
                  </Polygon>
                  <Polygon>
                    <altitudeMode>absolute</altitudeMode>
                    <outerBoundaryIs>
                      <LinearRing>
                        <coordinates>-96.75897457751377,32.71806391428686,148.3181663576577 -96.75846501195453,32.717821632855895,148.3181663576577 -96.75855731707719,32.71826205187991,148.3181663576577 -96.75899607628423,32.71842401543012,148.3181663576577</coordinates>
                      </LinearRing>
                    </outerBoundaryIs>
                  </Polygon>
                  <Polygon>
                    <altitudeMode>absolute</altitudeMode>
                    <outerBoundaryIs>
                      <LinearRing>
                        <coordinates>-96.75897457751377,32.71806391428686,119.2481663576577 -96.75897457751377,32.71806391428686,148.3181663576577 -96.75846501195453,32.717821632855895,148.3181663576577 -96.75846501195453,32.717821632855895,119.2481663576577</coordinates>
                      </LinearRing>
                    </outerBoundaryIs>
                  </Polygon>
                  <Polygon>
                    <altitudeMode>absolute</altitudeMode>
                    <outerBoundaryIs>
                      <LinearRing>
                        <coordinates>-96.75846501195453,32.717821632855895,119.2481663576577 -96.75846501195453,32.717821632855895,148.3181663576577 -96.75855731707719,32.71826205187991,148.3181663576577 -96.75855731707719,32.71826205187991,119.2481663576577</coordinates>
                      </LinearRing>
                    </outerBoundaryIs>
                  </Polygon>
                  <Polygon>
                    <altitudeMode>absolute</altitudeMode>
                    <outerBoundaryIs>
                      <LinearRing>
                        <coordinates>-96.75855731707719,32.71826205187991,119.2481663576577 -96.75855731707719,32.71826205187991,148.3181663576577 -96.75899607628423,32.71842401543012,148.3181663576577 -96.75899607628423,32.71842401543012,119.2481663576577</coordinates>
                      </LinearRing>
                    </outerBoundaryIs>
                  </Polygon>
                  <Polygon>
                    <altitudeMode>absolute</altitudeMode>
                    <outerBoundaryIs>
                      <LinearRing>
                        <coordinates>-96.75899607628423,32.71842401543012,119.2481663576577 -96.75899607628423,32.71842401543012,148.3181663576577 -96.75897457751377,32.71806391428686,148.3181663576577 -96.75897457751377,32.71806391428686,119.2481663576577</coordinates>
                      </LinearRing>
                    </outerBoundaryIs>
                  </Polygon>
                </MultiGeometry>
              </Placemark>
            </Folder>
          </Folder>
          <Folder>
            <name>E12: uss1_dss astm.f3548.v21.dss.queryOperationalIntentReferences</name>
            <Placemark>
              <name>area_of_interest</name>
              <styleUrl>#QueryArea</styleUrl>
              <description><![CDATA[<ul><li>uss2's Accepted 6babced8-56b1-4b96-8e91-8f361888a2a0[1]</li></ul>]]></description>
              <TimeSpan>
                <begin>2026-10-02T15:03:33.896017+00:00</begin>
                <end>2026-10-02T15:48:34.896017+00:00</end>
              </TimeSpan>
              <MultiGeometry>
                <Polygon>
                  <altitudeMode>absolute</altitudeMode>
                  <outerBoundaryIs>
                    <LinearRing>
                      <coordinates>-96.75899607628425,32.717821632855895,119.24813014424481 -96.75899607628425,32.718424015430124,119.24813014424481 -96.75846501195453,32.718424015430124,119.24813014424481 -96.75846501195453,32.717821632855895,119.24813014424481</coordinates>
                    </LinearRing>
                  </outerBoundaryIs>
                </Polygon>
                <Polygon>
                  <altitudeMode>absolute</altitudeMode>
                  <outerBoundaryIs>
                    <LinearRing>
                      <coordinates>-96.75899607628425,32.717821632855895,148.3181301442448 -96.75899607628425,32.718424015430124,148.3181301442448 -96.75846501195453,32.718424015430124,148.3181301442448 -96.75846501195453,32.717821632855895,148.3181301442448</coordinates>
                    </LinearRing>
                  </outerBoundaryIs>
                </Polygon>
                <Polygon>
                  <altitudeMode>absolute</altitudeMode>
                  <outerBoundaryIs>
                    <LinearRing>
                      <coordinates>-96.75899607628425,32.717821632855895,119.24813014424481 -96.75899607628425,32.717821632855895,148.3181301442448 -96.75899607628425,32.718424015430124,148.3181301442448 -96.75899607628425,32.718424015430124,119.24813014424481</coordinates>
                    </LinearRing>
                  </outerBoundaryIs>
                </Polygon>
                <Polygon>
                  <altitudeMode>absolute</altitudeMode>
                  <outerBoundaryIs>
                    <LinearRing>
                      <coordinates>-96.75899607628425,32.718424015430124,119.24813014424481 -96.75899607628425,32.718424015430124,148.3181301442448 -96.75846501195453,32.718424015430124,148.3181301442448 -96.75846501195453,32.718424015430124,119.24813014424481</coordinates>
                    </LinearRing>
                  </outerBoundaryIs>
                </Polygon>
                <Polygon>
                  <altitudeMode>absolute</altitudeMode>
                  <outerBoundaryIs>
                    <LinearRing>
                      <coordinates>-96.75846501195453,32.718424015430124,119.24813014424481 -96.75846501195453,32.718424015430124,148.3181301442448 -96.75846501195453,32.717821632855895,148.3181301442448 -96.75846501195453,32.717821632855895,119.24813014424481</coordinates>
                    </LinearRing>
                  </outerBoundaryIs>
                </Polygon>
                <Polygon>
                  <altitudeMode>absolute</altitudeMode>
                  <outerBoundaryIs>
                    <LinearRing>
                      <coordinates>-96.75846501195453,32.717821632855895,119.24813014424481 -96.75846501195453,32.717821632855895,148.3181301442448 -96.75899607628425,32.717821632855895,148.3181301442448 -96.75899607628425,32.717821632855895,119.24813014424481</coordinates>
                    </LinearRing>
                  </outerBoundaryIs>
                </Polygon>
              </MultiGeometry>
            </Placemark>
          </Folder>
          <Folder>
            <name>E16: uss2_core astm.f3548.v21.uss.getOperationalIntentDetails</name>
            <Folder>
              <name>uss2's P100 Accepted 6babced8-56b1-4b96-8e91-8f361888a2a0[1] @ UIHr.rZ3LeyldrHYR0iEtFinDNCbbe5AmwL4NFsaz-Y_</name>
              <Placemark>
                <name>Nominal volume 0</name>
                <styleUrl>#F3548v21Accepted</styleUrl>
                <TimeSpan>
                  <begin>2026-10-02T15:03:34.927452+00:00</begin>
                  <end>2026-10-02T15:48:34.896017+00:00</end>
                </TimeSpan>
                <MultiGeometry>
                  <Polygon>
                    <altitudeMode>absolute</altitudeMode>
                    <outerBoundaryIs>
                      <LinearRing>
                        <coordinates>-96.75897457751377,32.71806391428686,119.2481663576577 -96.75846501195453,32.717821632855895,119.2481663576577 -96.75855731707719,32.71826205187991,119.2481663576577 -96.75899607628423,32.71842401543012,119.2481663576577</coordinates>
                      </LinearRing>
                    </outerBoundaryIs>
                  </Polygon>
                  <Polygon>
                    <altitudeMode>absolute</altitudeMode>
                    <outerBoundaryIs>
                      <LinearRing>
                        <coordinates>-96.75897457751377,32.71806391428686,148.3181663576577 -96.75846501195453,32.717821632855895,148.3181663576577 -96.75855731707719,32.71826205187991,148.3181663576577 -96.75899607628423,32.71842401543012,148.3181663576577</coordinates>
                      </LinearRing>
                    </outerBoundaryIs>
                  </Polygon>
                  <Polygon>
                    <altitudeMode>absolute</altitudeMode>
                    <outerBoundaryIs>
                      <LinearRing>
                        <coordinates>-96.75897457751377,32.71806391428686,119.2481663576577 -96.75897457751377,32.71806391428686,148.3181663576577 -96.75846501195453,32.717821632855895,148.3181663576577 -96.75846501195453,32.717821632855895,119.2481663576577</coordinates>
                      </LinearRing>
                    </outerBoundaryIs>
                  </Polygon>
                  <Polygon>
                    <altitudeMode>absolute</altitudeMode>
                    <outerBoundaryIs>
                      <LinearRing>
                        <coordinates>-96.75846501195453,32.717821632855895,119.2481663576577 -96.75846501195453,32.717821632855895,148.3181663576577 -96.75855731707719,32.71826205187991,148.3181663576577 -96.75855731707719,32.71826205187991,119.2481663576577</coordinates>
                      </LinearRing>
                    </outerBoundaryIs>
                  </Polygon>
                  <Polygon>
                    <altitudeMode>absolute</altitudeMode>
                    <outerBoundaryIs>
                      <LinearRing>
                        <coordinates>-96.75855731707719,32.71826205187991,119.2481663576577 -96.75855731707719,32.71826205187991,148.3181663576577 -96.75899607628423,32.71842401543012,148.3181663576577 -96.75899607628423,32.71842401543012,119.2481663576577</coordinates>
                      </LinearRing>
                    </outerBoundaryIs>
                  </Polygon>
                  <Polygon>
                    <altitudeMode>absolute</altitudeMode>
                    <outerBoundaryIs>
                      <LinearRing>
                        <coordinates>-96.75899607628423,32.71842401543012,119.2481663576577 -96.75899607628423,32.71842401543012,148.3181663576577 -96.75897457751377,32.71806391428686,148.3181663576577 -96.75897457751377,32.71806391428686,119.2481663576577</coordinates>
                      </LinearRing>
                    </outerBoundaryIs>
                  </Polygon>
                </MultiGeometry>
              </Placemark>
            </Folder>
          </Folder>
        </Folder>
        <Folder>
          <name>Attempt to plan Flight 1</name>
          <Folder>
            <name>E25: uss1_dss astm.f3548.v21.dss.queryOperationalIntentReferences</name>
            <Placemark>
              <name>area_of_interest</name>
              <styleUrl>#QueryArea</styleUrl>
              <description><![CDATA[<ul><li>uss2's Accepted 6babced8-56b1-4b96-8e91-8f361888a2a0[1]</li></ul>]]></description>
              <TimeSpan>
                <begin>2026-10-02T15:03:34.060990+00:00</begin>
                <end>2026-10-02T15:48:35.060990+00:00</end>
              </TimeSpan>
              <MultiGeometry>
                <Polygon>
                  <altitudeMode>absolute</altitudeMode>
                  <outerBoundaryIs>
                    <LinearRing>
                      <coordinates>-96.75885603693884,32.71777243082621,120.32721197182734 -96.75885603693884,32.71840061442382,120.32721197182734 -96.75793995876997,32.71840061442382,120.32721197182734 -96.75793995876997,32.71777243082621,120.32721197182734</coordinates>
                    </LinearRing>
                  </outerBoundaryIs>
                </Polygon>
                <Polygon>
                  <altitudeMode>absolute</altitudeMode>
                  <outerBoundaryIs>
                    <LinearRing>
                      <coordinates>-96.75885603693884,32.71777243082621,150.31721197182733 -96.75885603693884,32.71840061442382,150.31721197182733 -96.75793995876997,32.71840061442382,150.31721197182733 -96.75793995876997,32.71777243082621,150.31721197182733</coordinates>
                    </LinearRing>
                  </outerBoundaryIs>
                </Polygon>
                <Polygon>
                  <altitudeMode>absolute</altitudeMode>
                  <outerBoundaryIs>
                    <LinearRing>
                      <coordinates>-96.75885603693884,32.71777243082621,120.32721197182734 -96.75885603693884,32.71777243082621,150.31721197182733 -96.75885603693884,32.71840061442382,150.31721197182733 -96.75885603693884,32.71840061442382,120.32721197182734</coordinates>
                    </LinearRing>
                  </outerBoundaryIs>
                </Polygon>
                <Polygon>
                  <altitudeMode>absolute</altitudeMode>
                  <outerBoundaryIs>
                    <LinearRing>
                      <coordinates>-96.75885603693884,32.71840061442382,120.32721197182734 -96.75885603693884,32.71840061442382,150.31721197182733 -96.75793995876997,32.71840061442382,150.31721197182733 -96.75793995876997,32.71840061442382,120.32721197182734</coordinates>
                    </LinearRing>
                  </outerBoundaryIs>
                </Polygon>
                <Polygon>
                  <altitudeMode>absolute</altitudeMode>
                  <outerBoundaryIs>
                    <LinearRing>
                      <coordinates>-96.75793995876997,32.71840061442382,120.32721197182734 -96.75793995876997,32.71840061442382,150.31721197182733 -96.75793995876997,32.71777243082621,150.31721197182733 -96.75793995876997,32.71777243082621,120.32721197182734</coordinates>
                    </LinearRing>
                  </outerBoundaryIs>
                </Polygon>
                <Polygon>
                  <altitudeMode>absolute</altitudeMode>
                  <outerBoundaryIs>
                    <LinearRing>
                      <coordinates>-96.75793995876997,32.71777243082621,120.32721197182734 -96.75793995876997,32.71777243082621,150.31721197182733 -96.75885603693884,32.71777243082621,150.31721197182733 -96.75885603693884,32.71777243082621,120.32721197182734</coordinates>
                    </LinearRing>
                  </outerBoundaryIs>
                </Polygon>
              </MultiGeometry>
            </Placemark>
          </Folder>
          <Folder>
            <name>E27: uss2_core interuss.automated_testing.flight_planning.v1.UpsertFlightPlan</name>
            <Folder>
              <name>Activity Rejected, flight NotPlanned</name>
              <Placemark>
                <name>Volume 0</name>
                <styleUrl>#Planned_Nominal</styleUrl>
                <TimeSpan>
                  <begin>2026-10-02T15:03:34.060990+00:00</begin>
                  <end>2026-10-02T15:48:35.060990+00:00</end>
                </TimeSpan>
                <MultiGeometry>
                  <Polygon>
                    <altitudeMode>absolute</altitudeMode>
                    <outerBoundaryIs>
                      <LinearRing>
                        <coordinates>-96.7586436117025,32.71777243082621,120.32727274253008 -96.75885603693884,32.71801338382339,120.32727274253008 -96.75823551948804,32.71840061442382,120.32727274253008 -96.75793995876997,32.718149288087204,120.32727274253008</coordinates>
                      </LinearRing>
                    </outerBoundaryIs>
                  </Polygon>
                  <Polygon>
                    <altitudeMode>absolute</altitudeMode>
                    <outerBoundaryIs>
                      <LinearRing>
                        <coordinates>-96.7586436117025,32.71777243082621,150.31727274253006 -96.75885603693884,32.71801338382339,150.31727274253006 -96.75823551948804,32.71840061442382,150.31727274253006 -96.75793995876997,32.718149288087204,150.31727274253006</coordinates>
                      </LinearRing>
                    </outerBoundaryIs>
                  </Polygon>
                  <Polygon>
                    <altitudeMode>absolute</altitudeMode>
                    <outerBoundaryIs>
                      <LinearRing>
                        <coordinates>-96.7586436117025,32.71777243082621,120.32727274253008 -96.7586436117025,32.71777243082621,150.31727274253006 -96.75885603693884,32.71801338382339,150.31727274253006 -96.75885603693884,32.71801338382339,120.32727274253008</coordinates>
                      </LinearRing>
                    </outerBoundaryIs>
                  </Polygon>
                  <Polygon>
                    <altitudeMode>absolute</altitudeMode>
                    <outerBoundaryIs>
                      <LinearRing>
                        <coordinates>-96.75885603693884,32.71801338382339,120.32727274253008 -96.75885603693884,32.71801338382339,150.31727274253006 -96.75823551948804,32.71840061442382,150.31727274253006 -96.75823551948804,32.71840061442382,120.32727274253008</coordinates>
                      </LinearRing>
                    </outerBoundaryIs>
                  </Polygon>
                  <Polygon>
                    <altitudeMode>absolute</altitudeMode>
                    <outerBoundaryIs>
                      <LinearRing>
                        <coordinates>-96.75823551948804,32.71840061442382,120.32727274253008 -96.75823551948804,32.71840061442382,150.31727274253006 -96.75793995876997,32.718149288087204,150.31727274253006 -96.75793995876997,32.718149288087204,120.32727274253008</coordinates>
                      </LinearRing>
                    </outerBoundaryIs>
                  </Polygon>
                  <Polygon>
                    <altitudeMode>absolute</altitudeMode>
                    <outerBoundaryIs>
                      <LinearRing>
                        <coordinates>-96.75793995876997,32.718149288087204,120.32727274253008 -96.75793995876997,32.718149288087204,150.31727274253006 -96.7586436117025,32.71777243082621,150.31727274253006 -96.7586436117025,32.71777243082621,120.32727274253008</coordinates>
                      </LinearRing>
                    </outerBoundaryIs>
                  </Polygon>
                </MultiGeometry>
              </Placemark>
            </Folder>
          </Folder>
          <Folder>
            <name>E30: uss1_dss astm.f3548.v21.dss.queryOperationalIntentReferences</name>
            <Placemark>
              <name>area_of_interest</name>
              <styleUrl>#QueryArea</styleUrl>
              <description><![CDATA[<ul><li>uss2's Accepted 6babced8-56b1-4b96-8e91-8f361888a2a0[1]</li></ul>]]></description>
              <TimeSpan>
                <begin>2026-10-02T15:03:34.060990+00:00</begin>
                <end>2026-10-02T15:48:35.060990+00:00</end>
              </TimeSpan>
              <MultiGeometry>
                <Polygon>
                  <altitudeMode>absolute</altitudeMode>
                  <outerBoundaryIs>
                    <LinearRing>
                      <coordinates>-96.75885603693884,32.71777243082621,120.32721197182734 -96.75885603693884,32.71840061442382,120.32721197182734 -96.75793995876997,32.71840061442382,120.32721197182734 -96.75793995876997,32.71777243082621,120.32721197182734</coordinates>
                    </LinearRing>
                  </outerBoundaryIs>
                </Polygon>
                <Polygon>
                  <altitudeMode>absolute</altitudeMode>
                  <outerBoundaryIs>
                    <LinearRing>
                      <coordinates>-96.75885603693884,32.71777243082621,150.31721197182733 -96.75885603693884,32.71840061442382,150.31721197182733 -96.75793995876997,32.71840061442382,150.31721197182733 -96.75793995876997,32.71777243082621,150.31721197182733</coordinates>
                    </LinearRing>
                  </outerBoundaryIs>
                </Polygon>
                <Polygon>
                  <altitudeMode>absolute</altitudeMode>
                  <outerBoundaryIs>
                    <LinearRing>
                      <coordinates>-96.75885603693884,32.71777243082621,120.32721197182734 -96.75885603693884,32.71777243082621,150.31721197182733 -96.75885603693884,32.71840061442382,150.31721197182733 -96.75885603693884,32.71840061442382,120.32721197182734</coordinates>
                    </LinearRing>
                  </outerBoundaryIs>
                </Polygon>
                <Polygon>
                  <altitudeMode>absolute</altitudeMode>
                  <outerBoundaryIs>
                    <LinearRing>
                      <coordinates>-96.75885603693884,32.71840061442382,120.32721197182734 -96.75885603693884,32.71840061442382,150.31721197182733 -96.75793995876997,32.71840061442382,150.31721197182733 -96.75793995876997,32.71840061442382,120.32721197182734</coordinates>
                    </LinearRing>
                  </outerBoundaryIs>
                </Polygon>
                <Polygon>
                  <altitudeMode>absolute</altitudeMode>
                  <outerBoundaryIs>
                    <LinearRing>
                      <coordinates>-96.75793995876997,32.71840061442382,120.32721197182734 -96.75793995876997,32.71840061442382,150.31721197182733 -96.75793995876997,32.71777243082621,150.31721197182733 -96.75793995876997,32.71777243082621,120.32721197182734</coordinates>
                    </LinearRing>
                  </outerBoundaryIs>
                </Polygon>
                <Polygon>
                  <altitudeMode>absolute</altitudeMode>
                  <outerBoundaryIs>
                    <LinearRing>
                      <coordinates>-96.75793995876997,32.71777243082621,120.32721197182734 -96.75793995876997,32.71777243082621,150.31721197182733 -96.75885603693884,32.71777243082621,150.31721197182733 -96.75885603693884,32.71777243082621,120.32721197182734</coordinates>
                    </LinearRing>
                  </outerBoundaryIs>
                </Polygon>
              </MultiGeometry>
            </Placemark>
          </Folder>
        </Folder>
        <Folder>
          <name>Delete Flight 2</name>
        </Folder>
      </Folder>
      <Folder>
        <name>Attempt to modify planned flight in conflict</name>
        <Folder>
          <name>Plan Flight 1</name>
          <Folder>
            <name>E35: uss1_dss astm.f3548.v21.dss.queryOperationalIntentReferences</name>
            <Placemark>
              <name>area_of_interest</name>
              <styleUrl>#QueryArea</styleUrl>
              <description><![CDATA[(no operational intent references found)]]></description>
              <TimeSpan>
                <begin>2026-10-02T15:03:34.187701+00:00</begin>
                <end>2026-10-02T15:48:35.187701+00:00</end>
              </TimeSpan>
              <MultiGeometry>
                <Polygon>
                  <altitudeMode>absolute</altitudeMode>
                  <outerBoundaryIs>
                    <LinearRing>
                      <coordinates>-96.75885603693884,32.71777243082621,120.32721197182734 -96.75885603693884,32.71840061442382,120.32721197182734 -96.75793995876997,32.71840061442382,120.32721197182734 -96.75793995876997,32.71777243082621,120.32721197182734</coordinates>
                    </LinearRing>
                  </outerBoundaryIs>
                </Polygon>
                <Polygon>
                  <altitudeMode>absolute</altitudeMode>
                  <outerBoundaryIs>
                    <LinearRing>
                      <coordinates>-96.75885603693884,32.71777243082621,150.31721197182733 -96.75885603693884,32.71840061442382,150.31721197182733 -96.75793995876997,32.71840061442382,150.31721197182733 -96.75793995876997,32.71777243082621,150.31721197182733</coordinates>
                    </LinearRing>
                  </outerBoundaryIs>
                </Polygon>
                <Polygon>
                  <altitudeMode>absolute</altitudeMode>
                  <outerBoundaryIs>
                    <LinearRing>
                      <coordinates>-96.75885603693884,32.71777243082621,120.32721197182734 -96.75885603693884,32.71777243082621,150.31721197182733 -96.75885603693884,32.71840061442382,150.31721197182733 -96.75885603693884,32.71840061442382,120.32721197182734</coordinates>
                    </LinearRing>
                  </outerBoundaryIs>
                </Polygon>
                <Polygon>
                  <altitudeMode>absolute</altitudeMode>
                  <outerBoundaryIs>
                    <LinearRing>
                      <coordinates>-96.75885603693884,32.71840061442382,120.32721197182734 -96.75885603693884,32.71840061442382,150.31721197182733 -96.75793995876997,32.71840061442382,150.31721197182733 -96.75793995876997,32.71840061442382,120.32721197182734</coordinates>
                    </LinearRing>
                  </outerBoundaryIs>
                </Polygon>
                <Polygon>
                  <altitudeMode>absolute</altitudeMode>
                  <outerBoundaryIs>
                    <LinearRing>
                      <coordinates>-96.75793995876997,32.71840061442382,120.32721197182734 -96.75793995876997,32.71840061442382,150.31721197182733 -96.75793995876997,32.71777243082621,150.31721197182733 -96.75793995876997,32.71777243082621,120.32721197182734</coordinates>
                    </LinearRing>
                  </outerBoundaryIs>
                </Polygon>
                <Polygon>
                  <altitudeMode>absolute</altitudeMode>
                  <outerBoundaryIs>
                    <LinearRing>
                      <coordinates>-96.75793995876997,32.71777243082621,120.32721197182734 -96.75793995876997,32.71777243082621,150.31721197182733 -96.75885603693884,32.71777243082621,150.31721197182733 -96.75885603693884,32.71777243082621,120.32721197182734</coordinates>
                    </LinearRing>
                  </outerBoundaryIs>
                </Polygon>
              </MultiGeometry>
            </Placemark>
          </Folder>
          <Folder>
            <name>E37: uss2_core interuss.automated_testing.flight_planning.v1.UpsertFlightPlan</name>
            <Folder>
              <name>Activity Completed, flight Planned</name>
              <Placemark>
                <name>Volume 0</name>
                <styleUrl>#Planned_Nominal</styleUrl>
                <TimeSpan>
                  <begin>2026-10-02T15:03:34.187701+00:00</begin>
                  <end>2026-10-02T15:48:35.187701+00:00</end>
                </TimeSpan>
                <MultiGeometry>
                  <Polygon>
                    <altitudeMode>absolute</altitudeMode>
                    <outerBoundaryIs>
                      <LinearRing>
                        <coordinates>-96.7586436117025,32.71777243082621,120.32727274253008 -96.75885603693884,32.71801338382339,120.32727274253008 -96.75823551948804,32.71840061442382,120.32727274253008 -96.75793995876997,32.718149288087204,120.32727274253008</coordinates>
                      </LinearRing>
                    </outerBoundaryIs>
                  </Polygon>
                  <Polygon>
                    <altitudeMode>absolute</altitudeMode>
                    <outerBoundaryIs>
                      <LinearRing>
                        <coordinates>-96.7586436117025,32.71777243082621,150.31727274253006 -96.75885603693884,32.71801338382339,150.31727274253006 -96.75823551948804,32.71840061442382,150.31727274253006 -96.75793995876997,32.718149288087204,150.31727274253006</coordinates>
                      </LinearRing>
                    </outerBoundaryIs>
                  </Polygon>
                  <Polygon>
                    <altitudeMode>absolute</altitudeMode>
                    <outerBoundaryIs>
                      <LinearRing>
                        <coordinates>-96.7586436117025,32.71777243082621,120.32727274253008 -96.7586436117025,32.71777243082621,150.31727274253006 -96.75885603693884,32.71801338382339,150.31727274253006 -96.75885603693884,32.71801338382339,120.32727274253008</coordinates>
                      </LinearRing>
                    </outerBoundaryIs>
                  </Polygon>
                  <Polygon>
                    <altitudeMode>absolute</altitudeMode>
                    <outerBoundaryIs>
                      <LinearRing>
                        <coordinates>-96.75885603693884,32.71801338382339,120.32727274253008 -96.75885603693884,32.71801338382339,150.31727274253006 -96.75823551948804,32.71840061442382,150.31727274253006 -96.75823551948804,32.71840061442382,120.32727274253008</coordinates>
                      </LinearRing>
                    </outerBoundaryIs>
                  </Polygon>
                  <Polygon>
                    <altitudeMode>absolute</altitudeMode>
                    <outerBoundaryIs>
                      <LinearRing>
                        <coordinates>-96.75823551948804,32.71840061442382,120.32727274253008 -96.75823551948804,32.71840061442382,150.31727274253006 -96.75793995876997,32.718149288087204,150.31727274253006 -96.75793995876997,32.718149288087204,120.32727274253008</coordinates>
                      </LinearRing>
                    </outerBoundaryIs>
                  </Polygon>
                  <Polygon>
                    <altitudeMode>absolute</altitudeMode>
                    <outerBoundaryIs>
                      <LinearRing>
                        <coordinates>-96.75793995876997,32.718149288087204,120.32727274253008 -96.75793995876997,32.718149288087204,150.31727274253006 -96.7586436117025,32.71777243082621,150.31727274253006 -96.7586436117025,32.71777243082621,120.32727274253008</coordinates>
                      </LinearRing>
                    </outerBoundaryIs>
                  </Polygon>
                </MultiGeometry>
              </Placemark>
            </Folder>
          </Folder>
          <Folder>
            <name>E41: uss1_dss astm.f3548.v21.dss.queryOperationalIntentReferences</name>
            <Placemark>
              <name>area_of_interest</name>
              <styleUrl>#QueryArea</styleUrl>
              <description><![CDATA[<ul><li>uss2's Accepted 0f0014e2-698d-4c1e-a7c2-94370efb0a57[1]</li></ul>]]></description>
              <TimeSpan>
                <begin>2026-10-02T15:03:34.187701+00:00</begin>
                <end>2026-10-02T15:48:35.187701+00:00</end>
              </TimeSpan>
              <MultiGeometry>
                <Polygon>
                  <altitudeMode>absolute</altitudeMode>
                  <outerBoundaryIs>
                    <LinearRing>
                      <coordinates>-96.75885603693884,32.71777243082621,120.32721197182734 -96.75885603693884,32.71840061442382,120.32721197182734 -96.75793995876997,32.71840061442382,120.32721197182734 -96.75793995876997,32.71777243082621,120.32721197182734</coordinates>
                    </LinearRing>
                  </outerBoundaryIs>
                </Polygon>
                <Polygon>
                  <altitudeMode>absolute</altitudeMode>
                  <outerBoundaryIs>
                    <LinearRing>
                      <coordinates>-96.75885603693884,32.71777243082621,150.31721197182733 -96.75885603693884,32.71840061442382,150.31721197182733 -96.75793995876997,32.71840061442382,150.31721197182733 -96.75793995876997,32.71777243082621,150.31721197182733</coordinates>
                    </LinearRing>
                  </outerBoundaryIs>
                </Polygon>
                <Polygon>
                  <altitudeMode>absolute</altitudeMode>
                  <outerBoundaryIs>
                    <LinearRing>
                      <coordinates>-96.75885603693884,32.71777243082621,120.32721197182734 -96.75885603693884,32.71777243082621,150.31721197182733 -96.75885603693884,32.71840061442382,150.31721197182733 -96.75885603693884,32.71840061442382,120.32721197182734</coordinates>
                    </LinearRing>
                  </outerBoundaryIs>
                </Polygon>
                <Polygon>
                  <altitudeMode>absolute</altitudeMode>
                  <outerBoundaryIs>
                    <LinearRing>
                      <coordinates>-96.75885603693884,32.71840061442382,120.32721197182734 -96.75885603693884,32.71840061442382,150.31721197182733 -96.75793995876997,32.71840061442382,150.31721197182733 -96.75793995876997,32.71840061442382,120.32721197182734</coordinates>
                    </LinearRing>
                  </outerBoundaryIs>
                </Polygon>
                <Polygon>
                  <altitudeMode>absolute</altitudeMode>
                  <outerBoundaryIs>
                    <LinearRing>
                      <coordinates>-96.75793995876997,32.71840061442382,120.32721197182734 -96.75793995876997,32.71840061442382,150.31721197182733 -96.75793995876997,32.71777243082621,150.31721197182733 -96.75793995876997,32.71777243082621,120.32721197182734</coordinates>
                    </LinearRing>
                  </outerBoundaryIs>
                </Polygon>
                <Polygon>
                  <altitudeMode>absolute</altitudeMode>
                  <outerBoundaryIs>
                    <LinearRing>
                      <coordinates>-96.75793995876997,32.71777243082621,120.32721197182734 -96.75793995876997,32.71777243082621,150.31721197182733 -96.75885603693884,32.71777243082621,150.31721197182733 -96.75885603693884,32.71777243082621,120.32721197182734</coordinates>
                    </LinearRing>
                  </outerBoundaryIs>
                </Polygon>
              </MultiGeometry>
            </Placemark>
          </Folder>
          <Folder>
            <name>E45: uss2_core astm.f3548.v21.uss.getOperationalIntentDetails</name>
            <Folder>
              <name>uss2's P0 Accepted 0f0014e2-698d-4c1e-a7c2-94370efb0a57[1] @ FJpjnADcoxpvwLIaJgSje9-78hwkePLLs7OrkYuSAE8_</name>
              <Placemark>
                <name>Nominal volume 0</name>
                <styleUrl>#F3548v21Accepted</styleUrl>
                <TimeSpan>
                  <begin>2026-10-02T15:03:35.217244+00:00</begin>
                  <end>2026-10-02T15:48:35.187701+00:00</end>
                </TimeSpan>
                <MultiGeometry>
                  <Polygon>
                    <altitudeMode>absolute</altitudeMode>
                    <outerBoundaryIs>
                      <LinearRing>
                        <coordinates>-96.7586436117025,32.71777243082621,120.32727274253008 -96.75885603693884,32.71801338382339,120.32727274253008 -96.75823551948804,32.71840061442382,120.32727274253008 -96.75793995876997,32.718149288087204,120.32727274253008</coordinates>
                      </LinearRing>
                    </outerBoundaryIs>
                  </Polygon>
                  <Polygon>
                    <altitudeMode>absolute</altitudeMode>
                    <outerBoundaryIs>
                      <LinearRing>
                        <coordinates>-96.7586436117025,32.71777243082621,150.31727274253006 -96.75885603693884,32.71801338382339,150.31727274253006 -96.75823551948804,32.71840061442382,150.31727274253006 -96.75793995876997,32.718149288087204,150.31727274253006</coordinates>
                      </LinearRing>
                    </outerBoundaryIs>
                  </Polygon>
                  <Polygon>
                    <altitudeMode>absolute</altitudeMode>
                    <outerBoundaryIs>
                      <LinearRing>
                        <coordinates>-96.7586436117025,32.71777243082621,120.32727274253008 -96.7586436117025,32.71777243082621,150.31727274253006 -96.75885603693884,32.71801338382339,150.31727274253006 -96.75885603693884,32.71801338382339,120.32727274253008</coordinates>
                      </LinearRing>
                    </outerBoundaryIs>
                  </Polygon>
                  <Polygon>
                    <altitudeMode>absolute</altitudeMode>
                    <outerBoundaryIs>
                      <LinearRing>
                        <coordinates>-96.75885603693884,32.71801338382339,120.32727274253008 -96.75885603693884,32.71801338382339,150.31727274253006 -96.75823551948804,32.71840061442382,150.31727274253006 -96.75823551948804,32.71840061442382,120.32727274253008</coordinates>
                      </LinearRing>
                    </outerBoundaryIs>
                  </Polygon>
                  <Polygon>
                    <altitudeMode>absolute</altitudeMode>
                    <outerBoundaryIs>
                      <LinearRing>
                        <coordinates>-96.75823551948804,32.71840061442382,120.32727274253008 -96.75823551948804,32.71840061442382,150.31727274253006 -96.75793995876997,32.718149288087204,150.31727274253006 -96.75793995876997,32.718149288087204,120.32727274253008</coordinates>
                      </LinearRing>
                    </outerBoundaryIs>
                  </Polygon>
                  <Polygon>
                    <altitudeMode>absolute</altitudeMode>
                    <outerBoundaryIs>
                      <LinearRing>
                        <coordinates>-96.75793995876997,32.718149288087204,120.32727274253008 -96.75793995876997,32.718149288087204,150.31727274253006 -96.7586436117025,32.71777243082621,150.31727274253006 -96.7586436117025,32.71777243082621,120.32727274253008</coordinates>
                      </LinearRing>
                    </outerBoundaryIs>
                  </Polygon>
                </MultiGeometry>
              </Placemark>
            </Folder>
          </Folder>
        </Folder>
        <Folder>
          <name>Plan Flight 2</name>
          <Folder>
            <name>E58: uss1_dss astm.f3548.v21.dss.queryOperationalIntentReferences</name>
            <Placemark>
              <name>area_of_interest</name>
              <styleUrl>#QueryArea</styleUrl>
              <description><![CDATA[<ul><li>uss2's Accepted 0f0014e2-698d-4c1e-a7c2-94370efb0a57[1]</li></ul>]]></description>
              <TimeSpan>
                <begin>2026-10-02T15:03:34.386872+00:00</begin>
                <end>2026-10-02T15:48:35.386872+00:00</end>
              </TimeSpan>
              <MultiGeometry>
                <Polygon>
                  <altitudeMode>absolute</altitudeMode>
                  <outerBoundaryIs>
                    <LinearRing>
                      <coordinates>-96.75899607628425,32.717821632855895,119.24813014424481 -96.75899607628425,32.718424015430124,119.24813014424481 -96.75846501195453,32.718424015430124,119.24813014424481 -96.75846501195453,32.717821632855895,119.24813014424481</coordinates>
                    </LinearRing>
                  </outerBoundaryIs>
                </Polygon>
                <Polygon>
                  <altitudeMode>absolute</altitudeMode>
                  <outerBoundaryIs>
                    <LinearRing>
                      <coordinates>-96.75899607628425,32.717821632855895,148.3181301442448 -96.75899607628425,32.718424015430124,148.3181301442448 -96.75846501195453,32.718424015430124,148.3181301442448 -96.75846501195453,32.717821632855895,148.3181301442448</coordinates>
                    </LinearRing>
                  </outerBoundaryIs>
                </Polygon>
                <Polygon>
                  <altitudeMode>absolute</altitudeMode>
                  <outerBoundaryIs>
                    <LinearRing>
                      <coordinates>-96.75899607628425,32.717821632855895,119.24813014424481 -96.75899607628425,32.717821632855895,148.3181301442448 -96.75899607628425,32.718424015430124,148.3181301442448 -96.75899607628425,32.718424015430124,119.24813014424481</coordinates>
                    </LinearRing>
                  </outerBoundaryIs>
                </Polygon>
                <Polygon>
                  <altitudeMode>absolute</altitudeMode>
                  <outerBoundaryIs>
                    <LinearRing>
                      <coordinates>-96.75899607628425,32.718424015430124,119.24813014424481 -96.75899607628425,32.718424015430124,148.3181301442448 -96.75846501195453,32.718424015430124,148.3181301442448 -96.75846501195453,32.718424015430124,119.24813014424481</coordinates>
                    </LinearRing>
                  </outerBoundaryIs>
                </Polygon>
                <Polygon>
                  <altitudeMode>absolute</altitudeMode>
                  <outerBoundaryIs>
                    <LinearRing>
                      <coordinates>-96.75846501195453,32.718424015430124,119.24813014424481 -96.75846501195453,32.718424015430124,148.3181301442448 -96.75846501195453,32.717821632855895,148.3181301442448 -96.75846501195453,32.717821632855895,119.24813014424481</coordinates>
                    </LinearRing>
                  </outerBoundaryIs>
                </Polygon>
                <Polygon>
                  <altitudeMode>absolute</altitudeMode>
                  <outerBoundaryIs>
                    <LinearRing>
                      <coordinates>-96.75846501195453,32.717821632855895,119.24813014424481 -96.75846501195453,32.717821632855895,148.3181301442448 -96.75899607628425,32.717821632855895,148.3181301442448 -96.75899607628425,32.717821632855895,119.24813014424481</coordinates>
                    </LinearRing>
                  </outerBoundaryIs>
                </Polygon>
              </MultiGeometry>
            </Placemark>
          </Folder>
          <Folder>
            <name>E60: uss2_core interuss.automated_testing.flight_planning.v1.UpsertFlightPlan</name>
            <Folder>
              <name>Activity Completed, flight Planned</name>
              <Placemark>
                <name>Volume 0</name>
                <styleUrl>#Planned_Nominal</styleUrl>
                <TimeSpan>
                  <begin>2026-10-02T15:03:34.386872+00:00</begin>
                  <end>2026-10-02T15:48:35.386872+00:00</end>
                </TimeSpan>
                <MultiGeometry>
                  <Polygon>
                    <altitudeMode>absolute</altitudeMode>
                    <outerBoundaryIs>
                      <LinearRing>
                        <coordinates>-96.75897457751377,32.71806391428686,119.2481663576577 -96.75846501195453,32.717821632855895,119.2481663576577 -96.75855731707719,32.71826205187991,119.2481663576577 -96.75899607628423,32.71842401543012,119.2481663576577</coordinates>
                      </LinearRing>
                    </outerBoundaryIs>
                  </Polygon>
                  <Polygon>
                    <altitudeMode>absolute</altitudeMode>
                    <outerBoundaryIs>
                      <LinearRing>
                        <coordinates>-96.75897457751377,32.71806391428686,148.3181663576577 -96.75846501195453,32.717821632855895,148.3181663576577 -96.75855731707719,32.71826205187991,148.3181663576577 -96.75899607628423,32.71842401543012,148.3181663576577</coordinates>
                      </LinearRing>
                    </outerBoundaryIs>
                  </Polygon>
                  <Polygon>
                    <altitudeMode>absolute</altitudeMode>
                    <outerBoundaryIs>
                      <LinearRing>
                        <coordinates>-96.75897457751377,32.71806391428686,119.2481663576577 -96.75897457751377,32.71806391428686,148.3181663576577 -96.75846501195453,32.717821632855895,148.3181663576577 -96.75846501195453,32.717821632855895,119.2481663576577</coordinates>
                      </LinearRing>
                    </outerBoundaryIs>
                  </Polygon>
                  <Polygon>
                    <altitudeMode>absolute</altitudeMode>
                    <outerBoundaryIs>
                      <LinearRing>
                        <coordinates>-96.75846501195453,32.717821632855895,119.2481663576577 -96.75846501195453,32.717821632855895,148.3181663576577 -96.75855731707719,32.71826205187991,148.3181663576577 -96.75855731707719,32.71826205187991,119.2481663576577</coordinates>
                      </LinearRing>
                    </outerBoundaryIs>
                  </Polygon>
                  <Polygon>
                    <altitudeMode>absolute</altitudeMode>
                    <outerBoundaryIs>
                      <LinearRing>
                        <coordinates>-96.75855731707719,32.71826205187991,119.2481663576577 -96.75855731707719,32.71826205187991,148.3181663576577 -96.75899607628423,32.71842401543012,148.3181663576577 -96.75899607628423,32.71842401543012,119.2481663576577</coordinates>
                      </LinearRing>
                    </outerBoundaryIs>
                  </Polygon>
                  <Polygon>
                    <altitudeMode>absolute</altitudeMode>
                    <outerBoundaryIs>
                      <LinearRing>
                        <coordinates>-96.75899607628423,32.71842401543012,119.2481663576577 -96.75899607628423,32.71842401543012,148.3181663576577 -96.75897457751377,32.71806391428686,148.3181663576577 -96.75897457751377,32.71806391428686,119.2481663576577</coordinates>
                      </LinearRing>
                    </outerBoundaryIs>
                  </Polygon>
                </MultiGeometry>
              </Placemark>
            </Folder>
          </Folder>
          <Folder>
            <name>E64: uss1_dss astm.f3548.v21.dss.queryOperationalIntentReferences</name>
            <Placemark>
              <name>area_of_interest</name>
              <styleUrl>#QueryArea</styleUrl>
              <description><![CDATA[<ul><li>uss2's Accepted 0f0014e2-698d-4c1e-a7c2-94370efb0a57[1]</li><li>uss2's Accepted eab22be9-d504-4476-940d-44f002d61f98[1]</li></ul>]]></description>
              <TimeSpan>
                <begin>2026-10-02T15:03:34.386872+00:00</begin>
                <end>2026-10-02T15:48:35.386872+00:00</end>
              </TimeSpan>
              <MultiGeometry>
                <Polygon>
                  <altitudeMode>absolute</altitudeMode>
                  <outerBoundaryIs>
                    <LinearRing>
                      <coordinates>-96.75899607628425,32.717821632855895,119.24813014424481 -96.75899607628425,32.718424015430124,119.24813014424481 -96.75846501195453,32.718424015430124,119.24813014424481 -96.75846501195453,32.717821632855895,119.24813014424481</coordinates>
                    </LinearRing>
                  </outerBoundaryIs>
                </Polygon>
                <Polygon>
                  <altitudeMode>absolute</altitudeMode>
                  <outerBoundaryIs>
                    <LinearRing>
                      <coordinates>-96.75899607628425,32.717821632855895,148.3181301442448 -96.75899607628425,32.718424015430124,148.3181301442448 -96.75846501195453,32.718424015430124,148.3181301442448 -96.75846501195453,32.717821632855895,148.3181301442448</coordinates>
                    </LinearRing>
                  </outerBoundaryIs>
                </Polygon>
                <Polygon>
                  <altitudeMode>absolute</altitudeMode>
                  <outerBoundaryIs>
                    <LinearRing>
                      <coordinates>-96.75899607628425,32.717821632855895,119.24813014424481 -96.75899607628425,32.717821632855895,148.3181301442448 -96.75899607628425,32.718424015430124,148.3181301442448 -96.75899607628425,32.718424015430124,119.24813014424481</coordinates>
                    </LinearRing>
                  </outerBoundaryIs>
                </Polygon>
                <Polygon>
                  <altitudeMode>absolute</altitudeMode>
                  <outerBoundaryIs>
                    <LinearRing>
                      <coordinates>-96.75899607628425,32.718424015430124,119.24813014424481 -96.75899607628425,32.718424015430124,148.3181301442448 -96.75846501195453,32.718424015430124,148.3181301442448 -96.75846501195453,32.718424015430124,119.24813014424481</coordinates>
                    </LinearRing>
                  </outerBoundaryIs>
                </Polygon>
                <Polygon>
                  <altitudeMode>absolute</altitudeMode>
                  <outerBoundaryIs>
                    <LinearRing>
                      <coordinates>-96.75846501195453,32.718424015430124,119.24813014424481 -96.75846501195453,32.718424015430124,148.3181301442448 -96.75846501195453,32.717821632855895,148.3181301442448 -96.75846501195453,32.717821632855895,119.24813014424481</coordinates>
                    </LinearRing>
                  </outerBoundaryIs>
                </Polygon>
                <Polygon>
                  <altitudeMode>absolute</altitudeMode>
                  <outerBoundaryIs>
                    <LinearRing>
                      <coordinates>-96.75846501195453,32.717821632855895,119.24813014424481 -96.75846501195453,32.717821632855895,148.3181301442448 -96.75899607628425,32.717821632855895,148.3181301442448 -96.75899607628425,32.717821632855895,119.24813014424481</coordinates>
                    </LinearRing>
                  </outerBoundaryIs>
                </Polygon>
              </MultiGeometry>
            </Placemark>
          </Folder>
          <Folder>
            <name>E68: uss2_core astm.f3548.v21.uss.getOperationalIntentDetails</name>
            <Folder>
              <name>uss2's P100 Accepted eab22be9-d504-4476-940d-44f002d61f98[1] @ AU4OJKHkjoNiyqMGbtFp7tnRa2w8QeX5fAHncWkgle4_</name>
              <Placemark>
                <name>Nominal volume 0</name>
                <styleUrl>#F3548v21Accepted</styleUrl>
                <TimeSpan>
                  <begin>2026-10-02T15:03:35.419300+00:00</begin>
                  <end>2026-10-02T15:48:35.386872+00:00</end>
                </TimeSpan>
                <MultiGeometry>
                  <Polygon>
                    <altitudeMode>absolute</altitudeMode>
                    <outerBoundaryIs>
                      <LinearRing>
                        <coordinates>-96.75897457751377,32.71806391428686,119.2481663576577 -96.75846501195453,32.717821632855895,119.2481663576577 -96.75855731707719,32.71826205187991,119.2481663576577 -96.75899607628423,32.71842401543012,119.2481663576577</coordinates>
                      </LinearRing>
                    </outerBoundaryIs>
                  </Polygon>
                  <Polygon>
                    <altitudeMode>absolute</altitudeMode>
                    <outerBoundaryIs>
                      <LinearRing>
                        <coordinates>-96.75897457751377,32.71806391428686,148.3181663576577 -96.75846501195453,32.717821632855895,148.3181663576577 -96.75855731707719,32.71826205187991,148.3181663576577 -96.75899607628423,32.71842401543012,148.3181663576577</coordinates>
                      </LinearRing>
                    </outerBoundaryIs>
                  </Polygon>
                  <Polygon>
                    <altitudeMode>absolute</altitudeMode>
                    <outerBoundaryIs>
                      <LinearRing>
                        <coordinates>-96.75897457751377,32.71806391428686,119.2481663576577 -96.75897457751377,32.71806391428686,148.3181663576577 -96.75846501195453,32.717821632855895,148.3181663576577 -96.75846501195453,32.717821632855895,119.2481663576577</coordinates>
                      </LinearRing>
                    </outerBoundaryIs>
                  </Polygon>
                  <Polygon>
                    <altitudeMode>absolute</altitudeMode>
                    <outerBoundaryIs>
                      <LinearRing>
                        <coordinates>-96.75846501195453,32.717821632855895,119.2481663576577 -96.75846501195453,32.717821632855895,148.3181663576577 -96.75855731707719,32.71826205187991,148.3181663576577 -96.75855731707719,32.71826205187991,119.2481663576577</coordinates>
                      </LinearRing>
                    </outerBoundaryIs>
                  </Polygon>
                  <Polygon>
                    <altitudeMode>absolute</altitudeMode>
                    <outerBoundaryIs>
                      <LinearRing>
                        <coordinates>-96.75855731707719,32.71826205187991,119.2481663576577 -96.75855731707719,32.71826205187991,148.3181663576577 -96.75899607628423,32.71842401543012,148.3181663576577 -96.75899607628423,32.71842401543012,119.2481663576577</coordinates>
                      </LinearRing>
                    </outerBoundaryIs>
                  </Polygon>
                  <Polygon>
                    <altitudeMode>absolute</altitudeMode>
                    <outerBoundaryIs>
                      <LinearRing>
                        <coordinates>-96.75899607628423,32.71842401543012,119.2481663576577 -96.75899607628423,32.71842401543012,148.3181663576577 -96.75897457751377,32.71806391428686,148.3181663576577 -96.75897457751377,32.71806391428686,119.2481663576577</coordinates>
                      </LinearRing>
                    </outerBoundaryIs>
                  </Polygon>
                </MultiGeometry>
              </Placemark>
            </Folder>
          </Folder>
        </Folder>
        <Folder>
          <name>Check for conflict notifications</name>
        </Folder>
        <Folder>
          <name>Attempt to modify planned Flight 1 in conflict</name>
          <Folder>
            <name>E83: uss1_dss astm.f3548.v21.dss.queryOperationalIntentReferences</name>
            <Placemark>
              <name>area_of_interest</name>
              <styleUrl>#QueryArea</styleUrl>
              <description><![CDATA[<ul><li>uss2's Accepted 0f0014e2-698d-4c1e-a7c2-94370efb0a57[1]</li><li>uss2's Accepted eab22be9-d504-4476-940d-44f002d61f98[1]</li></ul>]]></description>
              <TimeSpan>
                <begin>2026-10-02T15:03:34.598648+00:00</begin>
                <end>2026-10-02T15:48:35.598648+00:00</end>
              </TimeSpan>
              <MultiGeometry>
                <Polygon>
                  <altitudeMode>absolute</altitudeMode>
                  <outerBoundaryIs>
                    <LinearRing>
                      <coordinates>-96.75885603693884,32.71777243082621,90.28721197182733 -96.75885603693884,32.71840061442382,90.28721197182733 -96.75793995876997,32.71840061442382,90.28721197182733 -96.75793995876997,32.71777243082621,90.28721197182733</coordinates>
                    </LinearRing>
                  </outerBoundaryIs>
                </Polygon>
                <Polygon>
                  <altitudeMode>absolute</altitudeMode>
                  <outerBoundaryIs>
                    <LinearRing>
                      <coordinates>-96.75885603693884,32.71777243082621,150.31721197182733 -96.75885603693884,32.71840061442382,150.31721197182733 -96.75793995876997,32.71840061442382,150.31721197182733 -96.75793995876997,32.71777243082621,150.31721197182733</coordinates>
                    </LinearRing>
                  </outerBoundaryIs>
                </Polygon>
                <Polygon>
                  <altitudeMode>absolute</altitudeMode>
                  <outerBoundaryIs>
                    <LinearRing>
                      <coordinates>-96.75885603693884,32.71777243082621,90.28721197182733 -96.75885603693884,32.71777243082621,150.31721197182733 -96.75885603693884,32.71840061442382,150.31721197182733 -96.75885603693884,32.71840061442382,90.28721197182733</coordinates>
                    </LinearRing>
                  </outerBoundaryIs>
                </Polygon>
                <Polygon>
                  <altitudeMode>absolute</altitudeMode>
                  <outerBoundaryIs>
                    <LinearRing>
                      <coordinates>-96.75885603693884,32.71840061442382,90.28721197182733 -96.75885603693884,32.71840061442382,150.31721197182733 -96.75793995876997,32.71840061442382,150.31721197182733 -96.75793995876997,32.71840061442382,90.28721197182733</coordinates>
                    </LinearRing>
                  </outerBoundaryIs>
                </Polygon>
                <Polygon>
                  <altitudeMode>absolute</altitudeMode>
                  <outerBoundaryIs>
                    <LinearRing>
                      <coordinates>-96.75793995876997,32.71840061442382,90.28721197182733 -96.75793995876997,32.71840061442382,150.31721197182733 -96.75793995876997,32.71777243082621,150.31721197182733 -96.75793995876997,32.71777243082621,90.28721197182733</coordinates>
                    </LinearRing>
                  </outerBoundaryIs>
                </Polygon>
                <Polygon>
                  <altitudeMode>absolute</altitudeMode>
                  <outerBoundaryIs>
                    <LinearRing>
                      <coordinates>-96.75793995876997,32.71777243082621,90.28721197182733 -96.75793995876997,32.71777243082621,150.31721197182733 -96.75885603693884,32.71777243082621,150.31721197182733 -96.75885603693884,32.71777243082621,90.28721197182733</coordinates>
                    </LinearRing>
                  </outerBoundaryIs>
                </Polygon>
              </MultiGeometry>
            </Placemark>
          </Folder>
          <Folder>
            <name>E85: uss2_core interuss.automated_testing.flight_planning.v1.UpsertFlightPlan</name>
            <Folder>
              <name>Activity Rejected, flight Planned</name>
              <Placemark>
                <name>Volume 0</name>
                <styleUrl>#Planned_Nominal</styleUrl>
                <TimeSpan>
                  <begin>2026-10-02T15:03:34.598648+00:00</begin>
                  <end>2026-10-02T15:48:35.598648+00:00</end>
                </TimeSpan>
                <MultiGeometry>
                  <Polygon>
                    <altitudeMode>absolute</altitudeMode>
                    <outerBoundaryIs>
                      <LinearRing>
                        <coordinates>-96.75840495207224,32.71792136563181,90.28688227633265 -96.75861737701852,32.71816231903137,90.28688227633265 -96.75823551948804,32.71840061442382,90.28688227633265 -96.75793995876997,32.718149288087204,90.28688227633265</coordinates>
                      </LinearRing>
                    </outerBoundaryIs>
                  </Polygon>
                  <Polygon>
                    <altitudeMode>absolute</altitudeMode>
                    <outerBoundaryIs>
                      <LinearRing>
                        <coordinates>-96.75840495207224,32.71792136563181,150.31688227633265 -96.75861737701852,32.71816231903137,150.31688227633265 -96.75823551948804,32.71840061442382,150.31688227633265 -96.75793995876997,32.718149288087204,150.31688227633265</coordinates>
                      </LinearRing>
                    </outerBoundaryIs>
                  </Polygon>
                  <Polygon>
                    <altitudeMode>absolute</altitudeMode>
                    <outerBoundaryIs>
                      <LinearRing>
                        <coordinates>-96.75840495207224,32.71792136563181,90.28688227633265 -96.75840495207224,32.71792136563181,150.31688227633265 -96.75861737701852,32.71816231903137,150.31688227633265 -96.75861737701852,32.71816231903137,90.28688227633265</coordinates>
                      </LinearRing>
                    </outerBoundaryIs>
                  </Polygon>
                  <Polygon>
                    <altitudeMode>absolute</altitudeMode>
                    <outerBoundaryIs>
                      <LinearRing>
                        <coordinates>-96.75861737701852,32.71816231903137,90.28688227633265 -96.75861737701852,32.71816231903137,150.31688227633265 -96.75823551948804,32.71840061442382,150.31688227633265 -96.75823551948804,32.71840061442382,90.28688227633265</coordinates>
                      </LinearRing>
                    </outerBoundaryIs>
                  </Polygon>
                  <Polygon>
                    <altitudeMode>absolute</altitudeMode>
                    <outerBoundaryIs>
                      <LinearRing>
                        <coordinates>-96.75823551948804,32.71840061442382,90.28688227633265 -96.75823551948804,32.71840061442382,150.31688227633265 -96.75793995876997,32.718149288087204,150.31688227633265 -96.75793995876997,32.718149288087204,90.28688227633265</coordinates>
                      </LinearRing>
                    </outerBoundaryIs>
                  </Polygon>
                  <Polygon>
                    <altitudeMode>absolute</altitudeMode>
                    <outerBoundaryIs>
                      <LinearRing>
                        <coordinates>-96.75793995876997,32.718149288087204,90.28688227633265 -96.75793995876997,32.718149288087204,150.31688227633265 -96.75840495207224,32.71792136563181,150.31688227633265 -96.75840495207224,32.71792136563181,90.28688227633265</coordinates>
                      </LinearRing>
                    </outerBoundaryIs>
                  </Polygon>
                </MultiGeometry>
              </Placemark>
            </Folder>
          </Folder>
          <Folder>
            <name>E88: uss1_dss astm.f3548.v21.dss.queryOperationalIntentReferences</name>
            <Placemark>
              <name>area_of_interest</name>
              <styleUrl>#QueryArea</styleUrl>
              <description><![CDATA[<ul><li>uss2's Accepted 0f0014e2-698d-4c1e-a7c2-94370efb0a57[1]</li><li>uss2's Accepted eab22be9-d504-4476-940d-44f002d61f98[1]</li></ul>]]></description>
              <TimeSpan>
                <begin>2026-10-02T15:03:34.598648+00:00</begin>
                <end>2026-10-02T15:48:35.598648+00:00</end>
              </TimeSpan>
              <MultiGeometry>
                <Polygon>
                  <altitudeMode>absolute</altitudeMode>
                  <outerBoundaryIs>
                    <LinearRing>
                      <coordinates>-96.75885603693884,32.71777243082621,90.28721197182733 -96.75885603693884,32.71840061442382,90.28721197182733 -96.75793995876997,32.71840061442382,90.28721197182733 -96.75793995876997,32.71777243082621,90.28721197182733</coordinates>
                    </LinearRing>
                  </outerBoundaryIs>
                </Polygon>
                <Polygon>
                  <altitudeMode>absolute</altitudeMode>
                  <outerBoundaryIs>
                    <LinearRing>
                      <coordinates>-96.75885603693884,32.71777243082621,150.31721197182733 -96.75885603693884,32.71840061442382,150.31721197182733 -96.75793995876997,32.71840061442382,150.31721197182733 -96.75793995876997,32.71777243082621,150.31721197182733</coordinates>
                    </LinearRing>
                  </outerBoundaryIs>
                </Polygon>
                <Polygon>
                  <altitudeMode>absolute</altitudeMode>
                  <outerBoundaryIs>
                    <LinearRing>
                      <coordinates>-96.75885603693884,32.71777243082621,90.28721197182733 -96.75885603693884,32.71777243082621,150.31721197182733 -96.75885603693884,32.71840061442382,150.31721197182733 -96.75885603693884,32.71840061442382,90.28721197182733</coordinates>
                    </LinearRing>
                  </outerBoundaryIs>
                </Polygon>
                <Polygon>
                  <altitudeMode>absolute</altitudeMode>
                  <outerBoundaryIs>
                    <LinearRing>
                      <coordinates>-96.75885603693884,32.71840061442382,90.28721197182733 -96.75885603693884,32.71840061442382,150.31721197182733 -96.75793995876997,32.71840061442382,150.31721197182733 -96.75793995876997,32.71840061442382,90.28721197182733</coordinates>
                    </LinearRing>
                  </outerBoundaryIs>
                </Polygon>
                <Polygon>
                  <altitudeMode>absolute</altitudeMode>
                  <outerBoundaryIs>
                    <LinearRing>
                      <coordinates>-96.75793995876997,32.71840061442382,90.28721197182733 -96.75793995876997,32.71840061442382,150.31721197182733 -96.75793995876997,32.71777243082621,150.31721197182733 -96.75793995876997,32.71777243082621,90.28721197182733</coordinates>
                    </LinearRing>
                  </outerBoundaryIs>
                </Polygon>
                <Polygon>
                  <altitudeMode>absolute</altitudeMode>
                  <outerBoundaryIs>
                    <LinearRing>
                      <coordinates>-96.75793995876997,32.71777243082621,90.28721197182733 -96.75793995876997,32.71777243082621,150.31721197182733 -96.75885603693884,32.71777243082621,150.31721197182733 -96.75885603693884,32.71777243082621,90.28721197182733</coordinates>
                    </LinearRing>
                  </outerBoundaryIs>
                </Polygon>
              </MultiGeometry>
            </Placemark>
          </Folder>
          <Folder>
            <name>E92: uss2_core astm.f3548.v21.uss.getOperationalIntentDetails</name>
            <Folder>
              <name>uss2's P0 Accepted 0f0014e2-698d-4c1e-a7c2-94370efb0a57[1] @ FJpjnADcoxpvwLIaJgSje9-78hwkePLLs7OrkYuSAE8_</name>
              <Placemark>
                <name>Nominal volume 0</name>
                <styleUrl>#F3548v21Accepted</styleUrl>
                <TimeSpan>
                  <begin>2026-10-02T15:03:35.217244+00:00</begin>
                  <end>2026-10-02T15:48:35.187701+00:00</end>
                </TimeSpan>
                <MultiGeometry>
                  <Polygon>
                    <altitudeMode>absolute</altitudeMode>
                    <outerBoundaryIs>
                      <LinearRing>
                        <coordinates>-96.7586436117025,32.71777243082621,120.32727274253008 -96.75885603693884,32.71801338382339,120.32727274253008 -96.75823551948804,32.71840061442382,120.32727274253008 -96.75793995876997,32.718149288087204,120.32727274253008</coordinates>
                      </LinearRing>
                    </outerBoundaryIs>
                  </Polygon>
                  <Polygon>
                    <altitudeMode>absolute</altitudeMode>
                    <outerBoundaryIs>
                      <LinearRing>
                        <coordinates>-96.7586436117025,32.71777243082621,150.31727274253006 -96.75885603693884,32.71801338382339,150.31727274253006 -96.75823551948804,32.71840061442382,150.31727274253006 -96.75793995876997,32.718149288087204,150.31727274253006</coordinates>
                      </LinearRing>
                    </outerBoundaryIs>
                  </Polygon>
                  <Polygon>
                    <altitudeMode>absolute</altitudeMode>
                    <outerBoundaryIs>
                      <LinearRing>
                        <coordinates>-96.7586436117025,32.71777243082621,120.32727274253008 -96.7586436117025,32.71777243082621,150.31727274253006 -96.75885603693884,32.71801338382339,150.31727274253006 -96.75885603693884,32.71801338382339,120.32727274253008</coordinates>
                      </LinearRing>
                    </outerBoundaryIs>
                  </Polygon>
                  <Polygon>
                    <altitudeMode>absolute</altitudeMode>
                    <outerBoundaryIs>
                      <LinearRing>
                        <coordinates>-96.75885603693884,32.71801338382339,120.32727274253008 -96.75885603693884,32.71801338382339,150.31727274253006 -96.75823551948804,32.71840061442382,150.31727274253006 -96.75823551948804,32.71840061442382,120.32727274253008</coordinates>
                      </LinearRing>
                    </outerBoundaryIs>
                  </Polygon>
                  <Polygon>
                    <altitudeMode>absolute</altitudeMode>
                    <outerBoundaryIs>
                      <LinearRing>
                        <coordinates>-96.75823551948804,32.71840061442382,120.32727274253008 -96.75823551948804,32.71840061442382,150.31727274253006 -96.75793995876997,32.718149288087204,150.31727274253006 -96.75793995876997,32.718149288087204,120.32727274253008</coordinates>
                      </LinearRing>
                    </outerBoundaryIs>
                  </Polygon>
                  <Polygon>
                    <altitudeMode>absolute</altitudeMode>
                    <outerBoundaryIs>
                      <LinearRing>
                        <coordinates>-96.75793995876997,32.718149288087204,120.32727274253008 -96.75793995876997,32.718149288087204,150.31727274253006 -96.7586436117025,32.71777243082621,150.31727274253006 -96.7586436117025,32.71777243082621,120.32727274253008</coordinates>
                      </LinearRing>
                    </outerBoundaryIs>
                  </Polygon>
                </MultiGeometry>
              </Placemark>
            </Folder>
          </Folder>
        </Folder>
      </Folder>
      <Folder>
        <name>Attempt to activate flight in conflict</name>
        <Folder>
          <name>Attempt to activate conflicting Flight 1</name>
          <Folder>
            <name>E101: uss1_dss astm.f3548.v21.dss.queryOperationalIntentReferences</name>
            <Placemark>
              <name>area_of_interest</name>
              <styleUrl>#QueryArea</styleUrl>
              <description><![CDATA[<ul><li>uss2's Accepted 0f0014e2-698d-4c1e-a7c2-94370efb0a57[1]</li><li>uss2's Accepted eab22be9-d504-4476-940d-44f002d61f98[1]</li></ul>]]></description>
              <TimeSpan>
                <begin>2026-10-02T15:03:34.739667+00:00</begin>
                <end>2026-10-02T15:48:35.739667+00:00</end>
              </TimeSpan>
              <MultiGeometry>
                <Polygon>
                  <altitudeMode>absolute</altitudeMode>
                  <outerBoundaryIs>
                    <LinearRing>
                      <coordinates>-96.75885603693884,32.71777243082621,120.32721197182734 -96.75885603693884,32.71840061442382,120.32721197182734 -96.75793995876997,32.71840061442382,120.32721197182734 -96.75793995876997,32.71777243082621,120.32721197182734</coordinates>
                    </LinearRing>
                  </outerBoundaryIs>
                </Polygon>
                <Polygon>
                  <altitudeMode>absolute</altitudeMode>
                  <outerBoundaryIs>
                    <LinearRing>
                      <coordinates>-96.75885603693884,32.71777243082621,150.31721197182733 -96.75885603693884,32.71840061442382,150.31721197182733 -96.75793995876997,32.71840061442382,150.31721197182733 -96.75793995876997,32.71777243082621,150.31721197182733</coordinates>
                    </LinearRing>
                  </outerBoundaryIs>
                </Polygon>
                <Polygon>
                  <altitudeMode>absolute</altitudeMode>
                  <outerBoundaryIs>
                    <LinearRing>
                      <coordinates>-96.75885603693884,32.71777243082621,120.32721197182734 -96.75885603693884,32.71777243082621,150.31721197182733 -96.75885603693884,32.71840061442382,150.31721197182733 -96.75885603693884,32.71840061442382,120.32721197182734</coordinates>
                    </LinearRing>
                  </outerBoundaryIs>
                </Polygon>
                <Polygon>
                  <altitudeMode>absolute</altitudeMode>
                  <outerBoundaryIs>
                    <LinearRing>
                      <coordinates>-96.75885603693884,32.71840061442382,120.32721197182734 -96.75885603693884,32.71840061442382,150.31721197182733 -96.75793995876997,32.71840061442382,150.31721197182733 -96.75793995876997,32.71840061442382,120.32721197182734</coordinates>
                    </LinearRing>
                  </outerBoundaryIs>
                </Polygon>
                <Polygon>
                  <altitudeMode>absolute</altitudeMode>
                  <outerBoundaryIs>
                    <LinearRing>
                      <coordinates>-96.75793995876997,32.71840061442382,120.32721197182734 -96.75793995876997,32.71840061442382,150.31721197182733 -96.75793995876997,32.71777243082621,150.31721197182733 -96.75793995876997,32.71777243082621,120.32721197182734</coordinates>
                    </LinearRing>
                  </outerBoundaryIs>
                </Polygon>
                <Polygon>
                  <altitudeMode>absolute</altitudeMode>
                  <outerBoundaryIs>
                    <LinearRing>
                      <coordinates>-96.75793995876997,32.71777243082621,120.32721197182734 -96.75793995876997,32.71777243082621,150.31721197182733 -96.75885603693884,32.71777243082621,150.31721197182733 -96.75885603693884,32.71777243082621,120.32721197182734</coordinates>
                    </LinearRing>
                  </outerBoundaryIs>
                </Polygon>
              </MultiGeometry>
            </Placemark>
          </Folder>
          <Folder>
            <name>E103: uss2_core interuss.automated_testing.flight_planning.v1.UpsertFlightPlan</name>
            <Folder>
              <name>Activity Rejected, flight Planned</name>
              <Placemark>
                <name>Volume 0</name>
                <styleUrl>#InUse_Nominal</styleUrl>
                <TimeSpan>
                  <begin>2026-10-02T15:03:34.739667+00:00</begin>
                  <end>2026-10-02T15:48:35.739667+00:00</end>
                </TimeSpan>
                <MultiGeometry>
                  <Polygon>
                    <altitudeMode>absolute</altitudeMode>
                    <outerBoundaryIs>
                      <LinearRing>
                        <coordinates>-96.7586436117025,32.71777243082621,120.33727274253008 -96.75885603693884,32.71801338382339,120.33727274253008 -96.75823551948804,32.71840061442382,120.33727274253008 -96.75793995876997,32.718149288087204,120.33727274253008</coordinates>
                      </LinearRing>
                    </outerBoundaryIs>
                  </Polygon>
                  <Polygon>
                    <altitudeMode>absolute</altitudeMode>
                    <outerBoundaryIs>
                      <LinearRing>
                        <coordinates>-96.7586436117025,32.71777243082621,150.31727274253006 -96.75885603693884,32.71801338382339,150.31727274253006 -96.75823551948804,32.71840061442382,150.31727274253006 -96.75793995876997,32.718149288087204,150.31727274253006</coordinates>
                      </LinearRing>
                    </outerBoundaryIs>
                  </Polygon>
                  <Polygon>
                    <altitudeMode>absolute</altitudeMode>
                    <outerBoundaryIs>
                      <LinearRing>
                        <coordinates>-96.7586436117025,32.71777243082621,120.33727274253008 -96.7586436117025,32.71777243082621,150.31727274253006 -96.75885603693884,32.71801338382339,150.31727274253006 -96.75885603693884,32.71801338382339,120.33727274253008</coordinates>
                      </LinearRing>
                    </outerBoundaryIs>
                  </Polygon>
                  <Polygon>
                    <altitudeMode>absolute</altitudeMode>
                    <outerBoundaryIs>
                      <LinearRing>
                        <coordinates>-96.75885603693884,32.71801338382339,120.33727274253008 -96.75885603693884,32.71801338382339,150.31727274253006 -96.75823551948804,32.71840061442382,150.31727274253006 -96.75823551948804,32.71840061442382,120.33727274253008</coordinates>
                      </LinearRing>
                    </outerBoundaryIs>
                  </Polygon>
                  <Polygon>
                    <altitudeMode>absolute</altitudeMode>
                    <outerBoundaryIs>
                      <LinearRing>
                        <coordinates>-96.75823551948804,32.71840061442382,120.33727274253008 -96.75823551948804,32.71840061442382,150.31727274253006 -96.75793995876997,32.718149288087204,150.31727274253006 -96.75793995876997,32.718149288087204,120.33727274253008</coordinates>
                      </LinearRing>
                    </outerBoundaryIs>
                  </Polygon>
                  <Polygon>
                    <altitudeMode>absolute</altitudeMode>
                    <outerBoundaryIs>
                      <LinearRing>
                        <coordinates>-96.75793995876997,32.718149288087204,120.33727274253008 -96.75793995876997,32.718149288087204,150.31727274253006 -96.7586436117025,32.71777243082621,150.31727274253006 -96.7586436117025,32.71777243082621,120.33727274253008</coordinates>
                      </LinearRing>
                    </outerBoundaryIs>
                  </Polygon>
                </MultiGeometry>
              </Placemark>
            </Folder>
          </Folder>
          <Folder>
            <name>E106: uss1_dss astm.f3548.v21.dss.queryOperationalIntentReferences</name>
            <Placemark>
              <name>area_of_interest</name>
              <styleUrl>#QueryArea</styleUrl>
              <description><![CDATA[<ul><li>uss2's Accepted 0f0014e2-698d-4c1e-a7c2-94370efb0a57[1]</li><li>uss2's Accepted eab22be9-d504-4476-940d-44f002d61f98[1]</li></ul>]]></description>
              <TimeSpan>
                <begin>2026-10-02T15:03:34.739667+00:00</begin>
                <end>2026-10-02T15:48:35.739667+00:00</end>
              </TimeSpan>
              <MultiGeometry>
                <Polygon>
                  <altitudeMode>absolute</altitudeMode>
                  <outerBoundaryIs>
                    <LinearRing>
                      <coordinates>-96.75885603693884,32.71777243082621,120.32721197182734 -96.75885603693884,32.71840061442382,120.32721197182734 -96.75793995876997,32.71840061442382,120.32721197182734 -96.75793995876997,32.71777243082621,120.32721197182734</coordinates>
                    </LinearRing>
                  </outerBoundaryIs>
                </Polygon>
                <Polygon>
                  <altitudeMode>absolute</altitudeMode>
                  <outerBoundaryIs>
                    <LinearRing>
                      <coordinates>-96.75885603693884,32.71777243082621,150.31721197182733 -96.75885603693884,32.71840061442382,150.31721197182733 -96.75793995876997,32.71840061442382,150.31721197182733 -96.75793995876997,32.71777243082621,150.31721197182733</coordinates>
                    </LinearRing>
                  </outerBoundaryIs>
                </Polygon>
                <Polygon>
                  <altitudeMode>absolute</altitudeMode>
                  <outerBoundaryIs>
                    <LinearRing>
                      <coordinates>-96.75885603693884,32.71777243082621,120.32721197182734 -96.75885603693884,32.71777243082621,150.31721197182733 -96.75885603693884,32.71840061442382,150.31721197182733 -96.75885603693884,32.71840061442382,120.32721197182734</coordinates>
                    </LinearRing>
                  </outerBoundaryIs>
                </Polygon>
                <Polygon>
                  <altitudeMode>absolute</altitudeMode>
                  <outerBoundaryIs>
                    <LinearRing>
                      <coordinates>-96.75885603693884,32.71840061442382,120.32721197182734 -96.75885603693884,32.71840061442382,150.31721197182733 -96.75793995876997,32.71840061442382,150.31721197182733 -96.75793995876997,32.71840061442382,120.32721197182734</coordinates>
                    </LinearRing>
                  </outerBoundaryIs>
                </Polygon>
                <Polygon>
                  <altitudeMode>absolute</altitudeMode>
                  <outerBoundaryIs>
                    <LinearRing>
                      <coordinates>-96.75793995876997,32.71840061442382,120.32721197182734 -96.75793995876997,32.71840061442382,150.31721197182733 -96.75793995876997,32.71777243082621,150.31721197182733 -96.75793995876997,32.71777243082621,120.32721197182734</coordinates>
                    </LinearRing>
                  </outerBoundaryIs>
                </Polygon>
                <Polygon>
                  <altitudeMode>absolute</altitudeMode>
                  <outerBoundaryIs>
                    <LinearRing>
                      <coordinates>-96.75793995876997,32.71777243082621,120.32721197182734 -96.75793995876997,32.71777243082621,150.31721197182733 -96.75885603693884,32.71777243082621,150.31721197182733 -96.75885603693884,32.71777243082621,120.32721197182734</coordinates>
                    </LinearRing>
                  </outerBoundaryIs>
                </Polygon>
              </MultiGeometry>
            </Placemark>
          </Folder>
          <Folder>
            <name>E110: uss2_core astm.f3548.v21.uss.getOperationalIntentDetails</name>
            <Folder>
              <name>uss2's P0 Accepted 0f0014e2-698d-4c1e-a7c2-94370efb0a57[1] @ FJpjnADcoxpvwLIaJgSje9-78hwkePLLs7OrkYuSAE8_</name>
              <Placemark>
                <name>Nominal volume 0</name>
                <styleUrl>#F3548v21Accepted</styleUrl>
                <TimeSpan>
                  <begin>2026-10-02T15:03:35.217244+00:00</begin>
                  <end>2026-10-02T15:48:35.187701+00:00</end>
                </TimeSpan>
                <MultiGeometry>
                  <Polygon>
                    <altitudeMode>absolute</altitudeMode>
                    <outerBoundaryIs>
                      <LinearRing>
                        <coordinates>-96.7586436117025,32.71777243082621,120.32727274253008 -96.75885603693884,32.71801338382339,120.32727274253008 -96.75823551948804,32.71840061442382,120.32727274253008 -96.75793995876997,32.718149288087204,120.32727274253008</coordinates>
                      </LinearRing>
                    </outerBoundaryIs>
                  </Polygon>
                  <Polygon>
                    <altitudeMode>absolute</altitudeMode>
                    <outerBoundaryIs>
                      <LinearRing>
                        <coordinates>-96.7586436117025,32.71777243082621,150.31727274253006 -96.75885603693884,32.71801338382339,150.31727274253006 -96.75823551948804,32.71840061442382,150.31727274253006 -96.75793995876997,32.718149288087204,150.31727274253006</coordinates>
                      </LinearRing>
                    </outerBoundaryIs>
                  </Polygon>
                  <Polygon>
                    <altitudeMode>absolute</altitudeMode>
                    <outerBoundaryIs>
                      <LinearRing>
                        <coordinates>-96.7586436117025,32.71777243082621,120.32727274253008 -96.7586436117025,32.71777243082621,150.31727274253006 -96.75885603693884,32.71801338382339,150.31727274253006 -96.75885603693884,32.71801338382339,120.32727274253008</coordinates>
                      </LinearRing>
                    </outerBoundaryIs>
                  </Polygon>
                  <Polygon>
                    <altitudeMode>absolute</altitudeMode>
                    <outerBoundaryIs>
                      <LinearRing>
                        <coordinates>-96.75885603693884,32.71801338382339,120.32727274253008 -96.75885603693884,32.71801338382339,150.31727274253006 -96.75823551948804,32.71840061442382,150.31727274253006 -96.75823551948804,32.71840061442382,120.32727274253008</coordinates>
                      </LinearRing>
                    </outerBoundaryIs>
                  </Polygon>
                  <Polygon>
                    <altitudeMode>absolute</altitudeMode>
                    <outerBoundaryIs>
                      <LinearRing>
                        <coordinates>-96.75823551948804,32.71840061442382,120.32727274253008 -96.75823551948804,32.71840061442382,150.31727274253006 -96.75793995876997,32.718149288087204,150.31727274253006 -96.75793995876997,32.718149288087204,120.32727274253008</coordinates>
                      </LinearRing>
                    </outerBoundaryIs>
                  </Polygon>
                  <Polygon>
                    <altitudeMode>absolute</altitudeMode>
                    <outerBoundaryIs>
                      <LinearRing>
                        <coordinates>-96.75793995876997,32.718149288087204,120.32727274253008 -96.75793995876997,32.718149288087204,150.31727274253006 -96.7586436117025,32.71777243082621,150.31727274253006 -96.7586436117025,32.71777243082621,120.32727274253008</coordinates>
                      </LinearRing>
                    </outerBoundaryIs>
                  </Polygon>
                </MultiGeometry>
              </Placemark>
            </Folder>
          </Folder>
        </Folder>
      </Folder>
      <Folder>
        <name>Modify activated flight with pre-existing conflict</name>
        <Folder>
          <name>Delete Flight 2</name>
        </Folder>
        <Folder>
          <name>Activate Flight 1</name>
          <Folder>
            <name>E121: uss1_dss astm.f3548.v21.dss.queryOperationalIntentReferences</name>
            <Placemark>
              <name>area_of_interest</name>
              <styleUrl>#QueryArea</styleUrl>
              <description><![CDATA[<ul><li>uss2's Accepted 0f0014e2-698d-4c1e-a7c2-94370efb0a57[1]</li></ul>]]></description>
              <TimeSpan>
                <begin>2026-10-02T15:03:34.925020+00:00</begin>
                <end>2026-10-02T15:48:35.925020+00:00</end>
              </TimeSpan>
              <MultiGeometry>
                <Polygon>
                  <altitudeMode>absolute</altitudeMode>
                  <outerBoundaryIs>
                    <LinearRing>
                      <coordinates>-96.75885603693884,32.71777243082621,120.33721197182733 -96.75885603693884,32.71840061442382,120.33721197182733 -96.75793995876997,32.71840061442382,120.33721197182733 -96.75793995876997,32.71777243082621,120.33721197182733</coordinates>
                    </LinearRing>
                  </outerBoundaryIs>
                </Polygon>
                <Polygon>
                  <altitudeMode>absolute</altitudeMode>
                  <outerBoundaryIs>
                    <LinearRing>
                      <coordinates>-96.75885603693884,32.71777243082621,150.31721197182733 -96.75885603693884,32.71840061442382,150.31721197182733 -96.75793995876997,32.71840061442382,150.31721197182733 -96.75793995876997,32.71777243082621,150.31721197182733</coordinates>
                    </LinearRing>
                  </outerBoundaryIs>
                </Polygon>
                <Polygon>
                  <altitudeMode>absolute</altitudeMode>
                  <outerBoundaryIs>
                    <LinearRing>
                      <coordinates>-96.75885603693884,32.71777243082621,120.33721197182733 -96.75885603693884,32.71777243082621,150.31721197182733 -96.75885603693884,32.71840061442382,150.31721197182733 -96.75885603693884,32.71840061442382,120.33721197182733</coordinates>
                    </LinearRing>
                  </outerBoundaryIs>
                </Polygon>
                <Polygon>
                  <altitudeMode>absolute</altitudeMode>
                  <outerBoundaryIs>
                    <LinearRing>
                      <coordinates>-96.75885603693884,32.71840061442382,120.33721197182733 -96.75885603693884,32.71840061442382,150.31721197182733 -96.75793995876997,32.71840061442382,150.31721197182733 -96.75793995876997,32.71840061442382,120.33721197182733</coordinates>
                    </LinearRing>
                  </outerBoundaryIs>
                </Polygon>
                <Polygon>
                  <altitudeMode>absolute</altitudeMode>
                  <outerBoundaryIs>
                    <LinearRing>
                      <coordinates>-96.75793995876997,32.71840061442382,120.33721197182733 -96.75793995876997,32.71840061442382,150.31721197182733 -96.75793995876997,32.71777243082621,150.31721197182733 -96.75793995876997,32.71777243082621,120.33721197182733</coordinates>
                    </LinearRing>
                  </outerBoundaryIs>
                </Polygon>
                <Polygon>
                  <altitudeMode>absolute</altitudeMode>
                  <outerBoundaryIs>
                    <LinearRing>
                      <coordinates>-96.75793995876997,32.71777243082621,120.33721197182733 -96.75793995876997,32.71777243082621,150.31721197182733 -96.75885603693884,32.71777243082621,150.31721197182733 -96.75885603693884,32.71777243082621,120.33721197182733</coordinates>
                    </LinearRing>
                  </outerBoundaryIs>
                </Polygon>
              </MultiGeometry>
            </Placemark>
          </Folder>
          <Folder>
            <name>E123: uss2_core interuss.automated_testing.flight_planning.v1.UpsertFlightPlan</name>
            <Folder>
              <name>Activity Completed, flight OkToFly</name>
              <Placemark>
                <name>Volume 0</name>
                <styleUrl>#InUse_Nominal</styleUrl>
                <TimeSpan>
                  <begin>2026-10-02T15:03:34.925020+00:00</begin>
                  <end>2026-10-02T15:48:35.925020+00:00</end>
                </TimeSpan>
                <MultiGeometry>
                  <Polygon>
                    <altitudeMode>absolute</altitudeMode>
                    <outerBoundaryIs>
                      <LinearRing>
                        <coordinates>-96.7586436117025,32.71777243082621,120.33727274253008 -96.75885603693884,32.71801338382339,120.33727274253008 -96.75823551948804,32.71840061442382,120.33727274253008 -96.75793995876997,32.718149288087204,120.33727274253008</coordinates>
                      </LinearRing>
                    </outerBoundaryIs>
                  </Polygon>
                  <Polygon>
                    <altitudeMode>absolute</altitudeMode>
                    <outerBoundaryIs>
                      <LinearRing>
                        <coordinates>-96.7586436117025,32.71777243082621,150.31727274253006 -96.75885603693884,32.71801338382339,150.31727274253006 -96.75823551948804,32.71840061442382,150.31727274253006 -96.75793995876997,32.718149288087204,150.31727274253006</coordinates>
                      </LinearRing>
                    </outerBoundaryIs>
                  </Polygon>
                  <Polygon>
                    <altitudeMode>absolute</altitudeMode>
                    <outerBoundaryIs>
                      <LinearRing>
                        <coordinates>-96.7586436117025,32.71777243082621,120.33727274253008 -96.7586436117025,32.71777243082621,150.31727274253006 -96.75885603693884,32.71801338382339,150.31727274253006 -96.75885603693884,32.71801338382339,120.33727274253008</coordinates>
                      </LinearRing>
                    </outerBoundaryIs>
                  </Polygon>
                  <Polygon>
                    <altitudeMode>absolute</altitudeMode>
                    <outerBoundaryIs>
                      <LinearRing>
                        <coordinates>-96.75885603693884,32.71801338382339,120.33727274253008 -96.75885603693884,32.71801338382339,150.31727274253006 -96.75823551948804,32.71840061442382,150.31727274253006 -96.75823551948804,32.71840061442382,120.33727274253008</coordinates>
                      </LinearRing>
                    </outerBoundaryIs>
                  </Polygon>
                  <Polygon>
                    <altitudeMode>absolute</altitudeMode>
                    <outerBoundaryIs>
                      <LinearRing>
                        <coordinates>-96.75823551948804,32.71840061442382,120.33727274253008 -96.75823551948804,32.71840061442382,150.31727274253006 -96.75793995876997,32.718149288087204,150.31727274253006 -96.75793995876997,32.718149288087204,120.33727274253008</coordinates>
                      </LinearRing>
                    </outerBoundaryIs>
                  </Polygon>
                  <Polygon>
                    <altitudeMode>absolute</altitudeMode>
                    <outerBoundaryIs>
                      <LinearRing>
                        <coordinates>-96.75793995876997,32.718149288087204,120.33727274253008 -96.75793995876997,32.718149288087204,150.31727274253006 -96.7586436117025,32.71777243082621,150.31727274253006 -96.7586436117025,32.71777243082621,120.33727274253008</coordinates>
                      </LinearRing>
                    </outerBoundaryIs>
                  </Polygon>
                </MultiGeometry>
              </Placemark>
            </Folder>
          </Folder>
          <Folder>
            <name>E127: uss1_dss astm.f3548.v21.dss.queryOperationalIntentReferences</name>
            <Placemark>
              <name>area_of_interest</name>
              <styleUrl>#QueryArea</styleUrl>
              <description><![CDATA[<ul><li>uss2's Activated 0f0014e2-698d-4c1e-a7c2-94370efb0a57[2]</li></ul>]]></description>
              <TimeSpan>
                <begin>2026-10-02T15:03:34.925020+00:00</begin>
                <end>2026-10-02T15:48:35.925020+00:00</end>
              </TimeSpan>
              <MultiGeometry>
                <Polygon>
                  <altitudeMode>absolute</altitudeMode>
                  <outerBoundaryIs>
                    <LinearRing>
                      <coordinates>-96.75885603693884,32.71777243082621,120.33721197182733 -96.75885603693884,32.71840061442382,120.33721197182733 -96.75793995876997,32.71840061442382,120.33721197182733 -96.75793995876997,32.71777243082621,120.33721197182733</coordinates>
                    </LinearRing>
                  </outerBoundaryIs>
                </Polygon>
                <Polygon>
                  <altitudeMode>absolute</altitudeMode>
                  <outerBoundaryIs>
                    <LinearRing>
                      <coordinates>-96.75885603693884,32.71777243082621,150.31721197182733 -96.75885603693884,32.71840061442382,150.31721197182733 -96.75793995876997,32.71840061442382,150.31721197182733 -96.75793995876997,32.71777243082621,150.31721197182733</coordinates>
                    </LinearRing>
                  </outerBoundaryIs>
                </Polygon>
                <Polygon>
                  <altitudeMode>absolute</altitudeMode>
                  <outerBoundaryIs>
                    <LinearRing>
                      <coordinates>-96.75885603693884,32.71777243082621,120.33721197182733 -96.75885603693884,32.71777243082621,150.31721197182733 -96.75885603693884,32.71840061442382,150.31721197182733 -96.75885603693884,32.71840061442382,120.33721197182733</coordinates>
                    </LinearRing>
                  </outerBoundaryIs>
                </Polygon>
                <Polygon>
                  <altitudeMode>absolute</altitudeMode>
                  <outerBoundaryIs>
                    <LinearRing>
                      <coordinates>-96.75885603693884,32.71840061442382,120.33721197182733 -96.75885603693884,32.71840061442382,150.31721197182733 -96.75793995876997,32.71840061442382,150.31721197182733 -96.75793995876997,32.71840061442382,120.33721197182733</coordinates>
                    </LinearRing>
                  </outerBoundaryIs>
                </Polygon>
                <Polygon>
                  <altitudeMode>absolute</altitudeMode>
                  <outerBoundaryIs>
                    <LinearRing>
                      <coordinates>-96.75793995876997,32.71840061442382,120.33721197182733 -96.75793995876997,32.71840061442382,150.31721197182733 -96.75793995876997,32.71777243082621,150.31721197182733 -96.75793995876997,32.71777243082621,120.33721197182733</coordinates>
                    </LinearRing>
                  </outerBoundaryIs>
                </Polygon>
                <Polygon>
                  <altitudeMode>absolute</altitudeMode>
                  <outerBoundaryIs>
                    <LinearRing>
                      <coordinates>-96.75793995876997,32.71777243082621,120.33721197182733 -96.75793995876997,32.71777243082621,150.31721197182733 -96.75885603693884,32.71777243082621,150.31721197182733 -96.75885603693884,32.71777243082621,120.33721197182733</coordinates>
                    </LinearRing>
                  </outerBoundaryIs>
                </Polygon>
              </MultiGeometry>
            </Placemark>
          </Folder>
          <Folder>
            <name>E132: uss2_core astm.f3548.v21.uss.getOperationalIntentDetails</name>
            <Folder>
              <name>uss2's P0 Activated 0f0014e2-698d-4c1e-a7c2-94370efb0a57[2] @ pL52j4LtNR2BrA7QE56s5VjZPFbDBxyUZFHvylbg42A_</name>
              <Placemark>
                <name>Nominal volume 0</name>
                <styleUrl>#F3548v21Activated</styleUrl>
                <TimeSpan>
                  <begin>2026-10-02T15:03:35.956915+00:00</begin>
                  <end>2026-10-02T15:48:35.925020+00:00</end>
                </TimeSpan>
                <MultiGeometry>
                  <Polygon>
                    <altitudeMode>absolute</altitudeMode>
                    <outerBoundaryIs>
                      <LinearRing>
                        <coordinates>-96.7586436117025,32.71777243082621,120.33727274253008 -96.75885603693884,32.71801338382339,120.33727274253008 -96.75823551948804,32.71840061442382,120.33727274253008 -96.75793995876997,32.718149288087204,120.33727274253008</coordinates>
                      </LinearRing>
                    </outerBoundaryIs>
                  </Polygon>
                  <Polygon>
                    <altitudeMode>absolute</altitudeMode>
                    <outerBoundaryIs>
                      <LinearRing>
                        <coordinates>-96.7586436117025,32.71777243082621,150.31727274253006 -96.75885603693884,32.71801338382339,150.31727274253006 -96.75823551948804,32.71840061442382,150.31727274253006 -96.75793995876997,32.718149288087204,150.31727274253006</coordinates>
                      </LinearRing>
                    </outerBoundaryIs>
                  </Polygon>
                  <Polygon>
                    <altitudeMode>absolute</altitudeMode>
                    <outerBoundaryIs>
                      <LinearRing>
                        <coordinates>-96.7586436117025,32.71777243082621,120.33727274253008 -96.7586436117025,32.71777243082621,150.31727274253006 -96.75885603693884,32.71801338382339,150.31727274253006 -96.75885603693884,32.71801338382339,120.33727274253008</coordinates>
                      </LinearRing>
                    </outerBoundaryIs>
                  </Polygon>
                  <Polygon>
                    <altitudeMode>absolute</altitudeMode>
                    <outerBoundaryIs>
                      <LinearRing>
                        <coordinates>-96.75885603693884,32.71801338382339,120.33727274253008 -96.75885603693884,32.71801338382339,150.31727274253006 -96.75823551948804,32.71840061442382,150.31727274253006 -96.75823551948804,32.71840061442382,120.33727274253008</coordinates>
                      </LinearRing>
                    </outerBoundaryIs>
                  </Polygon>
                  <Polygon>
                    <altitudeMode>absolute</altitudeMode>
                    <outerBoundaryIs>
                      <LinearRing>
                        <coordinates>-96.75823551948804,32.71840061442382,120.33727274253008 -96.75823551948804,32.71840061442382,150.31727274253006 -96.75793995876997,32.718149288087204,150.31727274253006 -96.75793995876997,32.718149288087204,120.33727274253008</coordinates>
                      </LinearRing>
                    </outerBoundaryIs>
                  </Polygon>
                  <Polygon>
                    <altitudeMode>absolute</altitudeMode>
                    <outerBoundaryIs>
                      <LinearRing>
                        <coordinates>-96.75793995876997,32.718149288087204,120.33727274253008 -96.75793995876997,32.718149288087204,150.31727274253006 -96.7586436117025,32.71777243082621,150.31727274253006 -96.7586436117025,32.71777243082621,120.33727274253008</coordinates>
                      </LinearRing>
                    </outerBoundaryIs>
                  </Polygon>
                </MultiGeometry>
              </Placemark>
            </Folder>
          </Folder>
        </Folder>
        <Folder>
          <name>Plan Flight 2</name>
          <Folder>
            <name>E141: uss1_dss astm.f3548.v21.dss.queryOperationalIntentReferences</name>
            <Placemark>
              <name>area_of_interest</name>
              <styleUrl>#QueryArea</styleUrl>
              <description><![CDATA[<ul><li>uss2's Activated 0f0014e2-698d-4c1e-a7c2-94370efb0a57[2]</li></ul>]]></description>
              <TimeSpan>
                <begin>2026-10-02T15:03:35.119719+00:00</begin>
                <end>2026-10-02T15:48:36.119719+00:00</end>
              </TimeSpan>
              <MultiGeometry>
                <Polygon>
                  <altitudeMode>absolute</altitudeMode>
                  <outerBoundaryIs>
                    <LinearRing>
                      <coordinates>-96.75899607628425,32.717821632855895,119.24813014424481 -96.75899607628425,32.718424015430124,119.24813014424481 -96.75846501195453,32.718424015430124,119.24813014424481 -96.75846501195453,32.717821632855895,119.24813014424481</coordinates>
                    </LinearRing>
                  </outerBoundaryIs>
                </Polygon>
                <Polygon>
                  <altitudeMode>absolute</altitudeMode>
                  <outerBoundaryIs>
                    <LinearRing>
                      <coordinates>-96.75899607628425,32.717821632855895,148.3181301442448 -96.75899607628425,32.718424015430124,148.3181301442448 -96.75846501195453,32.718424015430124,148.3181301442448 -96.75846501195453,32.717821632855895,148.3181301442448</coordinates>
                    </LinearRing>
                  </outerBoundaryIs>
                </Polygon>
                <Polygon>
                  <altitudeMode>absolute</altitudeMode>
                  <outerBoundaryIs>
                    <LinearRing>
                      <coordinates>-96.75899607628425,32.717821632855895,119.24813014424481 -96.75899607628425,32.717821632855895,148.3181301442448 -96.75899607628425,32.718424015430124,148.3181301442448 -96.75899607628425,32.718424015430124,119.24813014424481</coordinates>
                    </LinearRing>
                  </outerBoundaryIs>
                </Polygon>
                <Polygon>
                  <altitudeMode>absolute</altitudeMode>
                  <outerBoundaryIs>
                    <LinearRing>
                      <coordinates>-96.75899607628425,32.718424015430124,119.24813014424481 -96.75899607628425,32.718424015430124,148.3181301442448 -96.75846501195453,32.718424015430124,148.3181301442448 -96.75846501195453,32.718424015430124,119.24813014424481</coordinates>
                    </LinearRing>
                  </outerBoundaryIs>
                </Polygon>
                <Polygon>
                  <altitudeMode>absolute</altitudeMode>
                  <outerBoundaryIs>
                    <LinearRing>
                      <coordinates>-96.75846501195453,32.718424015430124,119.24813014424481 -96.75846501195453,32.718424015430124,148.3181301442448 -96.75846501195453,32.717821632855895,148.3181301442448 -96.75846501195453,32.717821632855895,119.24813014424481</coordinates>
                    </LinearRing>
                  </outerBoundaryIs>
                </Polygon>
                <Polygon>
                  <altitudeMode>absolute</altitudeMode>
                  <outerBoundaryIs>
                    <LinearRing>
                      <coordinates>-96.75846501195453,32.717821632855895,119.24813014424481 -96.75846501195453,32.717821632855895,148.3181301442448 -96.75899607628425,32.717821632855895,148.3181301442448 -96.75899607628425,32.717821632855895,119.24813014424481</coordinates>
                    </LinearRing>
                  </outerBoundaryIs>
                </Polygon>
              </MultiGeometry>
            </Placemark>
          </Folder>
          <Folder>
            <name>E143: uss2_core interuss.automated_testing.flight_planning.v1.UpsertFlightPlan</name>
            <Folder>
              <name>Activity Completed, flight Planned</name>
              <Placemark>
                <name>Volume 0</name>
                <styleUrl>#Planned_Nominal</styleUrl>
                <TimeSpan>
                  <begin>2026-10-02T15:03:35.119719+00:00</begin>
                  <end>2026-10-02T15:48:36.119719+00:00</end>
                </TimeSpan>
                <MultiGeometry>
                  <Polygon>
                    <altitudeMode>absolute</altitudeMode>
                    <outerBoundaryIs>
                      <LinearRing>
                        <coordinates>-96.75897457751377,32.71806391428686,119.2481663576577 -96.75846501195453,32.717821632855895,119.2481663576577 -96.75855731707719,32.71826205187991,119.2481663576577 -96.75899607628423,32.71842401543012,119.2481663576577</coordinates>
                      </LinearRing>
                    </outerBoundaryIs>
                  </Polygon>
                  <Polygon>
                    <altitudeMode>absolute</altitudeMode>
                    <outerBoundaryIs>
                      <LinearRing>
                        <coordinates>-96.75897457751377,32.71806391428686,148.3181663576577 -96.75846501195453,32.717821632855895,148.3181663576577 -96.75855731707719,32.71826205187991,148.3181663576577 -96.75899607628423,32.71842401543012,148.3181663576577</coordinates>
                      </LinearRing>
                    </outerBoundaryIs>
                  </Polygon>
                  <Polygon>
                    <altitudeMode>absolute</altitudeMode>
                    <outerBoundaryIs>
                      <LinearRing>
                        <coordinates>-96.75897457751377,32.71806391428686,119.2481663576577 -96.75897457751377,32.71806391428686,148.3181663576577 -96.75846501195453,32.717821632855895,148.3181663576577 -96.75846501195453,32.717821632855895,119.2481663576577</coordinates>
                      </LinearRing>
                    </outerBoundaryIs>
                  </Polygon>
                  <Polygon>
                    <altitudeMode>absolute</altitudeMode>
                    <outerBoundaryIs>
                      <LinearRing>
                        <coordinates>-96.75846501195453,32.717821632855895,119.2481663576577 -96.75846501195453,32.717821632855895,148.3181663576577 -96.75855731707719,32.71826205187991,148.3181663576577 -96.75855731707719,32.71826205187991,119.2481663576577</coordinates>
                      </LinearRing>
                    </outerBoundaryIs>
                  </Polygon>
                  <Polygon>
                    <altitudeMode>absolute</altitudeMode>
                    <outerBoundaryIs>
                      <LinearRing>
                        <coordinates>-96.75855731707719,32.71826205187991,119.2481663576577 -96.75855731707719,32.71826205187991,148.3181663576577 -96.75899607628423,32.71842401543012,148.3181663576577 -96.75899607628423,32.71842401543012,119.2481663576577</coordinates>
                      </LinearRing>
                    </outerBoundaryIs>
                  </Polygon>
                  <Polygon>
                    <altitudeMode>absolute</altitudeMode>
                    <outerBoundaryIs>
                      <LinearRing>
                        <coordinates>-96.75899607628423,32.71842401543012,119.2481663576577 -96.75899607628423,32.71842401543012,148.3181663576577 -96.75897457751377,32.71806391428686,148.3181663576577 -96.75897457751377,32.71806391428686,119.2481663576577</coordinates>
                      </LinearRing>
                    </outerBoundaryIs>
                  </Polygon>
                </MultiGeometry>
              </Placemark>
            </Folder>
          </Folder>
          <Folder>
            <name>E147: uss1_dss astm.f3548.v21.dss.queryOperationalIntentReferences</name>
            <Placemark>
              <name>area_of_interest</name>
              <styleUrl>#QueryArea</styleUrl>
              <description><![CDATA[<ul><li>uss2's Activated 0f0014e2-698d-4c1e-a7c2-94370efb0a57[2]</li><li>uss2's Accepted 2e41d355-e7d2-4662-8f9b-783ea51d0d1b[1]</li></ul>]]></description>
              <TimeSpan>
                <begin>2026-10-02T15:03:35.119719+00:00</begin>
                <end>2026-10-02T15:48:36.119719+00:00</end>
              </TimeSpan>
              <MultiGeometry>
                <Polygon>
                  <altitudeMode>absolute</altitudeMode>
                  <outerBoundaryIs>
                    <LinearRing>
                      <coordinates>-96.75899607628425,32.717821632855895,119.24813014424481 -96.75899607628425,32.718424015430124,119.24813014424481 -96.75846501195453,32.718424015430124,119.24813014424481 -96.75846501195453,32.717821632855895,119.24813014424481</coordinates>
                    </LinearRing>
                  </outerBoundaryIs>
                </Polygon>
                <Polygon>
                  <altitudeMode>absolute</altitudeMode>
                  <outerBoundaryIs>
                    <LinearRing>
                      <coordinates>-96.75899607628425,32.717821632855895,148.3181301442448 -96.75899607628425,32.718424015430124,148.3181301442448 -96.75846501195453,32.718424015430124,148.3181301442448 -96.75846501195453,32.717821632855895,148.3181301442448</coordinates>
                    </LinearRing>
                  </outerBoundaryIs>
                </Polygon>
                <Polygon>
                  <altitudeMode>absolute</altitudeMode>
                  <outerBoundaryIs>
                    <LinearRing>
                      <coordinates>-96.75899607628425,32.717821632855895,119.24813014424481 -96.75899607628425,32.717821632855895,148.3181301442448 -96.75899607628425,32.718424015430124,148.3181301442448 -96.75899607628425,32.718424015430124,119.24813014424481</coordinates>
                    </LinearRing>
                  </outerBoundaryIs>
                </Polygon>
                <Polygon>
                  <altitudeMode>absolute</altitudeMode>
                  <outerBoundaryIs>
                    <LinearRing>
                      <coordinates>-96.75899607628425,32.718424015430124,119.24813014424481 -96.75899607628425,32.718424015430124,148.3181301442448 -96.75846501195453,32.718424015430124,148.3181301442448 -96.75846501195453,32.718424015430124,119.24813014424481</coordinates>
                    </LinearRing>
                  </outerBoundaryIs>
                </Polygon>
                <Polygon>
                  <altitudeMode>absolute</altitudeMode>
                  <outerBoundaryIs>
                    <LinearRing>
                      <coordinates>-96.75846501195453,32.718424015430124,119.24813014424481 -96.75846501195453,32.718424015430124,148.3181301442448 -96.75846501195453,32.717821632855895,148.3181301442448 -96.75846501195453,32.717821632855895,119.24813014424481</coordinates>
                    </LinearRing>
                  </outerBoundaryIs>
                </Polygon>
                <Polygon>
                  <altitudeMode>absolute</altitudeMode>
                  <outerBoundaryIs>
                    <LinearRing>
                      <coordinates>-96.75846501195453,32.717821632855895,119.24813014424481 -96.75846501195453,32.717821632855895,148.3181301442448 -96.75899607628425,32.717821632855895,148.3181301442448 -96.75899607628425,32.717821632855895,119.24813014424481</coordinates>
                    </LinearRing>
                  </outerBoundaryIs>
                </Polygon>
              </MultiGeometry>
            </Placemark>
          </Folder>
          <Folder>
            <name>E151: uss2_core astm.f3548.v21.uss.getOperationalIntentDetails</name>
            <Folder>
              <name>uss2's P100 Accepted 2e41d355-e7d2-4662-8f9b-783ea51d0d1b[1] @ 85yi1SIaO6Hl3hRfzn6IuHreoFmZMy3ky6IBm.fe63k_</name>
              <Placemark>
                <name>Nominal volume 0</name>
                <styleUrl>#F3548v21Accepted</styleUrl>
                <TimeSpan>
                  <begin>2026-10-02T15:03:36.153058+00:00</begin>
                  <end>2026-10-02T15:48:36.119719+00:00</end>
                </TimeSpan>
                <MultiGeometry>
                  <Polygon>
                    <altitudeMode>absolute</altitudeMode>
                    <outerBoundaryIs>
                      <LinearRing>
                        <coordinates>-96.75897457751377,32.71806391428686,119.2481663576577 -96.75846501195453,32.717821632855895,119.2481663576577 -96.75855731707719,32.71826205187991,119.2481663576577 -96.75899607628423,32.71842401543012,119.2481663576577</coordinates>
                      </LinearRing>
                    </outerBoundaryIs>
                  </Polygon>
                  <Polygon>
                    <altitudeMode>absolute</altitudeMode>
                    <outerBoundaryIs>
                      <LinearRing>
                        <coordinates>-96.75897457751377,32.71806391428686,148.3181663576577 -96.75846501195453,32.717821632855895,148.3181663576577 -96.75855731707719,32.71826205187991,148.3181663576577 -96.75899607628423,32.71842401543012,148.3181663576577</coordinates>
                      </LinearRing>
                    </outerBoundaryIs>
                  </Polygon>
                  <Polygon>
                    <altitudeMode>absolute</altitudeMode>
                    <outerBoundaryIs>
                      <LinearRing>
                        <coordinates>-96.75897457751377,32.71806391428686,119.2481663576577 -96.75897457751377,32.71806391428686,148.3181663576577 -96.75846501195453,32.717821632855895,148.3181663576577 -96.75846501195453,32.717821632855895,119.2481663576577</coordinates>
                      </LinearRing>
                    </outerBoundaryIs>
                  </Polygon>
                  <Polygon>
                    <altitudeMode>absolute</altitudeMode>
                    <outerBoundaryIs>
                      <LinearRing>
                        <coordinates>-96.75846501195453,32.717821632855895,119.2481663576577 -96.75846501195453,32.717821632855895,148.3181663576577 -96.75855731707719,32.71826205187991,148.3181663576577 -96.75855731707719,32.71826205187991,119.2481663576577</coordinates>
                      </LinearRing>
                    </outerBoundaryIs>
                  </Polygon>
                  <Polygon>
                    <altitudeMode>absolute</altitudeMode>
                    <outerBoundaryIs>
                      <LinearRing>
                        <coordinates>-96.75855731707719,32.71826205187991,119.2481663576577 -96.75855731707719,32.71826205187991,148.3181663576577 -96.75899607628423,32.71842401543012,148.3181663576577 -96.75899607628423,32.71842401543012,119.2481663576577</coordinates>
                      </LinearRing>
                    </outerBoundaryIs>
                  </Polygon>
                  <Polygon>
                    <altitudeMode>absolute</altitudeMode>
                    <outerBoundaryIs>
                      <LinearRing>
                        <coordinates>-96.75899607628423,32.71842401543012,119.2481663576577 -96.75899607628423,32.71842401543012,148.3181663576577 -96.75897457751377,32.71806391428686,148.3181663576577 -96.75897457751377,32.71806391428686,119.2481663576577</coordinates>
                      </LinearRing>
                    </outerBoundaryIs>
                  </Polygon>
                </MultiGeometry>
              </Placemark>
            </Folder>
          </Folder>
        </Folder>
        <Folder>
          <name>Activate Flight 2</name>
          <Folder>
            <name>E164: uss1_dss astm.f3548.v21.dss.queryOperationalIntentReferences</name>
            <Placemark>
              <name>area_of_interest</name>
              <styleUrl>#QueryArea</styleUrl>
              <description><![CDATA[<ul><li>uss2's Activated 0f0014e2-698d-4c1e-a7c2-94370efb0a57[2]</li><li>uss2's Accepted 2e41d355-e7d2-4662-8f9b-783ea51d0d1b[1]</li></ul>]]></description>
              <TimeSpan>
                <begin>2026-10-02T15:03:35.370786+00:00</begin>
                <end>2026-10-02T15:48:36.370786+00:00</end>
              </TimeSpan>
              <MultiGeometry>
                <Polygon>
                  <altitudeMode>absolute</altitudeMode>
                  <outerBoundaryIs>
                    <LinearRing>
                      <coordinates>-96.75899607628425,32.717821632855895,120.3981301442448 -96.75899607628425,32.718424015430124,120.3981301442448 -96.75846501195453,32.718424015430124,120.3981301442448 -96.75846501195453,32.717821632855895,120.3981301442448</coordinates>
                    </LinearRing>
                  </outerBoundaryIs>
                </Polygon>
                <Polygon>
                  <altitudeMode>absolute</altitudeMode>
                  <outerBoundaryIs>
                    <LinearRing>
                      <coordinates>-96.75899607628425,32.717821632855895,148.3181301442448 -96.75899607628425,32.718424015430124,148.3181301442448 -96.75846501195453,32.718424015430124,148.3181301442448 -96.75846501195453,32.717821632855895,148.3181301442448</coordinates>
                    </LinearRing>
                  </outerBoundaryIs>
                </Polygon>
                <Polygon>
                  <altitudeMode>absolute</altitudeMode>
                  <outerBoundaryIs>
                    <LinearRing>
                      <coordinates>-96.75899607628425,32.717821632855895,120.3981301442448 -96.75899607628425,32.717821632855895,148.3181301442448 -96.75899607628425,32.718424015430124,148.3181301442448 -96.75899607628425,32.718424015430124,120.3981301442448</coordinates>
                    </LinearRing>
                  </outerBoundaryIs>
                </Polygon>
                <Polygon>
                  <altitudeMode>absolute</altitudeMode>
                  <outerBoundaryIs>
                    <LinearRing>
                      <coordinates>-96.75899607628425,32.718424015430124,120.3981301442448 -96.75899607628425,32.718424015430124,148.3181301442448 -96.75846501195453,32.718424015430124,148.3181301442448 -96.75846501195453,32.718424015430124,120.3981301442448</coordinates>
                    </LinearRing>
                  </outerBoundaryIs>
                </Polygon>
                <Polygon>
                  <altitudeMode>absolute</altitudeMode>
                  <outerBoundaryIs>
                    <LinearRing>
                      <coordinates>-96.75846501195453,32.718424015430124,120.3981301442448 -96.75846501195453,32.718424015430124,148.3181301442448 -96.75846501195453,32.717821632855895,148.3181301442448 -96.75846501195453,32.717821632855895,120.3981301442448</coordinates>
                    </LinearRing>
                  </outerBoundaryIs>
                </Polygon>
                <Polygon>
                  <altitudeMode>absolute</altitudeMode>
                  <outerBoundaryIs>
                    <LinearRing>
                      <coordinates>-96.75846501195453,32.717821632855895,120.3981301442448 -96.75846501195453,32.717821632855895,148.3181301442448 -96.75899607628425,32.717821632855895,148.3181301442448 -96.75899607628425,32.717821632855895,120.3981301442448</coordinates>
                    </LinearRing>
                  </outerBoundaryIs>
                </Polygon>
              </MultiGeometry>
            </Placemark>
          </Folder>
          <Folder>
            <name>E166: uss2_core interuss.automated_testing.flight_planning.v1.UpsertFlightPlan</name>
            <Folder>
              <name>Activity Completed, flight OkToFly</name>
              <Placemark>
                <name>Volume 0</name>
                <styleUrl>#InUse_Nominal</styleUrl>
                <TimeSpan>
                  <begin>2026-10-02T15:03:35.370786+00:00</begin>
                  <end>2026-10-02T15:48:36.370786+00:00</end>
                </TimeSpan>
                <MultiGeometry>
                  <Polygon>
                    <altitudeMode>absolute</altitudeMode>
                    <outerBoundaryIs>
                      <LinearRing>
                        <coordinates>-96.75897457751377,32.71806391428686,120.39816635765769 -96.75846501195453,32.717821632855895,120.39816635765769 -96.75855731707719,32.71826205187991,120.39816635765769 -96.75899607628423,32.71842401543012,120.39816635765769</coordinates>
                      </LinearRing>
                    </outerBoundaryIs>
                  </Polygon>
                  <Polygon>
                    <altitudeMode>absolute</altitudeMode>
                    <outerBoundaryIs>
                      <LinearRing>
                        <coordinates>-96.75897457751377,32.71806391428686,148.3181663576577 -96.75846501195453,32.717821632855895,148.3181663576577 -96.75855731707719,32.71826205187991,148.3181663576577 -96.75899607628423,32.71842401543012,148.3181663576577</coordinates>
                      </LinearRing>
                    </outerBoundaryIs>
                  </Polygon>
                  <Polygon>
                    <altitudeMode>absolute</altitudeMode>
                    <outerBoundaryIs>
                      <LinearRing>
                        <coordinates>-96.75897457751377,32.71806391428686,120.39816635765769 -96.75897457751377,32.71806391428686,148.3181663576577 -96.75846501195453,32.717821632855895,148.3181663576577 -96.75846501195453,32.717821632855895,120.39816635765769</coordinates>
                      </LinearRing>
                    </outerBoundaryIs>
                  </Polygon>
                  <Polygon>
                    <altitudeMode>absolute</altitudeMode>
                    <outerBoundaryIs>
                      <LinearRing>
                        <coordinates>-96.75846501195453,32.717821632855895,120.39816635765769 -96.75846501195453,32.717821632855895,148.3181663576577 -96.75855731707719,32.71826205187991,148.3181663576577 -96.75855731707719,32.71826205187991,120.39816635765769</coordinates>
                      </LinearRing>
                    </outerBoundaryIs>
                  </Polygon>
                  <Polygon>
                    <altitudeMode>absolute</altitudeMode>
                    <outerBoundaryIs>
                      <LinearRing>
                        <coordinates>-96.75855731707719,32.71826205187991,120.39816635765769 -96.75855731707719,32.71826205187991,148.3181663576577 -96.75899607628423,32.71842401543012,148.3181663576577 -96.75899607628423,32.71842401543012,120.39816635765769</coordinates>
                      </LinearRing>
                    </outerBoundaryIs>
                  </Polygon>
                  <Polygon>
                    <altitudeMode>absolute</altitudeMode>
                    <outerBoundaryIs>
                      <LinearRing>
                        <coordinates>-96.75899607628423,32.71842401543012,120.39816635765769 -96.75899607628423,32.71842401543012,148.3181663576577 -96.75897457751377,32.71806391428686,148.3181663576577 -96.75897457751377,32.71806391428686,120.39816635765769</coordinates>
                      </LinearRing>
                    </outerBoundaryIs>
                  </Polygon>
                </MultiGeometry>
              </Placemark>
            </Folder>
          </Folder>
          <Folder>
            <name>E170: uss1_dss astm.f3548.v21.dss.queryOperationalIntentReferences</name>
            <Placemark>
              <name>area_of_interest</name>
              <styleUrl>#QueryArea</styleUrl>
              <description><![CDATA[<ul><li>uss2's Activated 0f0014e2-698d-4c1e-a7c2-94370efb0a57[2]</li><li>uss2's Activated 2e41d355-e7d2-4662-8f9b-783ea51d0d1b[2]</li></ul>]]></description>
              <TimeSpan>
                <begin>2026-10-02T15:03:35.370786+00:00</begin>
                <end>2026-10-02T15:48:36.370786+00:00</end>
              </TimeSpan>
              <MultiGeometry>
                <Polygon>
                  <altitudeMode>absolute</altitudeMode>
                  <outerBoundaryIs>
                    <LinearRing>
                      <coordinates>-96.75899607628425,32.717821632855895,120.3981301442448 -96.75899607628425,32.718424015430124,120.3981301442448 -96.75846501195453,32.718424015430124,120.3981301442448 -96.75846501195453,32.717821632855895,120.3981301442448</coordinates>
                    </LinearRing>
                  </outerBoundaryIs>
                </Polygon>
                <Polygon>
                  <altitudeMode>absolute</altitudeMode>
                  <outerBoundaryIs>
                    <LinearRing>
                      <coordinates>-96.75899607628425,32.717821632855895,148.3181301442448 -96.75899607628425,32.718424015430124,148.3181301442448 -96.75846501195453,32.718424015430124,148.3181301442448 -96.75846501195453,32.717821632855895,148.3181301442448</coordinates>
                    </LinearRing>
                  </outerBoundaryIs>
                </Polygon>
                <Polygon>
                  <altitudeMode>absolute</altitudeMode>
                  <outerBoundaryIs>
                    <LinearRing>
                      <coordinates>-96.75899607628425,32.717821632855895,120.3981301442448 -96.75899607628425,32.717821632855895,148.3181301442448 -96.75899607628425,32.718424015430124,148.3181301442448 -96.75899607628425,32.718424015430124,120.3981301442448</coordinates>
                    </LinearRing>
                  </outerBoundaryIs>
                </Polygon>
                <Polygon>
                  <altitudeMode>absolute</altitudeMode>
                  <outerBoundaryIs>
                    <LinearRing>
                      <coordinates>-96.75899607628425,32.718424015430124,120.3981301442448 -96.75899607628425,32.718424015430124,148.3181301442448 -96.75846501195453,32.718424015430124,148.3181301442448 -96.75846501195453,32.718424015430124,120.3981301442448</coordinates>
                    </LinearRing>
                  </outerBoundaryIs>
                </Polygon>
                <Polygon>
                  <altitudeMode>absolute</altitudeMode>
                  <outerBoundaryIs>
                    <LinearRing>
                      <coordinates>-96.75846501195453,32.718424015430124,120.3981301442448 -96.75846501195453,32.718424015430124,148.3181301442448 -96.75846501195453,32.717821632855895,148.3181301442448 -96.75846501195453,32.717821632855895,120.3981301442448</coordinates>
                    </LinearRing>
                  </outerBoundaryIs>
                </Polygon>
                <Polygon>
                  <altitudeMode>absolute</altitudeMode>
                  <outerBoundaryIs>
                    <LinearRing>
                      <coordinates>-96.75846501195453,32.717821632855895,120.3981301442448 -96.75846501195453,32.717821632855895,148.3181301442448 -96.75899607628425,32.717821632855895,148.3181301442448 -96.75899607628425,32.717821632855895,120.3981301442448</coordinates>
                    </LinearRing>
                  </outerBoundaryIs>
                </Polygon>
              </MultiGeometry>
            </Placemark>
          </Folder>
          <Folder>
            <name>E175: uss2_core astm.f3548.v21.uss.getOperationalIntentDetails</name>
            <Folder>
              <name>uss2's P100 Activated 2e41d355-e7d2-4662-8f9b-783ea51d0d1b[2] @ FkVTYt.N.oeVGaVQvTholrhAEML4tIIWwjmSz-edvQg_</name>
              <Placemark>
                <name>Nominal volume 0</name>
                <styleUrl>#F3548v21Activated</styleUrl>
                <TimeSpan>
                  <begin>2026-10-02T15:03:36.406500+00:00</begin>
                  <end>2026-10-02T15:48:36.370786+00:00</end>
                </TimeSpan>
                <MultiGeometry>
                  <Polygon>
                    <altitudeMode>absolute</altitudeMode>
                    <outerBoundaryIs>
                      <LinearRing>
                        <coordinates>-96.75897457751377,32.71806391428686,120.39816635765769 -96.75846501195453,32.717821632855895,120.39816635765769 -96.75855731707719,32.71826205187991,120.39816635765769 -96.75899607628423,32.71842401543012,120.39816635765769</coordinates>
                      </LinearRing>
                    </outerBoundaryIs>
                  </Polygon>
                  <Polygon>
                    <altitudeMode>absolute</altitudeMode>
                    <outerBoundaryIs>
                      <LinearRing>
                        <coordinates>-96.75897457751377,32.71806391428686,148.3181663576577 -96.75846501195453,32.717821632855895,148.3181663576577 -96.75855731707719,32.71826205187991,148.3181663576577 -96.75899607628423,32.71842401543012,148.3181663576577</coordinates>
                      </LinearRing>
                    </outerBoundaryIs>
                  </Polygon>
                  <Polygon>
                    <altitudeMode>absolute</altitudeMode>
                    <outerBoundaryIs>
                      <LinearRing>
                        <coordinates>-96.75897457751377,32.71806391428686,120.39816635765769 -96.75897457751377,32.71806391428686,148.3181663576577 -96.75846501195453,32.717821632855895,148.3181663576577 -96.75846501195453,32.717821632855895,120.39816635765769</coordinates>
                      </LinearRing>
                    </outerBoundaryIs>
                  </Polygon>
                  <Polygon>
                    <altitudeMode>absolute</altitudeMode>
                    <outerBoundaryIs>
                      <LinearRing>
                        <coordinates>-96.75846501195453,32.717821632855895,120.39816635765769 -96.75846501195453,32.717821632855895,148.3181663576577 -96.75855731707719,32.71826205187991,148.3181663576577 -96.75855731707719,32.71826205187991,120.39816635765769</coordinates>
                      </LinearRing>
                    </outerBoundaryIs>
                  </Polygon>
                  <Polygon>
                    <altitudeMode>absolute</altitudeMode>
                    <outerBoundaryIs>
                      <LinearRing>
                        <coordinates>-96.75855731707719,32.71826205187991,120.39816635765769 -96.75855731707719,32.71826205187991,148.3181663576577 -96.75899607628423,32.71842401543012,148.3181663576577 -96.75899607628423,32.71842401543012,120.39816635765769</coordinates>
                      </LinearRing>
                    </outerBoundaryIs>
                  </Polygon>
                  <Polygon>
                    <altitudeMode>absolute</altitudeMode>
                    <outerBoundaryIs>
                      <LinearRing>
                        <coordinates>-96.75899607628423,32.71842401543012,120.39816635765769 -96.75899607628423,32.71842401543012,148.3181663576577 -96.75897457751377,32.71806391428686,148.3181663576577 -96.75897457751377,32.71806391428686,120.39816635765769</coordinates>
                      </LinearRing>
                    </outerBoundaryIs>
                  </Polygon>
                </MultiGeometry>
              </Placemark>
            </Folder>
          </Folder>
        </Folder>
        <Folder>
          <name>Check for conflict notifications</name>
        </Folder>
        <Folder>
          <name>Modify activated Flight 1 in conflict with activated Flight 2</name>
          <Folder>
            <name>E190: uss1_dss astm.f3548.v21.dss.queryOperationalIntentReferences</name>
            <Placemark>
              <name>area_of_interest</name>
              <styleUrl>#QueryArea</styleUrl>
              <description><![CDATA[<ul><li>uss2's Activated 0f0014e2-698d-4c1e-a7c2-94370efb0a57[2]</li><li>uss2's Activated 2e41d355-e7d2-4662-8f9b-783ea51d0d1b[2]</li></ul>]]></description>
              <TimeSpan>
                <begin>2026-10-02T15:03:35.646374+00:00</begin>
                <end>2026-10-02T15:48:36.646374+00:00</end>
              </TimeSpan>
              <MultiGeometry>
                <Polygon>
                  <altitudeMode>absolute</altitudeMode>
                  <outerBoundaryIs>
                    <LinearRing>
                      <coordinates>-96.75885603693884,32.71777243082621,90.26721197182734 -96.75885603693884,32.71840061442382,90.26721197182734 -96.75793995876997,32.71840061442382,90.26721197182734 -96.75793995876997,32.71777243082621,90.26721197182734</coordinates>
                    </LinearRing>
                  </outerBoundaryIs>
                </Polygon>
                <Polygon>
                  <altitudeMode>absolute</altitudeMode>
                  <outerBoundaryIs>
                    <LinearRing>
                      <coordinates>-96.75885603693884,32.71777243082621,150.31721197182733 -96.75885603693884,32.71840061442382,150.31721197182733 -96.75793995876997,32.71840061442382,150.31721197182733 -96.75793995876997,32.71777243082621,150.31721197182733</coordinates>
                    </LinearRing>
                  </outerBoundaryIs>
                </Polygon>
                <Polygon>
                  <altitudeMode>absolute</altitudeMode>
                  <outerBoundaryIs>
                    <LinearRing>
                      <coordinates>-96.75885603693884,32.71777243082621,90.26721197182734 -96.75885603693884,32.71777243082621,150.31721197182733 -96.75885603693884,32.71840061442382,150.31721197182733 -96.75885603693884,32.71840061442382,90.26721197182734</coordinates>
                    </LinearRing>
                  </outerBoundaryIs>
                </Polygon>
                <Polygon>
                  <altitudeMode>absolute</altitudeMode>
                  <outerBoundaryIs>
                    <LinearRing>
                      <coordinates>-96.75885603693884,32.71840061442382,90.26721197182734 -96.75885603693884,32.71840061442382,150.31721197182733 -96.75793995876997,32.71840061442382,150.31721197182733 -96.75793995876997,32.71840061442382,90.26721197182734</coordinates>
                    </LinearRing>
                  </outerBoundaryIs>
                </Polygon>
                <Polygon>
                  <altitudeMode>absolute</altitudeMode>
                  <outerBoundaryIs>
                    <LinearRing>
                      <coordinates>-96.75793995876997,32.71840061442382,90.26721197182734 -96.75793995876997,32.71840061442382,150.31721197182733 -96.75793995876997,32.71777243082621,150.31721197182733 -96.75793995876997,32.71777243082621,90.26721197182734</coordinates>
                    </LinearRing>
                  </outerBoundaryIs>
                </Polygon>
                <Polygon>
                  <altitudeMode>absolute</altitudeMode>
                  <outerBoundaryIs>
                    <LinearRing>
                      <coordinates>-96.75793995876997,32.71777243082621,90.26721197182734 -96.75793995876997,32.71777243082621,150.31721197182733 -96.75885603693884,32.71777243082621,150.31721197182733 -96.75885603693884,32.71777243082621,90.26721197182734</coordinates>
                    </LinearRing>
                  </outerBoundaryIs>
                </Polygon>
              </MultiGeometry>
            </Placemark>
          </Folder>
          <Folder>
            <name>E192: uss2_core interuss.automated_testing.flight_planning.v1.UpsertFlightPlan</name>
            <Folder>
              <name>Activity Completed, flight OkToFly</name>
              <Placemark>
                <name>Volume 0</name>
                <styleUrl>#InUse_Nominal</styleUrl>
                <TimeSpan>
                  <begin>2026-10-02T15:03:35.646374+00:00</begin>
                  <end>2026-10-02T15:48:36.646374+00:00</end>
                </TimeSpan>
                <MultiGeometry>
                  <Polygon>
                    <altitudeMode>absolute</altitudeMode>
                    <outerBoundaryIs>
                      <LinearRing>
                        <coordinates>-96.75840495207224,32.71792136563181,90.26688227633265 -96.75861737701852,32.71816231903137,90.26688227633265 -96.75823551948804,32.71840061442382,90.26688227633265 -96.75793995876997,32.718149288087204,90.26688227633265</coordinates>
                      </LinearRing>
                    </outerBoundaryIs>
                  </Polygon>
                  <Polygon>
                    <altitudeMode>absolute</altitudeMode>
                    <outerBoundaryIs>
                      <LinearRing>
                        <coordinates>-96.75840495207224,32.71792136563181,150.31688227633265 -96.75861737701852,32.71816231903137,150.31688227633265 -96.75823551948804,32.71840061442382,150.31688227633265 -96.75793995876997,32.718149288087204,150.31688227633265</coordinates>
                      </LinearRing>
                    </outerBoundaryIs>
                  </Polygon>
                  <Polygon>
                    <altitudeMode>absolute</altitudeMode>
                    <outerBoundaryIs>
                      <LinearRing>
                        <coordinates>-96.75840495207224,32.71792136563181,90.26688227633265 -96.75840495207224,32.71792136563181,150.31688227633265 -96.75861737701852,32.71816231903137,150.31688227633265 -96.75861737701852,32.71816231903137,90.26688227633265</coordinates>
                      </LinearRing>
                    </outerBoundaryIs>
                  </Polygon>
                  <Polygon>
                    <altitudeMode>absolute</altitudeMode>
                    <outerBoundaryIs>
                      <LinearRing>
                        <coordinates>-96.75861737701852,32.71816231903137,90.26688227633265 -96.75861737701852,32.71816231903137,150.31688227633265 -96.75823551948804,32.71840061442382,150.31688227633265 -96.75823551948804,32.71840061442382,90.26688227633265</coordinates>
                      </LinearRing>
                    </outerBoundaryIs>
                  </Polygon>
                  <Polygon>
                    <altitudeMode>absolute</altitudeMode>
                    <outerBoundaryIs>
                      <LinearRing>
                        <coordinates>-96.75823551948804,32.71840061442382,90.26688227633265 -96.75823551948804,32.71840061442382,150.31688227633265 -96.75793995876997,32.718149288087204,150.31688227633265 -96.75793995876997,32.718149288087204,90.26688227633265</coordinates>
                      </LinearRing>
                    </outerBoundaryIs>
                  </Polygon>
                  <Polygon>
                    <altitudeMode>absolute</altitudeMode>
                    <outerBoundaryIs>
                      <LinearRing>
                        <coordinates>-96.75793995876997,32.718149288087204,90.26688227633265 -96.75793995876997,32.718149288087204,150.31688227633265 -96.75840495207224,32.71792136563181,150.31688227633265 -96.75840495207224,32.71792136563181,90.26688227633265</coordinates>
                      </LinearRing>
                    </outerBoundaryIs>
                  </Polygon>
                </MultiGeometry>
              </Placemark>
            </Folder>
          </Folder>
          <Folder>
            <name>E197: uss1_dss astm.f3548.v21.dss.queryOperationalIntentReferences</name>
            <Placemark>
              <name>area_of_interest</name>
              <styleUrl>#QueryArea</styleUrl>
              <description><![CDATA[<ul><li>uss2's Activated 0f0014e2-698d-4c1e-a7c2-94370efb0a57[3]</li><li>uss2's Activated 2e41d355-e7d2-4662-8f9b-783ea51d0d1b[2]</li></ul>]]></description>
              <TimeSpan>
                <begin>2026-10-02T15:03:35.646374+00:00</begin>
                <end>2026-10-02T15:48:36.646374+00:00</end>
              </TimeSpan>
              <MultiGeometry>
                <Polygon>
                  <altitudeMode>absolute</altitudeMode>
                  <outerBoundaryIs>
                    <LinearRing>
                      <coordinates>-96.75885603693884,32.71777243082621,90.26721197182734 -96.75885603693884,32.71840061442382,90.26721197182734 -96.75793995876997,32.71840061442382,90.26721197182734 -96.75793995876997,32.71777243082621,90.26721197182734</coordinates>
                    </LinearRing>
                  </outerBoundaryIs>
                </Polygon>
                <Polygon>
                  <altitudeMode>absolute</altitudeMode>
                  <outerBoundaryIs>
                    <LinearRing>
                      <coordinates>-96.75885603693884,32.71777243082621,150.31721197182733 -96.75885603693884,32.71840061442382,150.31721197182733 -96.75793995876997,32.71840061442382,150.31721197182733 -96.75793995876997,32.71777243082621,150.31721197182733</coordinates>
                    </LinearRing>
                  </outerBoundaryIs>
                </Polygon>
                <Polygon>
                  <altitudeMode>absolute</altitudeMode>
                  <outerBoundaryIs>
                    <LinearRing>
                      <coordinates>-96.75885603693884,32.71777243082621,90.26721197182734 -96.75885603693884,32.71777243082621,150.31721197182733 -96.75885603693884,32.71840061442382,150.31721197182733 -96.75885603693884,32.71840061442382,90.26721197182734</coordinates>
                    </LinearRing>
                  </outerBoundaryIs>
                </Polygon>
                <Polygon>
                  <altitudeMode>absolute</altitudeMode>
                  <outerBoundaryIs>
                    <LinearRing>
                      <coordinates>-96.75885603693884,32.71840061442382,90.26721197182734 -96.75885603693884,32.71840061442382,150.31721197182733 -96.75793995876997,32.71840061442382,150.31721197182733 -96.75793995876997,32.71840061442382,90.26721197182734</coordinates>
                    </LinearRing>
                  </outerBoundaryIs>
                </Polygon>
                <Polygon>
                  <altitudeMode>absolute</altitudeMode>
                  <outerBoundaryIs>
                    <LinearRing>
                      <coordinates>-96.75793995876997,32.71840061442382,90.26721197182734 -96.75793995876997,32.71840061442382,150.31721197182733 -96.75793995876997,32.71777243082621,150.31721197182733 -96.75793995876997,32.71777243082621,90.26721197182734</coordinates>
                    </LinearRing>
                  </outerBoundaryIs>
                </Polygon>
                <Polygon>
                  <altitudeMode>absolute</altitudeMode>
                  <outerBoundaryIs>
                    <LinearRing>
                      <coordinates>-96.75793995876997,32.71777243082621,90.26721197182734 -96.75793995876997,32.71777243082621,150.31721197182733 -96.75885603693884,32.71777243082621,150.31721197182733 -96.75885603693884,32.71777243082621,90.26721197182734</coordinates>
                    </LinearRing>
                  </outerBoundaryIs>
                </Polygon>
              </MultiGeometry>
            </Placemark>
          </Folder>
          <Folder>
            <name>E202: uss2_core astm.f3548.v21.uss.getOperationalIntentDetails</name>
            <Folder>
              <name>uss2's P0 Activated 0f0014e2-698d-4c1e-a7c2-94370efb0a57[3] @ wfgeZNB1jyu4I5EZzyF43ht7GQ.XfkKJqmBpYh3D64k_</name>
              <Placemark>
                <name>Nominal volume 0</name>
                <styleUrl>#F3548v21Activated</styleUrl>
                <TimeSpan>
                  <begin>2026-10-02T15:03:36.686021+00:00</begin>
                  <end>2026-10-02T15:48:36.646374+00:00</end>
                </TimeSpan>
                <MultiGeometry>
                  <Polygon>
                    <altitudeMode>absolute</altitudeMode>
                    <outerBoundaryIs>
                      <LinearRing>
                        <coordinates>-96.75840495207224,32.71792136563181,90.26688227633265 -96.75861737701852,32.71816231903137,90.26688227633265 -96.75823551948804,32.71840061442382,90.26688227633265 -96.75793995876997,32.718149288087204,90.26688227633265</coordinates>
                      </LinearRing>
                    </outerBoundaryIs>
                  </Polygon>
                  <Polygon>
                    <altitudeMode>absolute</altitudeMode>
                    <outerBoundaryIs>
                      <LinearRing>
                        <coordinates>-96.75840495207224,32.71792136563181,150.31688227633265 -96.75861737701852,32.71816231903137,150.31688227633265 -96.75823551948804,32.71840061442382,150.31688227633265 -96.75793995876997,32.718149288087204,150.31688227633265</coordinates>
                      </LinearRing>
                    </outerBoundaryIs>
                  </Polygon>
                  <Polygon>
                    <altitudeMode>absolute</altitudeMode>
                    <outerBoundaryIs>
                      <LinearRing>
                        <coordinates>-96.75840495207224,32.71792136563181,90.26688227633265 -96.75840495207224,32.71792136563181,150.31688227633265 -96.75861737701852,32.71816231903137,150.31688227633265 -96.75861737701852,32.71816231903137,90.26688227633265</coordinates>
                      </LinearRing>
                    </outerBoundaryIs>
                  </Polygon>
                  <Polygon>
                    <altitudeMode>absolute</altitudeMode>
                    <outerBoundaryIs>
                      <LinearRing>
                        <coordinates>-96.75861737701852,32.71816231903137,90.26688227633265 -96.75861737701852,32.71816231903137,150.31688227633265 -96.75823551948804,32.71840061442382,150.31688227633265 -96.75823551948804,32.71840061442382,90.26688227633265</coordinates>
                      </LinearRing>
                    </outerBoundaryIs>
                  </Polygon>
                  <Polygon>
                    <altitudeMode>absolute</altitudeMode>
                    <outerBoundaryIs>
                      <LinearRing>
                        <coordinates>-96.75823551948804,32.71840061442382,90.26688227633265 -96.75823551948804,32.71840061442382,150.31688227633265 -96.75793995876997,32.718149288087204,150.31688227633265 -96.75793995876997,32.718149288087204,90.26688227633265</coordinates>
                      </LinearRing>
                    </outerBoundaryIs>
                  </Polygon>
                  <Polygon>
                    <altitudeMode>absolute</altitudeMode>
                    <outerBoundaryIs>
                      <LinearRing>
                        <coordinates>-96.75793995876997,32.718149288087204,90.26688227633265 -96.75793995876997,32.718149288087204,150.31688227633265 -96.75840495207224,32.71792136563181,150.31688227633265 -96.75840495207224,32.71792136563181,90.26688227633265</coordinates>
                      </LinearRing>
                    </outerBoundaryIs>
                  </Polygon>
                </MultiGeometry>
              </Placemark>
            </Folder>
          </Folder>
        </Folder>
      </Folder>
      <Folder>
        <name>Attempt to modify activated flight into conflict</name>
        <Folder>
          <name>Modify activated Flight 2 to not conflict with activated Flight 1</name>
          <Folder>
            <name>E211: uss1_dss astm.f3548.v21.dss.queryOperationalIntentReferences</name>
            <Placemark>
              <name>area_of_interest</name>
              <styleUrl>#QueryArea</styleUrl>
              <description><![CDATA[<ul><li>uss2's Activated 0f0014e2-698d-4c1e-a7c2-94370efb0a57[3]</li><li>uss2's Activated 2e41d355-e7d2-4662-8f9b-783ea51d0d1b[2]</li></ul>]]></description>
              <TimeSpan>
                <begin>2026-10-02T15:03:35.857196+00:00</begin>
                <end>2026-10-02T15:48:36.857196+00:00</end>
              </TimeSpan>
              <MultiGeometry>
                <Polygon>
                  <altitudeMode>absolute</altitudeMode>
                  <outerBoundaryIs>
                    <LinearRing>
                      <coordinates>-96.75899607628425,32.71806391428686,117.22790564880842 -96.75899607628425,32.718424015430124,117.22790564880842 -96.75836638827326,32.718424015430124,117.22790564880842 -96.75836638827326,32.71806391428686,117.22790564880842</coordinates>
                    </LinearRing>
                  </outerBoundaryIs>
                </Polygon>
                <Polygon>
                  <altitudeMode>absolute</altitudeMode>
                  <outerBoundaryIs>
                    <LinearRing>
                      <coordinates>-96.75899607628425,32.71806391428686,170.31790564880842 -96.75899607628425,32.718424015430124,170.31790564880842 -96.75836638827326,32.718424015430124,170.31790564880842 -96.75836638827326,32.71806391428686,170.31790564880842</coordinates>
                    </LinearRing>
                  </outerBoundaryIs>
                </Polygon>
                <Polygon>
                  <altitudeMode>absolute</altitudeMode>
                  <outerBoundaryIs>
                    <LinearRing>
                      <coordinates>-96.75899607628425,32.71806391428686,117.22790564880842 -96.75899607628425,32.71806391428686,170.31790564880842 -96.75899607628425,32.718424015430124,170.31790564880842 -96.75899607628425,32.718424015430124,117.22790564880842</coordinates>
                    </LinearRing>
                  </outerBoundaryIs>
                </Polygon>
                <Polygon>
                  <altitudeMode>absolute</altitudeMode>
                  <outerBoundaryIs>
                    <LinearRing>
                      <coordinates>-96.75899607628425,32.718424015430124,117.22790564880842 -96.75899607628425,32.718424015430124,170.31790564880842 -96.75836638827326,32.718424015430124,170.31790564880842 -96.75836638827326,32.718424015430124,117.22790564880842</coordinates>
                    </LinearRing>
                  </outerBoundaryIs>
                </Polygon>
                <Polygon>
                  <altitudeMode>absolute</altitudeMode>
                  <outerBoundaryIs>
                    <LinearRing>
                      <coordinates>-96.75836638827326,32.718424015430124,117.22790564880842 -96.75836638827326,32.718424015430124,170.31790564880842 -96.75836638827326,32.71806391428686,170.31790564880842 -96.75836638827326,32.71806391428686,117.22790564880842</coordinates>
                    </LinearRing>
                  </outerBoundaryIs>
                </Polygon>
                <Polygon>
                  <altitudeMode>absolute</altitudeMode>
                  <outerBoundaryIs>
                    <LinearRing>
                      <coordinates>-96.75836638827326,32.71806391428686,117.22790564880842 -96.75836638827326,32.71806391428686,170.31790564880842 -96.75899607628425,32.71806391428686,170.31790564880842 -96.75899607628425,32.71806391428686,117.22790564880842</coordinates>
                    </LinearRing>
                  </outerBoundaryIs>
                </Polygon>
              </MultiGeometry>
            </Placemark>
          </Folder>
          <Folder>
            <name>E213: uss2_core interuss.automated_testing.flight_planning.v1.UpsertFlightPlan</name>
            <Folder>
              <name>Activity Completed, flight OkToFly</name>
              <Placemark>
                <name>Volume 0</name>
                <styleUrl>#InUse_Nominal</styleUrl>
                <TimeSpan>
                  <begin>2026-10-02T15:03:35.857196+00:00</begin>
                  <end>2026-10-02T15:48:36.857196+00:00</end>
                </TimeSpan>
                <MultiGeometry>
                  <Polygon>
                    <altitudeMode>absolute</altitudeMode>
                    <outerBoundaryIs>
                      <LinearRing>
                        <coordinates>-96.75897457751377,32.71806391428686,117.2281511510925 -96.75836638827326,32.71838119962978,117.2281511510925 -96.75899607628423,32.71842401543012,117.2281511510925</coordinates>
                      </LinearRing>
                    </outerBoundaryIs>
                  </Polygon>
                  <Polygon>
                    <altitudeMode>absolute</altitudeMode>
                    <outerBoundaryIs>
                      <LinearRing>
                        <coordinates>-96.75897457751377,32.71806391428686,170.3181511510925 -96.75836638827326,32.71838119962978,170.3181511510925 -96.75899607628423,32.71842401543012,170.3181511510925</coordinates>
                      </LinearRing>
                    </outerBoundaryIs>
                  </Polygon>
                  <Polygon>
                    <altitudeMode>absolute</altitudeMode>
                    <outerBoundaryIs>
                      <LinearRing>
                        <coordinates>-96.75897457751377,32.71806391428686,117.2281511510925 -96.75897457751377,32.71806391428686,170.3181511510925 -96.75836638827326,32.71838119962978,170.3181511510925 -96.75836638827326,32.71838119962978,117.2281511510925</coordinates>
                      </LinearRing>
                    </outerBoundaryIs>
                  </Polygon>
                  <Polygon>
                    <altitudeMode>absolute</altitudeMode>
                    <outerBoundaryIs>
                      <LinearRing>
                        <coordinates>-96.75836638827326,32.71838119962978,117.2281511510925 -96.75836638827326,32.71838119962978,170.3181511510925 -96.75899607628423,32.71842401543012,170.3181511510925 -96.75899607628423,32.71842401543012,117.2281511510925</coordinates>
                      </LinearRing>
                    </outerBoundaryIs>
                  </Polygon>
                  <Polygon>
                    <altitudeMode>absolute</altitudeMode>
                    <outerBoundaryIs>
                      <LinearRing>
                        <coordinates>-96.75899607628423,32.71842401543012,117.2281511510925 -96.75899607628423,32.71842401543012,170.3181511510925 -96.75897457751377,32.71806391428686,170.3181511510925 -96.75897457751377,32.71806391428686,117.2281511510925</coordinates>
                      </LinearRing>
                    </outerBoundaryIs>
                  </Polygon>
                </MultiGeometry>
              </Placemark>
            </Folder>
          </Folder>
          <Folder>
            <name>E217: uss1_dss astm.f3548.v21.dss.queryOperationalIntentReferences</name>
            <Placemark>
              <name>area_of_interest</name>
              <styleUrl>#QueryArea</styleUrl>
              <description><![CDATA[<ul><li>uss2's Activated 0f0014e2-698d-4c1e-a7c2-94370efb0a57[3]</li><li>uss2's Activated 2e41d355-e7d2-4662-8f9b-783ea51d0d1b[3]</li></ul>]]></description>
              <TimeSpan>
                <begin>2026-10-02T15:03:35.857196+00:00</begin>
                <end>2026-10-02T15:48:36.857196+00:00</end>
              </TimeSpan>
              <MultiGeometry>
                <Polygon>
                  <altitudeMode>absolute</altitudeMode>
                  <outerBoundaryIs>
                    <LinearRing>
                      <coordinates>-96.75899607628425,32.71806391428686,117.22790564880842 -96.75899607628425,32.718424015430124,117.22790564880842 -96.75836638827326,32.718424015430124,117.22790564880842 -96.75836638827326,32.71806391428686,117.22790564880842</coordinates>
                    </LinearRing>
                  </outerBoundaryIs>
                </Polygon>
                <Polygon>
                  <altitudeMode>absolute</altitudeMode>
                  <outerBoundaryIs>
                    <LinearRing>
                      <coordinates>-96.75899607628425,32.71806391428686,170.31790564880842 -96.75899607628425,32.718424015430124,170.31790564880842 -96.75836638827326,32.718424015430124,170.31790564880842 -96.75836638827326,32.71806391428686,170.31790564880842</coordinates>
                    </LinearRing>
                  </outerBoundaryIs>
                </Polygon>
                <Polygon>
                  <altitudeMode>absolute</altitudeMode>
                  <outerBoundaryIs>
                    <LinearRing>
                      <coordinates>-96.75899607628425,32.71806391428686,117.22790564880842 -96.75899607628425,32.71806391428686,170.31790564880842 -96.75899607628425,32.718424015430124,170.31790564880842 -96.75899607628425,32.718424015430124,117.22790564880842</coordinates>
                    </LinearRing>
                  </outerBoundaryIs>
                </Polygon>
                <Polygon>
                  <altitudeMode>absolute</altitudeMode>
                  <outerBoundaryIs>
                    <LinearRing>
                      <coordinates>-96.75899607628425,32.718424015430124,117.22790564880842 -96.75899607628425,32.718424015430124,170.31790564880842 -96.75836638827326,32.718424015430124,170.31790564880842 -96.75836638827326,32.718424015430124,117.22790564880842</coordinates>
                    </LinearRing>
                  </outerBoundaryIs>
                </Polygon>
                <Polygon>
                  <altitudeMode>absolute</altitudeMode>
                  <outerBoundaryIs>
                    <LinearRing>
                      <coordinates>-96.75836638827326,32.718424015430124,117.22790564880842 -96.75836638827326,32.718424015430124,170.31790564880842 -96.75836638827326,32.71806391428686,170.31790564880842 -96.75836638827326,32.71806391428686,117.22790564880842</coordinates>
                    </LinearRing>
                  </outerBoundaryIs>
                </Polygon>
                <Polygon>
                  <altitudeMode>absolute</altitudeMode>
                  <outerBoundaryIs>
                    <LinearRing>
                      <coordinates>-96.75836638827326,32.71806391428686,117.22790564880842 -96.75836638827326,32.71806391428686,170.31790564880842 -96.75899607628425,32.71806391428686,170.31790564880842 -96.75899607628425,32.71806391428686,117.22790564880842</coordinates>
                    </LinearRing>
                  </outerBoundaryIs>
                </Polygon>
              </MultiGeometry>
            </Placemark>
          </Folder>
          <Folder>
            <name>E222: uss2_core astm.f3548.v21.uss.getOperationalIntentDetails</name>
            <Folder>
              <name>uss2's P100 Activated 2e41d355-e7d2-4662-8f9b-783ea51d0d1b[3] @ 0VzDmW6hDLVSMfOxOb4LZlzkHiqdrJ5SjedQmqNmQNE_</name>
              <Placemark>
                <name>Nominal volume 0</name>
                <styleUrl>#F3548v21Activated</styleUrl>
                <TimeSpan>
                  <begin>2026-10-02T15:03:36.893220+00:00</begin>
                  <end>2026-10-02T15:48:36.857196+00:00</end>
                </TimeSpan>
                <MultiGeometry>
                  <Polygon>
                    <altitudeMode>absolute</altitudeMode>
                    <outerBoundaryIs>
                      <LinearRing>
                        <coordinates>-96.75897457751377,32.71806391428686,117.2281511510925 -96.75836638827326,32.71838119962978,117.2281511510925 -96.75899607628423,32.71842401543012,117.2281511510925</coordinates>
                      </LinearRing>
                    </outerBoundaryIs>
                  </Polygon>
                  <Polygon>
                    <altitudeMode>absolute</altitudeMode>
                    <outerBoundaryIs>
                      <LinearRing>
                        <coordinates>-96.75897457751377,32.71806391428686,170.3181511510925 -96.75836638827326,32.71838119962978,170.3181511510925 -96.75899607628423,32.71842401543012,170.3181511510925</coordinates>
                      </LinearRing>
                    </outerBoundaryIs>
                  </Polygon>
                  <Polygon>
                    <altitudeMode>absolute</altitudeMode>
                    <outerBoundaryIs>
                      <LinearRing>
                        <coordinates>-96.75897457751377,32.71806391428686,117.2281511510925 -96.75897457751377,32.71806391428686,170.3181511510925 -96.75836638827326,32.71838119962978,170.3181511510925 -96.75836638827326,32.71838119962978,117.2281511510925</coordinates>
                      </LinearRing>
                    </outerBoundaryIs>
                  </Polygon>
                  <Polygon>
                    <altitudeMode>absolute</altitudeMode>
                    <outerBoundaryIs>
                      <LinearRing>
                        <coordinates>-96.75836638827326,32.71838119962978,117.2281511510925 -96.75836638827326,32.71838119962978,170.3181511510925 -96.75899607628423,32.71842401543012,170.3181511510925 -96.75899607628423,32.71842401543012,117.2281511510925</coordinates>
                      </LinearRing>
                    </outerBoundaryIs>
                  </Polygon>
                  <Polygon>
                    <altitudeMode>absolute</altitudeMode>
                    <outerBoundaryIs>
                      <LinearRing>
                        <coordinates>-96.75899607628423,32.71842401543012,117.2281511510925 -96.75899607628423,32.71842401543012,170.3181511510925 -96.75897457751377,32.71806391428686,170.3181511510925 -96.75897457751377,32.71806391428686,117.2281511510925</coordinates>
                      </LinearRing>
                    </outerBoundaryIs>
                  </Polygon>
                </MultiGeometry>
              </Placemark>
            </Folder>
          </Folder>
        </Folder>
        <Folder>
          <name>Attempt to modify activated Flight 1 into conflict</name>
          <Folder>
            <name>E231: uss1_dss astm.f3548.v21.dss.queryOperationalIntentReferences</name>
            <Placemark>
              <name>area_of_interest</name>
              <styleUrl>#QueryArea</styleUrl>
              <description><![CDATA[<ul><li>uss2's Activated 0f0014e2-698d-4c1e-a7c2-94370efb0a57[3]</li><li>uss2's Activated 2e41d355-e7d2-4662-8f9b-783ea51d0d1b[3]</li></ul>]]></description>
              <TimeSpan>
                <begin>2026-10-02T15:03:36.073815+00:00</begin>
                <end>2026-10-02T15:48:37.073815+00:00</end>
              </TimeSpan>
              <MultiGeometry>
                <Polygon>
                  <altitudeMode>absolute</altitudeMode>
                  <outerBoundaryIs>
                    <LinearRing>
                      <coordinates>-96.75870968324621,32.71792136563181,90.26688189362217 -96.75870968324621,32.718602737943755,90.26688189362217 -96.75793995876997,32.718602737943755,90.26688189362217 -96.75793995876997,32.71792136563181,90.26688189362217</coordinates>
                    </LinearRing>
                  </outerBoundaryIs>
                </Polygon>
                <Polygon>
                  <altitudeMode>absolute</altitudeMode>
                  <outerBoundaryIs>
                    <LinearRing>
                      <coordinates>-96.75870968324621,32.71792136563181,155.31688189362217 -96.75870968324621,32.718602737943755,155.31688189362217 -96.75793995876997,32.718602737943755,155.31688189362217 -96.75793995876997,32.71792136563181,155.31688189362217</coordinates>
                    </LinearRing>
                  </outerBoundaryIs>
                </Polygon>
                <Polygon>
                  <altitudeMode>absolute</altitudeMode>
                  <outerBoundaryIs>
                    <LinearRing>
                      <coordinates>-96.75870968324621,32.71792136563181,90.26688189362217 -96.75870968324621,32.71792136563181,155.31688189362217 -96.75870968324621,32.718602737943755,155.31688189362217 -96.75870968324621,32.718602737943755,90.26688189362217</coordinates>
                    </LinearRing>
                  </outerBoundaryIs>
                </Polygon>
                <Polygon>
                  <altitudeMode>absolute</altitudeMode>
                  <outerBoundaryIs>
                    <LinearRing>
                      <coordinates>-96.75870968324621,32.718602737943755,90.26688189362217 -96.75870968324621,32.718602737943755,155.31688189362217 -96.75793995876997,32.718602737943755,155.31688189362217 -96.75793995876997,32.718602737943755,90.26688189362217</coordinates>
                    </LinearRing>
                  </outerBoundaryIs>
                </Polygon>
                <Polygon>
                  <altitudeMode>absolute</altitudeMode>
                  <outerBoundaryIs>
                    <LinearRing>
                      <coordinates>-96.75793995876997,32.718602737943755,90.26688189362217 -96.75793995876997,32.718602737943755,155.31688189362217 -96.75793995876997,32.71792136563181,155.31688189362217 -96.75793995876997,32.71792136563181,90.26688189362217</coordinates>
                    </LinearRing>
                  </outerBoundaryIs>
                </Polygon>
                <Polygon>
                  <altitudeMode>absolute</altitudeMode>
                  <outerBoundaryIs>
                    <LinearRing>
                      <coordinates>-96.75793995876997,32.71792136563181,90.26688189362217 -96.75793995876997,32.71792136563181,155.31688189362217 -96.75870968324621,32.71792136563181,155.31688189362217 -96.75870968324621,32.71792136563181,90.26688189362217</coordinates>
                    </LinearRing>
                  </outerBoundaryIs>
                </Polygon>
              </MultiGeometry>
            </Placemark>
          </Folder>
          <Folder>
            <name>E233: uss2_core interuss.automated_testing.flight_planning.v1.UpsertFlightPlan</name>
            <Folder>
              <name>Activity Rejected, flight OkToFly</name>
              <Placemark>
                <name>Volume 0</name>
                <styleUrl>#InUse_Nominal</styleUrl>
                <TimeSpan>
                  <begin>2026-10-02T15:03:36.073815+00:00</begin>
                  <end>2026-10-02T15:48:37.073815+00:00</end>
                </TimeSpan>
                <MultiGeometry>
                  <Polygon>
                    <altitudeMode>absolute</altitudeMode>
                    <outerBoundaryIs>
                      <LinearRing>
                        <coordinates>-96.75821402379411,32.7180405131508,120.37671470082516 -96.75870968324621,32.718602737943755,120.37671470082516 -96.75823551948804,32.71840061442382,120.37671470082516 -96.75793995876997,32.718149288087204,120.37671470082516</coordinates>
                      </LinearRing>
                    </outerBoundaryIs>
                  </Polygon>
                  <Polygon>
                    <altitudeMode>absolute</altitudeMode>
                    <outerBoundaryIs>
                      <LinearRing>
                        <coordinates>-96.75821402379411,32.7180405131508,155.31671470082514 -96.75870968324621,32.718602737943755,155.31671470082514 -96.75823551948804,32.71840061442382,155.31671470082514 -96.75793995876997,32.718149288087204,155.31671470082514</coordinates>
                      </LinearRing>
                    </outerBoundaryIs>
                  </Polygon>
                  <Polygon>
                    <altitudeMode>absolute</altitudeMode>
                    <outerBoundaryIs>
                      <LinearRing>
                        <coordinates>-96.75821402379411,32.7180405131508,120.37671470082516 -96.75821402379411,32.7180405131508,155.31671470082514 -96.75870968324621,32.718602737943755,155.31671470082514 -96.75870968324621,32.718602737943755,120.37671470082516</coordinates>
                      </LinearRing>
                    </outerBoundaryIs>
                  </Polygon>
                  <Polygon>
                    <altitudeMode>absolute</altitudeMode>
                    <outerBoundaryIs>
                      <LinearRing>
                        <coordinates>-96.75870968324621,32.718602737943755,120.37671470082516 -96.75870968324621,32.718602737943755,155.31671470082514 -96.75823551948804,32.71840061442382,155.31671470082514 -96.75823551948804,32.71840061442382,120.37671470082516</coordinates>
                      </LinearRing>
                    </outerBoundaryIs>
                  </Polygon>
                  <Polygon>
                    <altitudeMode>absolute</altitudeMode>
                    <outerBoundaryIs>
                      <LinearRing>
                        <coordinates>-96.75823551948804,32.71840061442382,120.37671470082516 -96.75823551948804,32.71840061442382,155.31671470082514 -96.75793995876997,32.718149288087204,155.31671470082514 -96.75793995876997,32.718149288087204,120.37671470082516</coordinates>
                      </LinearRing>
                    </outerBoundaryIs>
                  </Polygon>
                  <Polygon>
                    <altitudeMode>absolute</altitudeMode>
                    <outerBoundaryIs>
                      <LinearRing>
                        <coordinates>-96.75793995876997,32.718149288087204,120.37671470082516 -96.75793995876997,32.718149288087204,155.31671470082514 -96.75821402379411,32.7180405131508,155.31671470082514 -96.75821402379411,32.7180405131508,120.37671470082516</coordinates>
                      </LinearRing>
                    </outerBoundaryIs>
                  </Polygon>
                </MultiGeometry>
              </Placemark>
            </Folder>
          </Folder>
          <Folder>
            <name>E236: uss1_dss astm.f3548.v21.dss.queryOperationalIntentReferences</name>
            <Placemark>
              <name>area_of_interest</name>
              <styleUrl>#QueryArea</styleUrl>
              <description><![CDATA[<ul><li>uss2's Activated 0f0014e2-698d-4c1e-a7c2-94370efb0a57[3]</li><li>uss2's Activated 2e41d355-e7d2-4662-8f9b-783ea51d0d1b[3]</li></ul>]]></description>
              <TimeSpan>
                <begin>2026-10-02T15:03:36.073815+00:00</begin>
                <end>2026-10-02T15:48:37.073815+00:00</end>
              </TimeSpan>
              <MultiGeometry>
                <Polygon>
                  <altitudeMode>absolute</altitudeMode>
                  <outerBoundaryIs>
                    <LinearRing>
                      <coordinates>-96.75870968324621,32.71792136563181,90.26688189362217 -96.75870968324621,32.718602737943755,90.26688189362217 -96.75793995876997,32.718602737943755,90.26688189362217 -96.75793995876997,32.71792136563181,90.26688189362217</coordinates>
                    </LinearRing>
                  </outerBoundaryIs>
                </Polygon>
                <Polygon>
                  <altitudeMode>absolute</altitudeMode>
                  <outerBoundaryIs>
                    <LinearRing>
                      <coordinates>-96.75870968324621,32.71792136563181,155.31688189362217 -96.75870968324621,32.718602737943755,155.31688189362217 -96.75793995876997,32.718602737943755,155.31688189362217 -96.75793995876997,32.71792136563181,155.31688189362217</coordinates>
                    </LinearRing>
                  </outerBoundaryIs>
                </Polygon>
                <Polygon>
                  <altitudeMode>absolute</altitudeMode>
                  <outerBoundaryIs>
                    <LinearRing>
                      <coordinates>-96.75870968324621,32.71792136563181,90.26688189362217 -96.75870968324621,32.71792136563181,155.31688189362217 -96.75870968324621,32.718602737943755,155.31688189362217 -96.75870968324621,32.718602737943755,90.26688189362217</coordinates>
                    </LinearRing>
                  </outerBoundaryIs>
                </Polygon>
                <Polygon>
                  <altitudeMode>absolute</altitudeMode>
                  <outerBoundaryIs>
                    <LinearRing>
                      <coordinates>-96.75870968324621,32.718602737943755,90.26688189362217 -96.75870968324621,32.718602737943755,155.31688189362217 -96.75793995876997,32.718602737943755,155.31688189362217 -96.75793995876997,32.718602737943755,90.26688189362217</coordinates>
                    </LinearRing>
                  </outerBoundaryIs>
                </Polygon>
                <Polygon>
                  <altitudeMode>absolute</altitudeMode>
                  <outerBoundaryIs>
                    <LinearRing>
                      <coordinates>-96.75793995876997,32.718602737943755,90.26688189362217 -96.75793995876997,32.718602737943755,155.31688189362217 -96.75793995876997,32.71792136563181,155.31688189362217 -96.75793995876997,32.71792136563181,90.26688189362217</coordinates>
                    </LinearRing>
                  </outerBoundaryIs>
                </Polygon>
                <Polygon>
                  <altitudeMode>absolute</altitudeMode>
                  <outerBoundaryIs>
                    <LinearRing>
                      <coordinates>-96.75793995876997,32.71792136563181,90.26688189362217 -96.75793995876997,32.71792136563181,155.31688189362217 -96.75870968324621,32.71792136563181,155.31688189362217 -96.75870968324621,32.71792136563181,90.26688189362217</coordinates>
                    </LinearRing>
                  </outerBoundaryIs>
                </Polygon>
              </MultiGeometry>
            </Placemark>
          </Folder>
        </Folder>
      </Folder>
      <Folder>
        <name/>
        <Folder>
          <name>Cleanup</name>
        </Folder>
      </Folder>
    </Folder>
  </Document>
</kml>
