<kml xmlns="http://www.opengis.net/kml/2.2" xmlns:atom="http://www.w3.org/2005/Atom" xmlns:gx="http://www.google.com/kml/ext/2.2">
  <Document>
    <Style id="QueryArea">
      <LineStyle>
        <color>ffc0c000</color>
        <width>3</width>
      </LineStyle>
      <PolyStyle>
        <color>80ffffaa</color>
      </PolyStyle>
    </Style>
    <Style id="F3548v21Accepted">
      <LineStyle>
        <color>ff00c000</color>
        <width>3</width>
      </LineStyle>
      <PolyStyle>
        <color>80c0c0c0</color>
      </PolyStyle>
    </Style>
    <Style id="F3548v21Activated">
      <LineStyle>
        <color>ff00c000</color>
        <width>3</width>
      </LineStyle>
      <PolyStyle>
        <color>8000ff00</color>
      </PolyStyle>
    </Style>
    <Style id="F3548v21Nonconforming">
      <LineStyle>
        <color>ff00ffff</color>
        <width>5</width>
      </LineStyle>
      <PolyStyle>
        <color>8000ffff</color>
      </PolyStyle>
    </Style>
    <Style id="F3548v21Contingent">
      <LineStyle>
        <color>ff0000ff</color>
        <width>5</width>
      </LineStyle>
      <PolyStyle>
        <color>80ff0000ff</color>
      </PolyStyle>
    </Style>
    <Style id="F3548v21AcceptedFuture">
      <LineStyle>
        <color>80c0c0c0</color>
        <width>1</width>
      </LineStyle>
      <PolyStyle>
        <color>00000000</color>
      </PolyStyle>
    </Style>
    <Style id="F3548v21ActivatedFuture">
      <LineStyle>
        <color>8040c040</color>
        <width>1</width>
      </LineStyle>
      <PolyStyle>
        <color>00000000</color>
      </PolyStyle>
    </Style>
    <Style id="F3548v21NonconformingFuture">
      <LineStyle>
        <color>8000ffff</color>
        <width>1</width>
      </LineStyle>
      <PolyStyle>
        <color>00000000</color>
      </PolyStyle>
    </Style>
    <Style id="F3548v21ContingentFuture">
      <LineStyle>
        <color>80ff0000ff</color>
        <width>1</width>
      </LineStyle>
      <PolyStyle>
        <color>00000000</color>
      </PolyStyle>
    </Style>
    <Style id="Planned_Nominal">
      <LineStyle>
        <color>ff00c000</color>
        <width>3</width>
      </LineStyle>
      <PolyStyle>
        <color>80808080</color>
      </PolyStyle>
    </Style>
    <Style id="InUse_Nominal">
      <LineStyle>
        <color>ff00c000</color>
        <width>3</width>
      </LineStyle>
      <PolyStyle>
        <color>8000ff00</color>
      </PolyStyle>
    </Style>
    <Style id="InUse_OffNominal">
      <LineStyle>
        <color>ff00ffff</color>
        <width>5</width>
      </LineStyle>
      <PolyStyle>
        <color>8000ff00</color>
      </PolyStyle>
    </Style>
    <Style id="InUse_Contingent">
      <LineStyle>
        <color>ff0000ff</color>
        <width>5</width>
      </LineStyle>
      <PolyStyle>
        <color>8000ff00</color>
      </PolyStyle>
    </Style>
    <Style id="unmodifiedtelemetry">
      <IconStyle>
        <scale>1.4</scale>
        <Icon>
          <href>http://maps.google.com/mapfiles/kml/shapes/placemark_circle.png</href>
        </Icon>
      </IconStyle>
    </Style>
    <Style id="modifiedtelemetry">
      <IconStyle>
        <scale>1.4</scale>
        <Icon>
          <href>http://maps.google.com/mapfiles/kml/shapes/placemark_square.png</href>
        </Icon>
      </IconStyle>
    </Style>
    <Style id="aircraft">
      <IconStyle>
        <scale>1.4</scale>
        <Icon>
          <href>http://maps.google.com/mapfiles/kml/shapes/airports.png</href>
        </Icon>
      </IconStyle>
    </Style>
    <Folder>
      <name>ASTM NetRID nominal behavior</name>
      <Folder>
        <name>Nominal flight</name>
        <Folder>
          <name>Injection</name>
          <Folder>
            <name>E2: uss1 interuss.automated_testing.rid.v1.injection.createTest</name>
            <Folder>
              <name>Test flight dc011c34-7eb1-4e19-8eef-8fb74c4750a4</name>
              <Placemark>
                <name>Telemetry 0</name>
                <styleUrl>#unmodifiedtelemetry</styleUrl>
                <TimeSpan>
                  <begin>2026-10-09T06:26:58.898976+00:00</begin>
                  <end>2026-10-09T06:26:59.898976+00:00</end>
                </TimeSpan>
                <Point>
                  <coordinates>-80.57800055297378,37.1971014791759,0</coordinates>
                </Point>
              </Placemark>
              <Placemark>
                <name>Telemetry 1</name>
                <styleUrl>#unmodifiedtelemetry</styleUrl>
                <TimeSpan>
                  <begin>2026-10-09T06:26:59.898976+00:00</begin>
                  <end>2026-10-09T06:27:00.898976+00:00</end>
                </TimeSpan>
                <Point>
                  <coordinates>-80.57798081614081,37.197059404721635,0</coordinates>
                </Point>
              </Placemark>
              <Placemark>
                <name>Telemetry 2</name>
                <styleUrl>#unmodifiedtelemetry</styleUrl>
                <TimeSpan>
                  <begin>2026-10-09T06:27:00.898976+00:00</begin>
                  <end>2026-10-09T06:27:01.898976+00:00</end>
                </TimeSpan>
                <Point>
                  <coordinates>-80.57798798375362,37.197016214133484,0</coordinates>
                </Point>
              </Placemark>
              <Placemark>
                <name>Telemetry 3</name>
                <styleUrl>#unmodifiedtelemetry</styleUrl>
                <TimeSpan>
                  <begin>2026-10-09T06:27:01.898976+00:00</begin>
                  <end>2026-10-09T06:27:02.898976+00:00</end>
                </TimeSpan>
                <Point>
                  <coordinates>-80.57800212690604,37.196972734164305,0</coordinates>
                </Point>
              </Placemark>
              <Placemark>
                <name>Telemetry 4</name>
                <styleUrl>#unmodifiedtelemetry</styleUrl>
                <TimeSpan>
                  <begin>2026-10-09T06:27:02.898976+00:00</begin>
                  <end>2026-10-09T06:27:03.898976+00:00</end>
                </TimeSpan>
                <Point>
                  <coordinates>-80.57802342452034,37.196931703788785,0</coordinates>
                </Point>
              </Placemark>
              <Placemark>
                <name>Telemetry 5</name>
                <styleUrl>#unmodifiedtelemetry</styleUrl>
                <TimeSpan>
                  <begin>2026-10-09T06:27:03.898976+00:00</begin>
                  <end>2026-10-09T06:27:04.898976+00:00</end>
                </TimeSpan>
                <Point>
                  <coordinates>-80.57805344862881,37.19689368575391,0</coordinates>
                </Point>
              </Placemark>
              <Placemark>
                <name>Telemetry 6</name>
                <styleUrl>#unmodifiedtelemetry</styleUrl>
                <TimeSpan>
                  <begin>2026-10-09T06:27:04.898976+00:00</begin>
                  <end>2026-10-09T06:27:05.898976+00:00</end>
                </TimeSpan>
                <Point>
                  <coordinates>-80.57808720822365,37.19685213076737,0</coordinates>
                </Point>
              </Placemark>
              <Placemark>
                <name>Telemetry 7</name>
                <styleUrl>#unmodifiedtelemetry</styleUrl>
                <TimeSpan>
                  <begin>2026-10-09T06:27:05.898976+00:00</begin>
                  <end>2026-10-09T06:27:06.898976+00:00</end>
                </TimeSpan>
                <Point>
                  <coordinates>-80.57811722777369,37.19680923519623,0</coordinates>
                </Point>
              </Placemark>
              <Placemark>
                <name>Telemetry 8</name>
                <styleUrl>#unmodifiedtelemetry</styleUrl>
                <TimeSpan>
                  <begin>2026-10-09T06:27:06.898976+00:00</begin>
                  <end>2026-10-09T06:27:07.898976+00:00</end>
                </TimeSpan>
                <Point>
                  <coordinates>-80.5781323958596,37.1967658046547,0</coordinates>
                </Point>
              </Placemark>
              <Placemark>
                <name>Telemetry 9</name>
                <styleUrl>#unmodifiedtelemetry</styleUrl>
                <TimeSpan>
                  <begin>2026-10-09T06:27:07.898976+00:00</begin>
                  <end>2026-10-09T06:27:08.898976+00:00</end>
                </TimeSpan>
                <Point>
                  <coordinates>-80.57814392771789,37.19670166260832,0</coordinates>
                </Point>
              </Placemark>
              <Placemark>
                <name>Telemetry 10</name>
                <styleUrl>#unmodifiedtelemetry</styleUrl>
                <TimeSpan>
                  <begin>2026-10-09T06:27:08.898976+00:00</begin>
                  <end>2026-10-09T06:27:09.898976+00:00</end>
                </TimeSpan>
                <Point>
                  <coordinates>-80.57812974002694,37.19663489860375,0</coordinates>
                </Point>
              </Placemark>
              <Placemark>
                <name>Telemetry 11</name>
                <styleUrl>#unmodifiedtelemetry</styleUrl>
                <TimeSpan>
                  <begin>2026-10-09T06:27:09.898976+00:00</begin>
                  <end>2026-10-09T06:27:10.898976+00:00</end>
                </TimeSpan>
                <Point>
                  <coordinates>-80.57808680009781,37.19657292090538,0</coordinates>
                </Point>
              </Placemark>
              <Placemark>
                <name>Telemetry 12</name>
                <styleUrl>#unmodifiedtelemetry</styleUrl>
                <TimeSpan>
                  <begin>2026-10-09T06:27:10.898976+00:00</begin>
                  <end>2026-10-09T06:27:11.898976+00:00</end>
                </TimeSpan>
                <Point>
                  <coordinates>-80.57801685035301,37.19652877181478,0</coordinates>
                </Point>
              </Placemark>
              <Placemark>
                <name>Telemetry 13</name>
                <styleUrl>#unmodifiedtelemetry</styleUrl>
                <TimeSpan>
                  <begin>2026-10-09T06:27:11.898976+00:00</begin>
                  <end>2026-10-09T06:27:12.898976+00:00</end>
                </TimeSpan>
                <Point>
                  <coordinates>-80.57795541973255,37.19650790849303,0</coordinates>
                </Point>
              </Placemark>
              <Placemark>
                <name>Telemetry 14</name>
                <styleUrl>#unmodifiedtelemetry</styleUrl>
                <TimeSpan>
                  <begin>2026-10-09T06:27:12.898976+00:00</begin>
                  <end>2026-10-09T06:27:13.898976+00:00</end>
                </TimeSpan>
                <Point>
                  <coordinates>-80.57779490248247,37.19643592110631,0</coordinates>
                </Point>
              </Placemark>
              <Placemark>
                <name>Telemetry 15</name>
                <styleUrl>#unmodifiedtelemetry</styleUrl>
                <TimeSpan>
                  <begin>2026-10-09T06:27:13.898976+00:00</begin>
                  <end>2026-10-09T06:27:14.898976+00:00</end>
                </TimeSpan>
                <Point>
                  <coordinates>-80.57771381708879,37.19639543761661,0</coordinates>
                </Point>
              </Placemark>
              <Placemark>
                <name>Telemetry 16</name>
                <styleUrl>#unmodifiedtelemetry</styleUrl>
                <TimeSpan>
                  <begin>2026-10-09T06:27:14.898976+00:00</begin>
                  <end>2026-10-09T06:27:15.898976+00:00</end>
                </TimeSpan>
                <Point>
                  <coordinates>-80.5776456115435,37.19635960981006,0</coordinates>
                </Point>
              </Placemark>
              <Placemark>
                <name>Telemetry 17</name>
                <styleUrl>#unmodifiedtelemetry</styleUrl>
                <TimeSpan>
                  <begin>2026-10-09T06:27:15.898976+00:00</begin>
                  <end>2026-10-09T06:27:16.898976+00:00</end>
                </TimeSpan>
                <Point>
                  <coordinates>-80.57757190904874,37.19632841915715,0</coordinates>
                </Point>
              </Placemark>
              <Placemark>
                <name>Telemetry 18</name>
                <styleUrl>#unmodifiedtelemetry</styleUrl>
                <TimeSpan>
                  <begin>2026-10-09T06:27:16.898976+00:00</begin>
                  <end>2026-10-09T06:27:17.898976+00:00</end>
                </TimeSpan>
                <Point>
                  <coordinates>-80.57751114071674,37.19631735230622,0</coordinates>
                </Point>
              </Placemark>
              <Placemark>
                <name>Telemetry 19</name>
                <styleUrl>#unmodifiedtelemetry</styleUrl>
                <TimeSpan>
                  <begin>2026-10-09T06:27:17.898976+00:00</begin>
                  <end>2026-10-09T06:27:18.898976+00:00</end>
                </TimeSpan>
                <Point>
                  <coordinates>-80.57742677046657,37.19631370494702,0</coordinates>
                </Point>
              </Placemark>
              <Placemark>
                <name>Telemetry 20</name>
                <styleUrl>#unmodifiedtelemetry</styleUrl>
                <TimeSpan>
                  <begin>2026-10-09T06:27:18.898976+00:00</begin>
                  <end>2026-10-09T06:27:19.898976+00:00</end>
                </TimeSpan>
                <Point>
                  <coordinates>-80.5773706,37.1963054,0</coordinates>
                </Point>
              </Placemark>
              <Placemark>
                <name>Telemetry 21</name>
                <styleUrl>#unmodifiedtelemetry</styleUrl>
                <TimeSpan>
                  <begin>2026-10-09T06:27:19.898976+00:00</begin>
                  <end>2026-10-09T06:27:20.898976+00:00</end>
                </TimeSpan>
                <Point>
                  <coordinates>-80.5771453,37.1963577,0</coordinates>
                </Point>
              </Placemark>
              <Placemark>
                <name>Telemetry 22</name>
                <styleUrl>#unmodifiedtelemetry</styleUrl>
                <TimeSpan>
                  <begin>2026-10-09T06:27:20.898976+00:00</begin>
                  <end>2026-10-09T06:27:21.898976+00:00</end>
                </TimeSpan>
                <Point>
                  <coordinates>-80.5771265,37.1965735,0</coordinates>
                </Point>
              </Placemark>
              <Placemark>
                <name>Telemetry 23</name>
                <styleUrl>#unmodifiedtelemetry</styleUrl>
                <TimeSpan>
                  <begin>2026-10-09T06:27:21.898976+00:00</begin>
                  <end>2026-10-09T06:27:22.898976+00:00</end>
                </TimeSpan>
                <Point>
                  <coordinates>-80.57744590087025,37.19665029738701,0</coordinates>
                </Point>
              </Placemark>
              <Placemark>
                <name>Telemetry 24</name>
                <styleUrl>#unmodifiedtelemetry</styleUrl>
                <TimeSpan>
                  <begin>2026-10-09T06:27:22.898976+00:00</begin>
                  <end>2026-10-09T06:27:23.898976+00:00</end>
                </TimeSpan>
                <Point>
                  <coordinates>-80.5776442,37.1966013,0</coordinates>
                </Point>
              </Placemark>
              <Placemark>
                <name>Telemetry 25</name>
                <styleUrl>#unmodifiedtelemetry</styleUrl>
                <TimeSpan>
                  <begin>2026-10-09T06:27:23.898976+00:00</begin>
                  <end>2026-10-09T06:27:24.898976+00:00</end>
                </TimeSpan>
                <Point>
                  <coordinates>-80.57776806176655,37.1964375298218,0</coordinates>
                </Point>
              </Placemark>
              <Placemark>
                <name>Telemetry 26</name>
                <styleUrl>#unmodifiedtelemetry</styleUrl>
                <TimeSpan>
                  <begin>2026-10-09T06:27:24.898976+00:00</begin>
                  <end>2026-10-09T06:27:25.898976+00:00</end>
                </TimeSpan>
                <Point>
                  <coordinates>-80.57784172323511,37.1962376762061,0</coordinates>
                </Point>
              </Placemark>
              <Placemark>
                <name>Telemetry 27</name>
                <styleUrl>#unmodifiedtelemetry</styleUrl>
                <TimeSpan>
                  <begin>2026-10-09T06:27:25.898976+00:00</begin>
                  <end>2026-10-09T06:27:26.898976+00:00</end>
                </TimeSpan>
                <Point>
                  <coordinates>-80.5777311,37.1960563,0</coordinates>
                </Point>
              </Placemark>
              <Placemark>
                <name>Telemetry 28</name>
                <styleUrl>#unmodifiedtelemetry</styleUrl>
                <TimeSpan>
                  <begin>2026-10-09T06:27:26.898976+00:00</begin>
                  <end>2026-10-09T06:27:27.898976+00:00</end>
                </TimeSpan>
                <Point>
                  <coordinates>-80.57739321491916,37.19605837098315,0</coordinates>
                </Point>
              </Placemark>
              <Placemark>
                <name>Telemetry 29</name>
                <styleUrl>#unmodifiedtelemetry</styleUrl>
                <TimeSpan>
                  <begin>2026-10-09T06:27:27.898976+00:00</begin>
                  <end>2026-10-09T06:27:28.898976+00:00</end>
                </TimeSpan>
                <Point>
                  <coordinates>-80.5771357,37.1961151,0</coordinates>
                </Point>
              </Placemark>
              <Placemark>
                <name>Telemetry 30</name>
                <styleUrl>#unmodifiedtelemetry</styleUrl>
                <TimeSpan>
                  <begin>2026-10-09T06:27:28.898976+00:00</begin>
                  <end>2026-10-09T06:27:29.898976+00:00</end>
                </TimeSpan>
                <Point>
                  <coordinates>-80.5769627,37.1962283,0</coordinates>
                </Point>
              </Placemark>
              <Placemark>
                <name>Telemetry 31</name>
                <styleUrl>#unmodifiedtelemetry</styleUrl>
                <TimeSpan>
                  <begin>2026-10-09T06:27:29.898976+00:00</begin>
                  <end>2026-10-09T06:27:30.898976+00:00</end>
                </TimeSpan>
                <Point>
                  <coordinates>-80.5769184,37.1963885,0</coordinates>
                </Point>
              </Placemark>
              <Placemark>
                <name>Telemetry 32</name>
                <styleUrl>#unmodifiedtelemetry</styleUrl>
                <TimeSpan>
                  <begin>2026-10-09T06:27:30.898976+00:00</begin>
                  <end>2026-10-09T06:27:31.898976+00:00</end>
                </TimeSpan>
                <Point>
                  <coordinates>-80.5767347,37.1964356,0</coordinates>
                </Point>
              </Placemark>
              <Placemark>
                <name>Telemetry 33</name>
                <styleUrl>#unmodifiedtelemetry</styleUrl>
                <TimeSpan>
                  <begin>2026-10-09T06:27:31.898976+00:00</begin>
                  <end>2026-10-09T06:27:32.898976+00:00</end>
                </TimeSpan>
                <Point>
                  <coordinates>-80.5766366,37.1963538,0</coordinates>
                </Point>
              </Placemark>
              <Placemark>
                <name>Telemetry 34</name>
                <styleUrl>#unmodifiedtelemetry</styleUrl>
                <TimeSpan>
                  <begin>2026-10-09T06:27:32.898976+00:00</begin>
                  <end>2026-10-09T06:27:33.898976+00:00</end>
                </TimeSpan>
                <Point>
                  <coordinates>-80.5766634,37.1962096,0</coordinates>
                </Point>
              </Placemark>
              <Placemark>
                <name>Telemetry 35</name>
                <styleUrl>#unmodifiedtelemetry</styleUrl>
                <TimeSpan>
                  <begin>2026-10-09T06:27:33.898976+00:00</begin>
                  <end>2026-10-09T06:27:34.898976+00:00</end>
                </TimeSpan>
                <Point>
                  <coordinates>-80.5767707,37.1961284,0</coordinates>
                </Point>
              </Placemark>
              <Placemark>
                <name>Telemetry 36</name>
                <styleUrl>#unmodifiedtelemetry</styleUrl>
                <TimeSpan>
                  <begin>2026-10-09T06:27:34.898976+00:00</begin>
                  <end>2026-10-09T06:27:35.898976+00:00</end>
                </TimeSpan>
                <Point>
                  <coordinates>-80.5768887,37.1960493,0</coordinates>
                </Point>
              </Placemark>
              <Placemark>
                <name>Telemetry 37</name>
                <styleUrl>#unmodifiedtelemetry</styleUrl>
                <TimeSpan>
                  <begin>2026-10-09T06:27:35.898976+00:00</begin>
                  <end>2026-10-09T06:27:36.898976+00:00</end>
                </TimeSpan>
                <Point>
                  <coordinates>-80.5770684,37.1959745,0</coordinates>
                </Point>
              </Placemark>
              <Placemark>
                <name>Telemetry 38</name>
                <styleUrl>#unmodifiedtelemetry</styleUrl>
                <TimeSpan>
                  <begin>2026-10-09T06:27:36.898976+00:00</begin>
                  <end>2026-10-09T06:27:37.898976+00:00</end>
                </TimeSpan>
                <Point>
                  <coordinates>-80.5771757,37.19596070000001,0</coordinates>
                </Point>
              </Placemark>
              <Placemark>
                <name>Telemetry 39</name>
                <styleUrl>#unmodifiedtelemetry</styleUrl>
                <TimeSpan>
                  <begin>2026-10-09T06:27:37.898976+00:00</begin>
                  <end>2026-10-09T06:27:38.898976+00:00</end>
                </TimeSpan>
                <Point>
                  <coordinates>-80.5772937,37.19598200000001,0</coordinates>
                </Point>
              </Placemark>
              <Placemark>
                <name>Telemetry 40</name>
                <styleUrl>#unmodifiedtelemetry</styleUrl>
                <TimeSpan>
                  <begin>2026-10-09T06:27:38.898976+00:00</begin>
                  <end>2026-10-09T06:27:39.898976+00:00</end>
                </TimeSpan>
                <Point>
                  <coordinates>-80.5773326,37.1960942,0</coordinates>
                </Point>
              </Placemark>
              <Placemark>
                <name>Telemetry 41</name>
                <styleUrl>#unmodifiedtelemetry</styleUrl>
                <TimeSpan>
                  <begin>2026-10-09T06:27:39.898976+00:00</begin>
                  <end>2026-10-09T06:27:40.898976+00:00</end>
                </TimeSpan>
                <Point>
                  <coordinates>-80.577283,37.19619780000001,0</coordinates>
                </Point>
              </Placemark>
              <Placemark>
                <name>Telemetry 42</name>
                <styleUrl>#unmodifiedtelemetry</styleUrl>
                <TimeSpan>
                  <begin>2026-10-09T06:27:40.898976+00:00</begin>
                  <end>2026-10-09T06:27:41.898976+00:00</end>
                </TimeSpan>
                <Point>
                  <coordinates>-80.5772602,37.1963495,0</coordinates>
                </Point>
              </Placemark>
              <Placemark>
                <name>Telemetry 43</name>
                <styleUrl>#unmodifiedtelemetry</styleUrl>
                <TimeSpan>
                  <begin>2026-10-09T06:27:41.898976+00:00</begin>
                  <end>2026-10-09T06:27:42.898976+00:00</end>
                </TimeSpan>
                <Point>
                  <coordinates>-80.5772817,37.1964692,0</coordinates>
                </Point>
              </Placemark>
              <Placemark>
                <name>Telemetry 44</name>
                <styleUrl>#unmodifiedtelemetry</styleUrl>
                <TimeSpan>
                  <begin>2026-10-09T06:27:42.898976+00:00</begin>
                  <end>2026-10-09T06:27:43.898976+00:00</end>
                </TimeSpan>
                <Point>
                  <coordinates>-80.5773863,37.1965546,0</coordinates>
                </Point>
              </Placemark>
              <Placemark>
                <name>Telemetry 45</name>
                <styleUrl>#unmodifiedtelemetry</styleUrl>
                <TimeSpan>
                  <begin>2026-10-09T06:27:43.898976+00:00</begin>
                  <end>2026-10-09T06:27:44.898976+00:00</end>
                </TimeSpan>
                <Point>
                  <coordinates>-80.5775406,37.1965589,0</coordinates>
                </Point>
              </Placemark>
              <Placemark>
                <name>Telemetry 46</name>
                <styleUrl>#unmodifiedtelemetry</styleUrl>
                <TimeSpan>
                  <begin>2026-10-09T06:27:44.898976+00:00</begin>
                  <end>2026-10-09T06:27:45.898976+00:00</end>
                </TimeSpan>
                <Point>
                  <coordinates>-80.57763850000002,37.1965782,0</coordinates>
                </Point>
              </Placemark>
              <Placemark>
                <name>Telemetry 47</name>
                <styleUrl>#unmodifiedtelemetry</styleUrl>
                <TimeSpan>
                  <begin>2026-10-09T06:27:45.898976+00:00</begin>
                  <end>2026-10-09T06:27:46.898976+00:00</end>
                </TimeSpan>
                <Point>
                  <coordinates>-80.57763850000002,37.1966679,0</coordinates>
                </Point>
              </Placemark>
              <Placemark>
                <name>Telemetry 48</name>
                <styleUrl>#unmodifiedtelemetry</styleUrl>
                <TimeSpan>
                  <begin>2026-10-09T06:27:46.898976+00:00</begin>
                  <end>2026-10-09T06:27:47.898976+00:00</end>
                </TimeSpan>
                <Point>
                  <coordinates>-80.5775473,37.1967074,0</coordinates>
                </Point>
              </Placemark>
              <Placemark>
                <name>Telemetry 49</name>
                <styleUrl>#unmodifiedtelemetry</styleUrl>
                <TimeSpan>
                  <begin>2026-10-09T06:27:47.898976+00:00</begin>
                  <end>2026-10-09T06:27:48.898976+00:00</end>
                </TimeSpan>
                <Point>
                  <coordinates>-80.5773823,37.1966967,0</coordinates>
                </Point>
              </Placemark>
              <Placemark>
                <name>Telemetry 50</name>
                <styleUrl>#unmodifiedtelemetry</styleUrl>
                <TimeSpan>
                  <begin>2026-10-09T06:27:48.898976+00:00</begin>
                  <end>2026-10-09T06:27:49.898976+00:00</end>
                </TimeSpan>
                <Point>
                  <coordinates>-80.5773421,37.1966241,0</coordinates>
                </Point>
              </Placemark>
              <Placemark>
                <name>Telemetry 51</name>
                <styleUrl>#unmodifiedtelemetry</styleUrl>
                <TimeSpan>
                  <begin>2026-10-09T06:27:49.898976+00:00</begin>
                  <end>2026-10-09T06:27:50.898976+00:00</end>
                </TimeSpan>
                <Point>
                  <coordinates>-80.5773005,37.196528,0</coordinates>
                </Point>
              </Placemark>
              <Placemark>
                <name>Telemetry 52</name>
                <styleUrl>#unmodifiedtelemetry</styleUrl>
                <TimeSpan>
                  <begin>2026-10-09T06:27:50.898976+00:00</begin>
                  <end>2026-10-09T06:27:51.898976+00:00</end>
                </TimeSpan>
                <Point>
                  <coordinates>-80.5771557,37.1965055,0</coordinates>
                </Point>
              </Placemark>
              <Placemark>
                <name>Telemetry 53</name>
                <styleUrl>#unmodifiedtelemetry</styleUrl>
                <TimeSpan>
                  <begin>2026-10-09T06:27:51.898976+00:00</begin>
                  <end>2026-10-09T06:27:52.898976+00:00</end>
                </TimeSpan>
                <Point>
                  <coordinates>-80.5770457,37.19654400000001,0</coordinates>
                </Point>
              </Placemark>
              <Placemark>
                <name>Telemetry 54</name>
                <styleUrl>#unmodifiedtelemetry</styleUrl>
                <TimeSpan>
                  <begin>2026-10-09T06:27:52.898976+00:00</begin>
                  <end>2026-10-09T06:27:53.898976+00:00</end>
                </TimeSpan>
                <Point>
                  <coordinates>-80.5768834,37.19654500000001,0</coordinates>
                </Point>
              </Placemark>
              <Placemark>
                <name>Telemetry 55</name>
                <styleUrl>#unmodifiedtelemetry</styleUrl>
                <TimeSpan>
                  <begin>2026-10-09T06:27:53.898976+00:00</begin>
                  <end>2026-10-09T06:27:54.898976+00:00</end>
                </TimeSpan>
                <Point>
                  <coordinates>-80.5767869,37.1964831,0</coordinates>
                </Point>
              </Placemark>
              <Placemark>
                <name>Telemetry 56</name>
                <styleUrl>#unmodifiedtelemetry</styleUrl>
                <TimeSpan>
                  <begin>2026-10-09T06:27:54.898976+00:00</begin>
                  <end>2026-10-09T06:27:55.898976+00:00</end>
                </TimeSpan>
                <Point>
                  <coordinates>-80.5767547,37.1964083,0</coordinates>
                </Point>
              </Placemark>
              <Placemark>
                <name>Telemetry 57</name>
                <styleUrl>#unmodifiedtelemetry</styleUrl>
                <TimeSpan>
                  <begin>2026-10-09T06:27:55.898976+00:00</begin>
                  <end>2026-10-09T06:27:56.898976+00:00</end>
                </TimeSpan>
                <Point>
                  <coordinates>-80.5767587,37.1963228,0</coordinates>
                </Point>
              </Placemark>
              <Placemark>
                <name>Telemetry 58</name>
                <styleUrl>#unmodifiedtelemetry</styleUrl>
                <TimeSpan>
                  <begin>2026-10-09T06:27:56.898976+00:00</begin>
                  <end>2026-10-09T06:27:57.898976+00:00</end>
                </TimeSpan>
                <Point>
                  <coordinates>-80.5767587,37.1961893,0</coordinates>
                </Point>
              </Placemark>
              <Placemark>
                <name>Telemetry 59</name>
                <styleUrl>#unmodifiedtelemetry</styleUrl>
                <TimeSpan>
                  <begin>2026-10-09T06:27:57.898976+00:00</begin>
                  <end>2026-10-09T06:27:58.898976+00:00</end>
                </TimeSpan>
                <Point>
                  <coordinates>-80.5766836,37.1961348,0</coordinates>
                </Point>
              </Placemark>
              <Placemark>
                <name>Telemetry 60</name>
                <styleUrl>#unmodifiedtelemetry</styleUrl>
                <TimeSpan>
                  <begin>2026-10-09T06:27:58.898976+00:00</begin>
                  <end>2026-10-09T06:27:59.898976+00:00</end>
                </TimeSpan>
                <Point>
                  <coordinates>-80.5766836,37.1960205,0</coordinates>
                </Point>
              </Placemark>
              <Placemark>
                <name>Telemetry 61</name>
                <styleUrl>#unmodifiedtelemetry</styleUrl>
                <TimeSpan>
                  <begin>2026-10-09T06:27:59.898976+00:00</begin>
                  <end>2026-10-09T06:28:00.898976+00:00</end>
                </TimeSpan>
                <Point>
                  <coordinates>-80.5767896,37.1960077,0</coordinates>
                </Point>
              </Placemark>
              <Placemark>
                <name>Telemetry 62</name>
                <styleUrl>#unmodifiedtelemetry</styleUrl>
                <TimeSpan>
                  <begin>2026-10-09T06:28:00.898976+00:00</begin>
                  <end>2026-10-09T06:28:01.898976+00:00</end>
                </TimeSpan>
                <Point>
                  <coordinates>-80.5769277,37.1959671,0</coordinates>
                </Point>
              </Placemark>
              <Placemark>
                <name>Telemetry 63</name>
                <styleUrl>#unmodifiedtelemetry</styleUrl>
                <TimeSpan>
                  <begin>2026-10-09T06:28:01.898976+00:00</begin>
                  <end>2026-10-09T06:28:02.898976+00:00</end>
                </TimeSpan>
                <Point>
                  <coordinates>-80.5770806,37.1959051,0</coordinates>
                </Point>
              </Placemark>
              <Placemark>
                <name>Telemetry 64</name>
                <styleUrl>#unmodifiedtelemetry</styleUrl>
                <TimeSpan>
                  <begin>2026-10-09T06:28:02.898976+00:00</begin>
                  <end>2026-10-09T06:28:03.898976+00:00</end>
                </TimeSpan>
                <Point>
                  <coordinates>-80.5771999,37.195896600000005,0</coordinates>
                </Point>
              </Placemark>
            </Folder>
          </Folder>
        </Folder>
        <Folder>
          <name>Service Provider polling</name>
        </Folder>
        <Folder>
          <name>Observer polling</name>
        </Folder>
        <Folder>
          <name>Service Provider polling</name>
        </Folder>
        <Folder>
          <name>Observer polling</name>
        </Folder>
        <Folder>
          <name>Service Provider polling</name>
        </Folder>
        <Folder>
          <name>Observer polling</name>
        </Folder>
        <Folder>
          <name>Service Provider polling</name>
          <Folder>
            <name>E23: uss1 astm.f3411.v22a.uss.searchFlights</name>
            <Folder>
              <name>Error parsing response into GetFlightsResponse</name>
              <description><![CDATA[Traceback (most recent call last):
  File "/app/monitoring/uss_qualifier/reports/sequence_view/kml.py", line 154, in make_scenario_kml
    kwargs["resp"] = ImplicitDict.parse(
                     ~~~~~~~~~~~~~~~~~~^
        event.query.response.json,
        ^^^^^^^^^^^^^^^^^^^^^^^^^^
        render_info.response_type,
        ^^^^^^^^^^^^^^^^^^^^^^^^^^
    )
    ^
  File "/venv/lib/python3.13/site-packages/implicitdict/__init__.py", line 118, in parse
    return parse_type(**kwargs)
  File "/venv/lib/python3.13/site-packages/implicitdict/__init__.py", line 152, in __init__
    raise ValueError(f'Required field "{key}" not specified in {subtype.__name__}')
ValueError: Required field "timestamp" not specified in GetFlightsResponse
]]></description>
            </Folder>
          </Folder>
        </Folder>
        <Folder>
          <name>Observer polling</name>
        </Folder>
        <Folder>
          <name>Service Provider polling</name>
          <Folder>
            <name>E28: uss1 astm.f3411.v22a.uss.searchFlights</name>
          </Folder>
        </Folder>
        <Folder>
          <name>Observer polling</name>
        </Folder>
        <Folder>
          <name>Service Provider polling</name>
          <Folder>
            <name>E37: uss1 astm.f3411.v22a.uss.searchFlights</name>
          </Folder>
        </Folder>
        <Folder>
          <name>Observer polling</name>
        </Folder>
        <Folder>
          <name>Service Provider polling</name>
          <Folder>
            <name>E44: uss1 astm.f3411.v22a.uss.searchFlights</name>
            <Folder>
              <name>Error parsing response into GetFlightsResponse</name>
              <description><![CDATA[Traceback (most recent call last):
  File "/app/monitoring/uss_qualifier/reports/sequence_view/kml.py", line 154, in make_scenario_kml
    kwargs["resp"] = ImplicitDict.parse(
                     ~~~~~~~~~~~~~~~~~~^
        event.query.response.json,
        ^^^^^^^^^^^^^^^^^^^^^^^^^^
        render_info.response_type,
        ^^^^^^^^^^^^^^^^^^^^^^^^^^
    )
    ^
  File "/venv/lib/python3.13/site-packages/implicitdict/__init__.py", line 118, in parse
    return parse_type(**kwargs)
  File "/venv/lib/python3.13/site-packages/implicitdict/__init__.py", line 152, in __init__
    raise ValueError(f'Required field "{key}" not specified in {subtype.__name__}')
ValueError: Required field "timestamp" not specified in GetFlightsResponse
]]></description>
            </Folder>
          </Folder>
        </Folder>
        <Folder>
          <name>Observer polling</name>
        </Folder>
        <Folder>
          <name>Service Provider polling</name>
          <Folder>
            <name>E53: uss1 astm.f3411.v22a.uss.searchFlights</name>
            <Folder>
              <name>1bae19e0-4362-4132-8f86-599433dbc123</name>
              <Placemark>
                <name>HybridLift 1bae19e0-4362-4132-8f86-599433dbc123 SIMULATED</name>
                <styleUrl>#aircraft</styleUrl>
                <Point>
                  <coordinates>-80.57802342452034,37.196931703788785,0</coordinates>
                </Point>
              </Placemark>
              <Placemark>
                <name>1bae19e0-4362-4132-8f86-599433dbc123 recent positions</name>
                <styleUrl>#ridtail</styleUrl>
                <LineString>
                  <tessellate>1</tessellate>
                  <coordinates>-80.57800055297378,37.1971014791759,0 -80.57798081614081,37.197059404721635,0 -80.57798798375362,37.197016214133484,0 -80.57800212690604,37.196972734164305,0 -80.57802342452034,37.196931703788785,0</coordinates>
                </LineString>
              </Placemark>
            </Folder>
          </Folder>
        </Folder>
        <Folder>
          <name>Observer polling</name>
        </Folder>
        <Folder>
          <name>Service Provider polling</name>
          <Folder>
            <name>E114: uss1 astm.f3411.v22a.uss.searchFlights</name>
            <Folder>
              <name>1bae19e0-4362-4132-8f86-599433dbc123</name>
              <Placemark>
                <name>HybridLift 1bae19e0-4362-4132-8f86-599433dbc123 SIMULATED</name>
                <styleUrl>#aircraft</styleUrl>
                <Point>
                  <coordinates>-80.57802342452034,37.196931703788785,0</coordinates>
                </Point>
              </Placemark>
              <Placemark>
                <name>1bae19e0-4362-4132-8f86-599433dbc123 recent positions</name>
                <styleUrl>#ridtail</styleUrl>
                <LineString>
                  <tessellate>1</tessellate>
                  <coordinates>-80.57800055297378,37.1971014791759,0 -80.57798081614081,37.197059404721635,0 -80.57798798375362,37.197016214133484,0 -80.57800212690604,37.196972734164305,0 -80.57802342452034,37.196931703788785,0</coordinates>
                </LineString>
              </Placemark>
            </Folder>
          </Folder>
        </Folder>
        <Folder>
          <name>Observer polling</name>
        </Folder>
        <Folder>
          <name>Service Provider polling</name>
          <Folder>
            <name>E222: uss1 astm.f3411.v22a.uss.searchFlights</name>
            <Folder>
              <name>Error parsing response into GetFlightsResponse</name>
              <description><![CDATA[Traceback (most recent call last):
  File "/app/monitoring/uss_qualifier/reports/sequence_view/kml.py", line 154, in make_scenario_kml
    kwargs["resp"] = ImplicitDict.parse(
                     ~~~~~~~~~~~~~~~~~~^
        event.query.response.json,
        ^^^^^^^^^^^^^^^^^^^^^^^^^^
        render_info.response_type,
        ^^^^^^^^^^^^^^^^^^^^^^^^^^
    )
    ^
  File "/venv/lib/python3.13/site-packages/implicitdict/__init__.py", line 118, in parse
    return parse_type(**kwargs)
  File "/venv/lib/python3.13/site-packages/implicitdict/__init__.py", line 152, in __init__
    raise ValueError(f'Required field "{key}" not specified in {subtype.__name__}')
ValueError: Required field "timestamp" not specified in GetFlightsResponse
]]></description>
            </Folder>
          </Folder>
        </Folder>
        <Folder>
          <name>Observer polling</name>
        </Folder>
        <Folder>
          <name>Service Provider polling</name>
          <Folder>
            <name>E231: uss1 astm.f3411.v22a.uss.searchFlights</name>
            <Folder>
              <name>1bae19e0-4362-4132-8f86-599433dbc123</name>
              <Placemark>
                <name>HybridLift 1bae19e0-4362-4132-8f86-599433dbc123 SIMULATED</name>
                <styleUrl>#aircraft</styleUrl>
                <Point>
                  <coordinates>-80.57814392771789,37.19670166260832,0</coordinates>
                </Point>
              </Placemark>
              <Placemark>
                <name>1bae19e0-4362-4132-8f86-599433dbc123 recent positions</name>
                <styleUrl>#ridtail</styleUrl>
                <LineString>
                  <tessellate>1</tessellate>
                  <coordinates>-80.57800055297378,37.1971014791759,0 -80.57798081614081,37.197059404721635,0 -80.57798798375362,37.197016214133484,0 -80.57800212690604,37.196972734164305,0 -80.57802342452034,37.196931703788785,0 -80.57805344862881,37.19689368575391,0 -80.57808720822365,37.19685213076737,0 -80.57811722777369,37.19680923519623,0 -80.5781323958596,37.1967658046547,0 -80.57814392771789,37.19670166260832,0</coordinates>
                </LineString>
              </Placemark>
            </Folder>
          </Folder>
        </Folder>
        <Folder>
          <name>Observer polling</name>
        </Folder>
        <Folder>
          <name>Service Provider polling</name>
          <Folder>
            <name>E292: uss1 astm.f3411.v22a.uss.searchFlights</name>
            <Folder>
              <name>1bae19e0-4362-4132-8f86-599433dbc123</name>
              <Placemark>
                <name>HybridLift 1bae19e0-4362-4132-8f86-599433dbc123 SIMULATED</name>
                <styleUrl>#aircraft</styleUrl>
                <Point>
                  <coordinates>-80.57814392771789,37.19670166260832,0</coordinates>
                </Point>
              </Placemark>
              <Placemark>
                <name>1bae19e0-4362-4132-8f86-599433dbc123 recent positions</name>
                <styleUrl>#ridtail</styleUrl>
                <LineString>
                  <tessellate>1</tessellate>
                  <coordinates>-80.57800055297378,37.1971014791759,0 -80.57798081614081,37.197059404721635,0 -80.57798798375362,37.197016214133484,0 -80.57800212690604,37.196972734164305,0 -80.57802342452034,37.196931703788785,0 -80.57805344862881,37.19689368575391,0 -80.57808720822365,37.19685213076737,0 -80.57811722777369,37.19680923519623,0 -80.5781323958596,37.1967658046547,0 -80.57814392771789,37.19670166260832,0</coordinates>
                </LineString>
              </Placemark>
            </Folder>
          </Folder>
        </Folder>
        <Folder>
          <name>Observer polling</name>
        </Folder>
        <Folder>
          <name>Service Provider polling</name>
          <Folder>
            <name>E379: uss1 astm.f3411.v22a.uss.searchFlights</name>
            <Folder>
              <name>Error parsing response into GetFlightsResponse</name>
              <description><![CDATA[Traceback (most recent call last):
  File "/app/monitoring/uss_qualifier/reports/sequence_view/kml.py", line 154, in make_scenario_kml
    kwargs["resp"] = ImplicitDict.parse(
                     ~~~~~~~~~~~~~~~~~~^
        event.query.response.json,
        ^^^^^^^^^^^^^^^^^^^^^^^^^^
        render_info.response_type,
        ^^^^^^^^^^^^^^^^^^^^^^^^^^
    )
    ^
  File "/venv/lib/python3.13/site-packages/implicitdict/__init__.py", line 118, in parse
    return parse_type(**kwargs)
  File "/venv/lib/python3.13/site-packages/implicitdict/__init__.py", line 152, in __init__
    raise ValueError(f'Required field "{key}" not specified in {subtype.__name__}')
ValueError: Required field "timestamp" not specified in GetFlightsResponse
]]></description>
            </Folder>
          </Folder>
        </Folder>
        <Folder>
          <name>Observer polling</name>
        </Folder>
        <Folder>
          <name>Service Provider polling</name>
          <Folder>
            <name>E388: uss1 astm.f3411.v22a.uss.searchFlights</name>
            <Folder>
              <name>1bae19e0-4362-4132-8f86-599433dbc123</name>
              <Placemark>
                <name>HybridLift 1bae19e0-4362-4132-8f86-599433dbc123 SIMULATED</name>
                <styleUrl>#aircraft</styleUrl>
                <Point>
                  <coordinates>-80.57779490248247,37.19643592110631,0</coordinates>
                </Point>
              </Placemark>
              <Placemark>
                <name>1bae19e0-4362-4132-8f86-599433dbc123 recent positions</name>
                <styleUrl>#ridtail</styleUrl>
                <LineString>
                  <tessellate>1</tessellate>
                  <coordinates>-80.57800055297378,37.1971014791759,0 -80.57798081614081,37.197059404721635,0 -80.57798798375362,37.197016214133484,0 -80.57800212690604,37.196972734164305,0 -80.57802342452034,37.196931703788785,0 -80.57805344862881,37.19689368575391,0 -80.57808720822365,37.19685213076737,0 -80.57811722777369,37.19680923519623,0 -80.5781323958596,37.1967658046547,0 -80.57814392771789,37.19670166260832,0 -80.57812974002694,37.19663489860375,0 -80.57808680009781,37.19657292090538,0 -80.57801685035301,37.19652877181478,0 -80.57795541973255,37.19650790849303,0 -80.57779490248247,37.19643592110631,0</coordinates>
                </LineString>
              </Placemark>
            </Folder>
          </Folder>
        </Folder>
        <Folder>
          <name>Observer polling</name>
        </Folder>
        <Folder>
          <name>Service Provider polling</name>
          <Folder>
            <name>E452: uss1 astm.f3411.v22a.uss.searchFlights</name>
            <Folder>
              <name>1bae19e0-4362-4132-8f86-599433dbc123</name>
              <Placemark>
                <name>HybridLift 1bae19e0-4362-4132-8f86-599433dbc123 SIMULATED</name>
                <styleUrl>#aircraft</styleUrl>
                <Point>
                  <coordinates>-80.57779490248247,37.19643592110631,0</coordinates>
                </Point>
              </Placemark>
              <Placemark>
                <name>1bae19e0-4362-4132-8f86-599433dbc123 recent positions</name>
                <styleUrl>#ridtail</styleUrl>
                <LineString>
                  <tessellate>1</tessellate>
                  <coordinates>-80.57800055297378,37.1971014791759,0 -80.57798081614081,37.197059404721635,0 -80.57798798375362,37.197016214133484,0 -80.57800212690604,37.196972734164305,0 -80.57802342452034,37.196931703788785,0 -80.57805344862881,37.19689368575391,0 -80.57808720822365,37.19685213076737,0 -80.57811722777369,37.19680923519623,0 -80.5781323958596,37.1967658046547,0 -80.57814392771789,37.19670166260832,0 -80.57812974002694,37.19663489860375,0 -80.57808680009781,37.19657292090538,0 -80.57801685035301,37.19652877181478,0 -80.57795541973255,37.19650790849303,0 -80.57779490248247,37.19643592110631,0</coordinates>
                </LineString>
              </Placemark>
            </Folder>
          </Folder>
        </Folder>
        <Folder>
          <name>Observer polling</name>
        </Folder>
        <Folder>
          <name>Service Provider polling</name>
          <Folder>
            <name>E540: uss1 astm.f3411.v22a.uss.searchFlights</name>
            <Folder>
              <name>Error parsing response into GetFlightsResponse</name>
              <description><![CDATA[Traceback (most recent call last):
  File "/app/monitoring/uss_qualifier/reports/sequence_view/kml.py", line 154, in make_scenario_kml
    kwargs["resp"] = ImplicitDict.parse(
                     ~~~~~~~~~~~~~~~~~~^
        event.query.response.json,
        ^^^^^^^^^^^^^^^^^^^^^^^^^^
        render_info.response_type,
        ^^^^^^^^^^^^^^^^^^^^^^^^^^
    )
    ^
  File "/venv/lib/python3.13/site-packages/implicitdict/__init__.py", line 118, in parse
    return parse_type(**kwargs)
  File "/venv/lib/python3.13/site-packages/implicitdict/__init__.py", line 152, in __init__
    raise ValueError(f'Required field "{key}" not specified in {subtype.__name__}')
ValueError: Required field "timestamp" not specified in GetFlightsResponse
]]></description>
            </Folder>
          </Folder>
        </Folder>
        <Folder>
          <name>Observer polling</name>
        </Folder>
        <Folder>
          <name>Service Provider polling</name>
          <Folder>
            <name>E549: uss1 astm.f3411.v22a.uss.searchFlights</name>
            <Folder>
              <name>1bae19e0-4362-4132-8f86-599433dbc123</name>
              <Placemark>
                <name>HybridLift 1bae19e0-4362-4132-8f86-599433dbc123 SIMULATED</name>
                <styleUrl>#aircraft</styleUrl>
                <Point>
                  <coordinates>-80.57742677046657,37.19631370494702,0</coordinates>
                </Point>
              </Placemark>
              <Placemark>
                <name>1bae19e0-4362-4132-8f86-599433dbc123 recent positions</name>
                <styleUrl>#ridtail</styleUrl>
                <LineString>
                  <tessellate>1</tessellate>
                  <coordinates>-80.57800055297378,37.1971014791759,0 -80.57798081614081,37.197059404721635,0 -80.57798798375362,37.197016214133484,0 -80.57800212690604,37.196972734164305,0 -80.57802342452034,37.196931703788785,0 -80.57805344862881,37.19689368575391,0 -80.57808720822365,37.19685213076737,0 -80.57811722777369,37.19680923519623,0 -80.5781323958596,37.1967658046547,0 -80.57814392771789,37.19670166260832,0 -80.57812974002694,37.19663489860375,0 -80.57808680009781,37.19657292090538,0 -80.57801685035301,37.19652877181478,0 -80.57795541973255,37.19650790849303,0 -80.57779490248247,37.19643592110631,0 -80.57771381708879,37.19639543761661,0 -80.5776456115435,37.19635960981006,0 -80.57757190904874,37.19632841915715,0 -80.57751114071674,37.19631735230622,0 -80.57742677046657,37.19631370494702,0</coordinates>
                </LineString>
              </Placemark>
            </Folder>
          </Folder>
        </Folder>
        <Folder>
          <name>Observer polling</name>
        </Folder>
        <Folder>
          <name>Service Provider polling</name>
          <Folder>
            <name>E613: uss1 astm.f3411.v22a.uss.searchFlights</name>
            <Folder>
              <name>1bae19e0-4362-4132-8f86-599433dbc123</name>
              <Placemark>
                <name>HybridLift 1bae19e0-4362-4132-8f86-599433dbc123 SIMULATED</name>
                <styleUrl>#aircraft</styleUrl>
                <Point>
                  <coordinates>-80.57742677046657,37.19631370494702,0</coordinates>
                </Point>
              </Placemark>
              <Placemark>
                <name>1bae19e0-4362-4132-8f86-599433dbc123 recent positions</name>
                <styleUrl>#ridtail</styleUrl>
                <LineString>
                  <tessellate>1</tessellate>
                  <coordinates>-80.57800055297378,37.1971014791759,0 -80.57798081614081,37.197059404721635,0 -80.57798798375362,37.197016214133484,0 -80.57800212690604,37.196972734164305,0 -80.57802342452034,37.196931703788785,0 -80.57805344862881,37.19689368575391,0 -80.57808720822365,37.19685213076737,0 -80.57811722777369,37.19680923519623,0 -80.5781323958596,37.1967658046547,0 -80.57814392771789,37.19670166260832,0 -80.57812974002694,37.19663489860375,0 -80.57808680009781,37.19657292090538,0 -80.57801685035301,37.19652877181478,0 -80.57795541973255,37.19650790849303,0 -80.57779490248247,37.19643592110631,0 -80.57771381708879,37.19639543761661,0 -80.5776456115435,37.19635960981006,0 -80.57757190904874,37.19632841915715,0 -80.57751114071674,37.19631735230622,0 -80.57742677046657,37.19631370494702,0</coordinates>
                </LineString>
              </Placemark>
            </Folder>
          </Folder>
        </Folder>
        <Folder>
          <name>Observer polling</name>
        </Folder>
        <Folder>
          <name>Service Provider polling</name>
          <Folder>
            <name>E701: uss1 astm.f3411.v22a.uss.searchFlights</name>
            <Folder>
              <name>Error parsing response into GetFlightsResponse</name>
              <description><![CDATA[Traceback (most recent call last):
  File "/app/monitoring/uss_qualifier/reports/sequence_view/kml.py", line 154, in make_scenario_kml
    kwargs["resp"] = ImplicitDict.parse(
                     ~~~~~~~~~~~~~~~~~~^
        event.query.response.json,
        ^^^^^^^^^^^^^^^^^^^^^^^^^^
        render_info.response_type,
        ^^^^^^^^^^^^^^^^^^^^^^^^^^
    )
    ^
  File "/venv/lib/python3.13/site-packages/implicitdict/__init__.py", line 118, in parse
    return parse_type(**kwargs)
  File "/venv/lib/python3.13/site-packages/implicitdict/__init__.py", line 152, in __init__
    raise ValueError(f'Required field "{key}" not specified in {subtype.__name__}')
ValueError: Required field "timestamp" not specified in GetFlightsResponse
]]></description>
            </Folder>
          </Folder>
        </Folder>
        <Folder>
          <name>Observer polling</name>
        </Folder>
        <Folder>
          <name>Service Provider polling</name>
          <Folder>
            <name>E710: uss1 astm.f3411.v22a.uss.searchFlights</name>
            <Folder>
              <name>1bae19e0-4362-4132-8f86-599433dbc123</name>
              <Placemark>
                <name>HybridLift 1bae19e0-4362-4132-8f86-599433dbc123 SIMULATED</name>
                <styleUrl>#aircraft</styleUrl>
                <Point>
                  <coordinates>-80.5776442,37.1966013,0</coordinates>
                </Point>
              </Placemark>
              <Placemark>
                <name>1bae19e0-4362-4132-8f86-599433dbc123 recent positions</name>
                <styleUrl>#ridtail</styleUrl>
                <LineString>
                  <tessellate>1</tessellate>
                  <coordinates>-80.57800055297378,37.1971014791759,0 -80.57798081614081,37.197059404721635,0 -80.57798798375362,37.197016214133484,0 -80.57800212690604,37.196972734164305,0 -80.57802342452034,37.196931703788785,0 -80.57805344862881,37.19689368575391,0 -80.57808720822365,37.19685213076737,0 -80.57811722777369,37.19680923519623,0 -80.5781323958596,37.1967658046547,0 -80.57814392771789,37.19670166260832,0 -80.57812974002694,37.19663489860375,0 -80.57808680009781,37.19657292090538,0 -80.57801685035301,37.19652877181478,0 -80.57795541973255,37.19650790849303,0 -80.57779490248247,37.19643592110631,0 -80.57771381708879,37.19639543761661,0 -80.5776456115435,37.19635960981006,0 -80.57757190904874,37.19632841915715,0 -80.57751114071674,37.19631735230622,0 -80.57742677046657,37.19631370494702,0 -80.5773706,37.1963054,0 -80.5771453,37.1963577,0 -80.5771265,37.1965735,0 -80.57744590087025,37.19665029738701,0 -80.5776442,37.1966013,0</coordinates>
                </LineString>
              </Placemark>
            </Folder>
          </Folder>
        </Folder>
        <Folder>
          <name>Observer polling</name>
        </Folder>
        <Folder>
          <name>Service Provider polling</name>
          <Folder>
            <name>E774: uss1 astm.f3411.v22a.uss.searchFlights</name>
            <Folder>
              <name>1bae19e0-4362-4132-8f86-599433dbc123</name>
              <Placemark>
                <name>HybridLift 1bae19e0-4362-4132-8f86-599433dbc123 SIMULATED</name>
                <styleUrl>#aircraft</styleUrl>
                <Point>
                  <coordinates>-80.57776806176655,37.1964375298218,0</coordinates>
                </Point>
              </Placemark>
              <Placemark>
                <name>1bae19e0-4362-4132-8f86-599433dbc123 recent positions</name>
                <styleUrl>#ridtail</styleUrl>
                <LineString>
                  <tessellate>1</tessellate>
                  <coordinates>-80.57800055297378,37.1971014791759,0 -80.57798081614081,37.197059404721635,0 -80.57798798375362,37.197016214133484,0 -80.57800212690604,37.196972734164305,0 -80.57802342452034,37.196931703788785,0 -80.57805344862881,37.19689368575391,0 -80.57808720822365,37.19685213076737,0 -80.57811722777369,37.19680923519623,0 -80.5781323958596,37.1967658046547,0 -80.57814392771789,37.19670166260832,0 -80.57812974002694,37.19663489860375,0 -80.57808680009781,37.19657292090538,0 -80.57801685035301,37.19652877181478,0 -80.57795541973255,37.19650790849303,0 -80.57779490248247,37.19643592110631,0 -80.57771381708879,37.19639543761661,0 -80.5776456115435,37.19635960981006,0 -80.57757190904874,37.19632841915715,0 -80.57751114071674,37.19631735230622,0 -80.57742677046657,37.19631370494702,0 -80.5773706,37.1963054,0 -80.5771453,37.1963577,0 -80.5771265,37.1965735,0 -80.57744590087025,37.19665029738701,0 -80.5776442,37.1966013,0 -80.57776806176655,37.1964375298218,0</coordinates>
                </LineString>
              </Placemark>
            </Folder>
          </Folder>
        </Folder>
        <Folder>
          <name>Observer polling</name>
        </Folder>
        <Folder>
          <name>Service Provider polling</name>
          <Folder>
            <name>E862: uss1 astm.f3411.v22a.uss.searchFlights</name>
            <Folder>
              <name>Error parsing response into GetFlightsResponse</name>
              <description><![CDATA[Traceback (most recent call last):
  File "/app/monitoring/uss_qualifier/reports/sequence_view/kml.py", line 154, in make_scenario_kml
    kwargs["resp"] = ImplicitDict.parse(
                     ~~~~~~~~~~~~~~~~~~^
        event.query.response.json,
        ^^^^^^^^^^^^^^^^^^^^^^^^^^
        render_info.response_type,
        ^^^^^^^^^^^^^^^^^^^^^^^^^^
    )
    ^
  File "/venv/lib/python3.13/site-packages/implicitdict/__init__.py", line 118, in parse
    return parse_type(**kwargs)
  File "/venv/lib/python3.13/site-packages/implicitdict/__init__.py", line 152, in __init__
    raise ValueError(f'Required field "{key}" not specified in {subtype.__name__}')
ValueError: Required field "timestamp" not specified in GetFlightsResponse
]]></description>
            </Folder>
          </Folder>
        </Folder>
        <Folder>
          <name>Observer polling</name>
        </Folder>
        <Folder>
          <name>Service Provider polling</name>
          <Folder>
            <name>E871: uss1 astm.f3411.v22a.uss.searchFlights</name>
            <Folder>
              <name>1bae19e0-4362-4132-8f86-599433dbc123</name>
              <Placemark>
                <name>HybridLift 1bae19e0-4362-4132-8f86-599433dbc123 SIMULATED</name>
                <styleUrl>#aircraft</styleUrl>
                <Point>
                  <coordinates>-80.5771357,37.1961151,0</coordinates>
                </Point>
              </Placemark>
              <Placemark>
                <name>1bae19e0-4362-4132-8f86-599433dbc123 recent positions</name>
                <styleUrl>#ridtail</styleUrl>
                <LineString>
                  <tessellate>1</tessellate>
                  <coordinates>-80.57800055297378,37.1971014791759,0 -80.57798081614081,37.197059404721635,0 -80.57798798375362,37.197016214133484,0 -80.57800212690604,37.196972734164305,0 -80.57802342452034,37.196931703788785,0 -80.57805344862881,37.19689368575391,0 -80.57808720822365,37.19685213076737,0 -80.57811722777369,37.19680923519623,0 -80.5781323958596,37.1967658046547,0 -80.57814392771789,37.19670166260832,0 -80.57812974002694,37.19663489860375,0 -80.57808680009781,37.19657292090538,0 -80.57801685035301,37.19652877181478,0 -80.57795541973255,37.19650790849303,0 -80.57779490248247,37.19643592110631,0 -80.57771381708879,37.19639543761661,0 -80.5776456115435,37.19635960981006,0 -80.57757190904874,37.19632841915715,0 -80.57751114071674,37.19631735230622,0 -80.57742677046657,37.19631370494702,0 -80.5773706,37.1963054,0 -80.5771453,37.1963577,0 -80.5771265,37.1965735,0 -80.57744590087025,37.19665029738701,0 -80.5776442,37.1966013,0 -80.57776806176655,37.1964375298218,0 -80.57784172323511,37.1962376762061,0 -80.5777311,37.1960563,0 -80.57739321491916,37.19605837098315,0 -80.5771357,37.1961151,0</coordinates>
                </LineString>
              </Placemark>
            </Folder>
          </Folder>
        </Folder>
        <Folder>
          <name>Observer polling</name>
        </Folder>
        <Folder>
          <name>Service Provider polling</name>
          <Folder>
            <name>E935: uss1 astm.f3411.v22a.uss.searchFlights</name>
            <Folder>
              <name>1bae19e0-4362-4132-8f86-599433dbc123</name>
              <Placemark>
                <name>HybridLift 1bae19e0-4362-4132-8f86-599433dbc123 SIMULATED</name>
                <styleUrl>#aircraft</styleUrl>
                <Point>
                  <coordinates>-80.5769627,37.1962283,0</coordinates>
                </Point>
              </Placemark>
              <Placemark>
                <name>1bae19e0-4362-4132-8f86-599433dbc123 recent positions</name>
                <styleUrl>#ridtail</styleUrl>
                <LineString>
                  <tessellate>1</tessellate>
                  <coordinates>-80.57800055297378,37.1971014791759,0 -80.57798081614081,37.197059404721635,0 -80.57798798375362,37.197016214133484,0 -80.57800212690604,37.196972734164305,0 -80.57802342452034,37.196931703788785,0 -80.57805344862881,37.19689368575391,0 -80.57808720822365,37.19685213076737,0 -80.57811722777369,37.19680923519623,0 -80.5781323958596,37.1967658046547,0 -80.57814392771789,37.19670166260832,0 -80.57812974002694,37.19663489860375,0 -80.57808680009781,37.19657292090538,0 -80.57801685035301,37.19652877181478,0 -80.57795541973255,37.19650790849303,0 -80.57779490248247,37.19643592110631,0 -80.57771381708879,37.19639543761661,0 -80.5776456115435,37.19635960981006,0 -80.57757190904874,37.19632841915715,0 -80.57751114071674,37.19631735230622,0 -80.57742677046657,37.19631370494702,0 -80.5773706,37.1963054,0 -80.5771453,37.1963577,0 -80.5771265,37.1965735,0 -80.57744590087025,37.19665029738701,0 -80.5776442,37.1966013,0 -80.57776806176655,37.1964375298218,0 -80.57784172323511,37.1962376762061,0 -80.5777311,37.1960563,0 -80.57739321491916,37.19605837098315,0 -80.5771357,37.1961151,0 -80.5769627,37.1962283,0</coordinates>
                </LineString>
              </Placemark>
            </Folder>
          </Folder>
        </Folder>
        <Folder>
          <name>Observer polling</name>
        </Folder>
        <Folder>
          <name>Service Provider polling</name>
          <Folder>
            <name>E1023: uss1 astm.f3411.v22a.uss.searchFlights</name>
            <Folder>
              <name>Error parsing response into GetFlightsResponse</name>
              <description><![CDATA[Traceback (most recent call last):
  File "/app/monitoring/uss_qualifier/reports/sequence_view/kml.py", line 154, in make_scenario_kml
    kwargs["resp"] = ImplicitDict.parse(
                     ~~~~~~~~~~~~~~~~~~^
        event.query.response.json,
        ^^^^^^^^^^^^^^^^^^^^^^^^^^
        render_info.response_type,
        ^^^^^^^^^^^^^^^^^^^^^^^^^^
    )
    ^
  File "/venv/lib/python3.13/site-packages/implicitdict/__init__.py", line 118, in parse
    return parse_type(**kwargs)
  File "/venv/lib/python3.13/site-packages/implicitdict/__init__.py", line 152, in __init__
    raise ValueError(f'Required field "{key}" not specified in {subtype.__name__}')
ValueError: Required field "timestamp" not specified in GetFlightsResponse
]]></description>
            </Folder>
          </Folder>
        </Folder>
        <Folder>
          <name>Observer polling</name>
        </Folder>
        <Folder>
          <name>Service Provider polling</name>
          <Folder>
            <name>E1032: uss1 astm.f3411.v22a.uss.searchFlights</name>
            <Folder>
              <name>1bae19e0-4362-4132-8f86-599433dbc123</name>
              <Placemark>
                <name>HybridLift 1bae19e0-4362-4132-8f86-599433dbc123 SIMULATED</name>
                <styleUrl>#aircraft</styleUrl>
                <Point>
                  <coordinates>-80.5766634,37.1962096,0</coordinates>
                </Point>
              </Placemark>
              <Placemark>
                <name>1bae19e0-4362-4132-8f86-599433dbc123 recent positions</name>
                <styleUrl>#ridtail</styleUrl>
                <LineString>
                  <tessellate>1</tessellate>
                  <coordinates>-80.57800055297378,37.1971014791759,0 -80.57798081614081,37.197059404721635,0 -80.57798798375362,37.197016214133484,0 -80.57800212690604,37.196972734164305,0 -80.57802342452034,37.196931703788785,0 -80.57805344862881,37.19689368575391,0 -80.57808720822365,37.19685213076737,0 -80.57811722777369,37.19680923519623,0 -80.5781323958596,37.1967658046547,0 -80.57814392771789,37.19670166260832,0 -80.57812974002694,37.19663489860375,0 -80.57808680009781,37.19657292090538,0 -80.57801685035301,37.19652877181478,0 -80.57795541973255,37.19650790849303,0 -80.57779490248247,37.19643592110631,0 -80.57771381708879,37.19639543761661,0 -80.5776456115435,37.19635960981006,0 -80.57757190904874,37.19632841915715,0 -80.57751114071674,37.19631735230622,0 -80.57742677046657,37.19631370494702,0 -80.5773706,37.1963054,0 -80.5771453,37.1963577,0 -80.5771265,37.1965735,0 -80.57744590087025,37.19665029738701,0 -80.5776442,37.1966013,0 -80.57776806176655,37.1964375298218,0 -80.57784172323511,37.1962376762061,0 -80.5777311,37.1960563,0 -80.57739321491916,37.19605837098315,0 -80.5771357,37.1961151,0 -80.5769627,37.1962283,0 -80.5769184,37.1963885,0 -80.5767347,37.1964356,0 -80.5766366,37.1963538,0 -80.5766634,37.1962096,0</coordinates>
                </LineString>
              </Placemark>
            </Folder>
          </Folder>
        </Folder>
        <Folder>
          <name>Observer polling</name>
        </Folder>
        <Folder>
          <name>Service Provider polling</name>
          <Folder>
            <name>E1096: uss1 astm.f3411.v22a.uss.searchFlights</name>
            <Folder>
              <name>1bae19e0-4362-4132-8f86-599433dbc123</name>
              <Placemark>
                <name>HybridLift 1bae19e0-4362-4132-8f86-599433dbc123 SIMULATED</name>
                <styleUrl>#aircraft</styleUrl>
                <Point>
                  <coordinates>-80.5767707,37.1961284,0</coordinates>
                </Point>
              </Placemark>
              <Placemark>
                <name>1bae19e0-4362-4132-8f86-599433dbc123 recent positions</name>
                <styleUrl>#ridtail</styleUrl>
                <LineString>
                  <tessellate>1</tessellate>
                  <coordinates>-80.57800055297378,37.1971014791759,0 -80.57798081614081,37.197059404721635,0 -80.57798798375362,37.197016214133484,0 -80.57800212690604,37.196972734164305,0 -80.57802342452034,37.196931703788785,0 -80.57805344862881,37.19689368575391,0 -80.57808720822365,37.19685213076737,0 -80.57811722777369,37.19680923519623,0 -80.5781323958596,37.1967658046547,0 -80.57814392771789,37.19670166260832,0 -80.57812974002694,37.19663489860375,0 -80.57808680009781,37.19657292090538,0 -80.57801685035301,37.19652877181478,0 -80.57795541973255,37.19650790849303,0 -80.57779490248247,37.19643592110631,0 -80.57771381708879,37.19639543761661,0 -80.5776456115435,37.19635960981006,0 -80.57757190904874,37.19632841915715,0 -80.57751114071674,37.19631735230622,0 -80.57742677046657,37.19631370494702,0 -80.5773706,37.1963054,0 -80.5771453,37.1963577,0 -80.5771265,37.1965735,0 -80.57744590087025,37.19665029738701,0 -80.5776442,37.1966013,0 -80.57776806176655,37.1964375298218,0 -80.57784172323511,37.1962376762061,0 -80.5777311,37.1960563,0 -80.57739321491916,37.19605837098315,0 -80.5771357,37.1961151,0 -80.5769627,37.1962283,0 -80.5769184,37.1963885,0 -80.5767347,37.1964356,0 -80.5766366,37.1963538,0 -80.5766634,37.1962096,0 -80.5767707,37.1961284,0</coordinates>
                </LineString>
              </Placemark>
            </Folder>
          </Folder>
        </Folder>
        <Folder>
          <name>Observer polling</name>
        </Folder>
        <Folder>
          <name>Service Provider polling</name>
          <Folder>
            <name>E1184: uss1 astm.f3411.v22a.uss.searchFlights</name>
            <Folder>
              <name>Error parsing response into GetFlightsResponse</name>
              <description><![CDATA[Traceback (most recent call last):
  File "/app/monitoring/uss_qualifier/reports/sequence_view/kml.py", line 154, in make_scenario_kml
    kwargs["resp"] = ImplicitDict.parse(
                     ~~~~~~~~~~~~~~~~~~^
        event.query.response.json,
        ^^^^^^^^^^^^^^^^^^^^^^^^^^
        render_info.response_type,
        ^^^^^^^^^^^^^^^^^^^^^^^^^^
    )
    ^
  File "/venv/lib/python3.13/site-packages/implicitdict/__init__.py", line 118, in parse
    return parse_type(**kwargs)
  File "/venv/lib/python3.13/site-packages/implicitdict/__init__.py", line 152, in __init__
    raise ValueError(f'Required field "{key}" not specified in {subtype.__name__}')
ValueError: Required field "timestamp" not specified in GetFlightsResponse
]]></description>
            </Folder>
          </Folder>
        </Folder>
        <Folder>
          <name>Observer polling</name>
        </Folder>
        <Folder>
          <name>Service Provider polling</name>
          <Folder>
            <name>E1193: uss1 astm.f3411.v22a.uss.searchFlights</name>
            <Folder>
              <name>1bae19e0-4362-4132-8f86-599433dbc123</name>
              <Placemark>
                <name>HybridLift 1bae19e0-4362-4132-8f86-599433dbc123 SIMULATED</name>
                <styleUrl>#aircraft</styleUrl>
                <Point>
                  <coordinates>-80.5772937,37.19598200000001,0</coordinates>
                </Point>
              </Placemark>
              <Placemark>
                <name>1bae19e0-4362-4132-8f86-599433dbc123 recent positions</name>
                <styleUrl>#ridtail</styleUrl>
                <LineString>
                  <tessellate>1</tessellate>
                  <coordinates>-80.57800055297378,37.1971014791759,0 -80.57798081614081,37.197059404721635,0 -80.57798798375362,37.197016214133484,0 -80.57800212690604,37.196972734164305,0 -80.57802342452034,37.196931703788785,0 -80.57805344862881,37.19689368575391,0 -80.57808720822365,37.19685213076737,0 -80.57811722777369,37.19680923519623,0 -80.5781323958596,37.1967658046547,0 -80.57814392771789,37.19670166260832,0 -80.57812974002694,37.19663489860375,0 -80.57808680009781,37.19657292090538,0 -80.57801685035301,37.19652877181478,0 -80.57795541973255,37.19650790849303,0 -80.57779490248247,37.19643592110631,0 -80.57771381708879,37.19639543761661,0 -80.5776456115435,37.19635960981006,0 -80.57757190904874,37.19632841915715,0 -80.57751114071674,37.19631735230622,0 -80.57742677046657,37.19631370494702,0 -80.5773706,37.1963054,0 -80.5771453,37.1963577,0 -80.5771265,37.1965735,0 -80.57744590087025,37.19665029738701,0 -80.5776442,37.1966013,0 -80.57776806176655,37.1964375298218,0 -80.57784172323511,37.1962376762061,0 -80.5777311,37.1960563,0 -80.57739321491916,37.19605837098315,0 -80.5771357,37.1961151,0 -80.5769627,37.1962283,0 -80.5769184,37.1963885,0 -80.5767347,37.1964356,0 -80.5766366,37.1963538,0 -80.5766634,37.1962096,0 -80.5767707,37.1961284,0 -80.5768887,37.1960493,0 -80.5770684,37.1959745,0 -80.5771757,37.19596070000001,0 -80.5772937,37.19598200000001,0</coordinates>
                </LineString>
              </Placemark>
            </Folder>
          </Folder>
        </Folder>
        <Folder>
          <name>Observer polling</name>
        </Folder>
        <Folder>
          <name>Service Provider polling</name>
          <Folder>
            <name>E1257: uss1 astm.f3411.v22a.uss.searchFlights</name>
            <Folder>
              <name>1bae19e0-4362-4132-8f86-599433dbc123</name>
              <Placemark>
                <name>HybridLift 1bae19e0-4362-4132-8f86-599433dbc123 SIMULATED</name>
                <styleUrl>#aircraft</styleUrl>
                <Point>
                  <coordinates>-80.5773326,37.1960942,0</coordinates>
                </Point>
              </Placemark>
              <Placemark>
                <name>1bae19e0-4362-4132-8f86-599433dbc123 recent positions</name>
                <styleUrl>#ridtail</styleUrl>
                <LineString>
                  <tessellate>1</tessellate>
                  <coordinates>-80.57800055297378,37.1971014791759,0 -80.57798081614081,37.197059404721635,0 -80.57798798375362,37.197016214133484,0 -80.57800212690604,37.196972734164305,0 -80.57802342452034,37.196931703788785,0 -80.57805344862881,37.19689368575391,0 -80.57808720822365,37.19685213076737,0 -80.57811722777369,37.19680923519623,0 -80.5781323958596,37.1967658046547,0 -80.57814392771789,37.19670166260832,0 -80.57812974002694,37.19663489860375,0 -80.57808680009781,37.19657292090538,0 -80.57801685035301,37.19652877181478,0 -80.57795541973255,37.19650790849303,0 -80.57779490248247,37.19643592110631,0 -80.57771381708879,37.19639543761661,0 -80.5776456115435,37.19635960981006,0 -80.57757190904874,37.19632841915715,0 -80.57751114071674,37.19631735230622,0 -80.57742677046657,37.19631370494702,0 -80.5773706,37.1963054,0 -80.5771453,37.1963577,0 -80.5771265,37.1965735,0 -80.57744590087025,37.19665029738701,0 -80.5776442,37.1966013,0 -80.57776806176655,37.1964375298218,0 -80.57784172323511,37.1962376762061,0 -80.5777311,37.1960563,0 -80.57739321491916,37.19605837098315,0 -80.5771357,37.1961151,0 -80.5769627,37.1962283,0 -80.5769184,37.1963885,0 -80.5767347,37.1964356,0 -80.5766366,37.1963538,0 -80.5766634,37.1962096,0 -80.5767707,37.1961284,0 -80.5768887,37.1960493,0 -80.5770684,37.1959745,0 -80.5771757,37.19596070000001,0 -80.5772937,37.19598200000001,0 -80.5773326,37.1960942,0</coordinates>
                </LineString>
              </Placemark>
            </Folder>
          </Folder>
        </Folder>
        <Folder>
          <name>Observer polling</name>
        </Folder>
        <Folder>
          <name>Service Provider polling</name>
          <Folder>
            <name>E1345: uss1 astm.f3411.v22a.uss.searchFlights</name>
            <Folder>
              <name>Error parsing response into GetFlightsResponse</name>
              <description><![CDATA[Traceback (most recent call last):
  File "/app/monitoring/uss_qualifier/reports/sequence_view/kml.py", line 154, in make_scenario_kml
    kwargs["resp"] = ImplicitDict.parse(
                     ~~~~~~~~~~~~~~~~~~^
        event.query.response.json,
        ^^^^^^^^^^^^^^^^^^^^^^^^^^
        render_info.response_type,
        ^^^^^^^^^^^^^^^^^^^^^^^^^^
    )
    ^
  File "/venv/lib/python3.13/site-packages/implicitdict/__init__.py", line 118, in parse
    return parse_type(**kwargs)
  File "/venv/lib/python3.13/site-packages/implicitdict/__init__.py", line 152, in __init__
    raise ValueError(f'Required field "{key}" not specified in {subtype.__name__}')
ValueError: Required field "timestamp" not specified in GetFlightsResponse
]]></description>
            </Folder>
          </Folder>
        </Folder>
        <Folder>
          <name>Observer polling</name>
        </Folder>
        <Folder>
          <name>Service Provider polling</name>
          <Folder>
            <name>E1354: uss1 astm.f3411.v22a.uss.searchFlights</name>
            <Folder>
              <name>1bae19e0-4362-4132-8f86-599433dbc123</name>
              <Placemark>
                <name>HybridLift 1bae19e0-4362-4132-8f86-599433dbc123 SIMULATED</name>
                <styleUrl>#aircraft</styleUrl>
                <Point>
                  <coordinates>-80.5773863,37.1965546,0</coordinates>
                </Point>
              </Placemark>
              <Placemark>
                <name>1bae19e0-4362-4132-8f86-599433dbc123 recent positions</name>
                <styleUrl>#ridtail</styleUrl>
                <LineString>
                  <tessellate>1</tessellate>
                  <coordinates>-80.57800055297378,37.1971014791759,0 -80.57798081614081,37.197059404721635,0 -80.57798798375362,37.197016214133484,0 -80.57800212690604,37.196972734164305,0 -80.57802342452034,37.196931703788785,0 -80.57805344862881,37.19689368575391,0 -80.57808720822365,37.19685213076737,0 -80.57811722777369,37.19680923519623,0 -80.5781323958596,37.1967658046547,0 -80.57814392771789,37.19670166260832,0 -80.57812974002694,37.19663489860375,0 -80.57808680009781,37.19657292090538,0 -80.57801685035301,37.19652877181478,0 -80.57795541973255,37.19650790849303,0 -80.57779490248247,37.19643592110631,0 -80.57771381708879,37.19639543761661,0 -80.5776456115435,37.19635960981006,0 -80.57757190904874,37.19632841915715,0 -80.57751114071674,37.19631735230622,0 -80.57742677046657,37.19631370494702,0 -80.5773706,37.1963054,0 -80.5771453,37.1963577,0 -80.5771265,37.1965735,0 -80.57744590087025,37.19665029738701,0 -80.5776442,37.1966013,0 -80.57776806176655,37.1964375298218,0 -80.57784172323511,37.1962376762061,0 -80.5777311,37.1960563,0 -80.57739321491916,37.19605837098315,0 -80.5771357,37.1961151,0 -80.5769627,37.1962283,0 -80.5769184,37.1963885,0 -80.5767347,37.1964356,0 -80.5766366,37.1963538,0 -80.5766634,37.1962096,0 -80.5767707,37.1961284,0 -80.5768887,37.1960493,0 -80.5770684,37.1959745,0 -80.5771757,37.19596070000001,0 -80.5772937,37.19598200000001,0 -80.5773326,37.1960942,0 -80.577283,37.19619780000001,0 -80.5772602,37.1963495,0 -80.5772817,37.1964692,0 -80.5773863,37.1965546,0</coordinates>
                </LineString>
              </Placemark>
            </Folder>
          </Folder>
        </Folder>
        <Folder>
          <name>Observer polling</name>
        </Folder>
        <Folder>
          <name>Service Provider polling</name>
          <Folder>
            <name>E1418: uss1 astm.f3411.v22a.uss.searchFlights</name>
            <Folder>
              <name>1bae19e0-4362-4132-8f86-599433dbc123</name>
              <Placemark>
                <name>HybridLift 1bae19e0-4362-4132-8f86-599433dbc123 SIMULATED</name>
                <styleUrl>#aircraft</styleUrl>
                <Point>
                  <coordinates>-80.5775406,37.1965589,0</coordinates>
                </Point>
              </Placemark>
              <Placemark>
                <name>1bae19e0-4362-4132-8f86-599433dbc123 recent positions</name>
                <styleUrl>#ridtail</styleUrl>
                <LineString>
                  <tessellate>1</tessellate>
                  <coordinates>-80.57800055297378,37.1971014791759,0 -80.57798081614081,37.197059404721635,0 -80.57798798375362,37.197016214133484,0 -80.57800212690604,37.196972734164305,0 -80.57802342452034,37.196931703788785,0 -80.57805344862881,37.19689368575391,0 -80.57808720822365,37.19685213076737,0 -80.57811722777369,37.19680923519623,0 -80.5781323958596,37.1967658046547,0 -80.57814392771789,37.19670166260832,0 -80.57812974002694,37.19663489860375,0 -80.57808680009781,37.19657292090538,0 -80.57801685035301,37.19652877181478,0 -80.57795541973255,37.19650790849303,0 -80.57779490248247,37.19643592110631,0 -80.57771381708879,37.19639543761661,0 -80.5776456115435,37.19635960981006,0 -80.57757190904874,37.19632841915715,0 -80.57751114071674,37.19631735230622,0 -80.57742677046657,37.19631370494702,0 -80.5773706,37.1963054,0 -80.5771453,37.1963577,0 -80.5771265,37.1965735,0 -80.57744590087025,37.19665029738701,0 -80.5776442,37.1966013,0 -80.57776806176655,37.1964375298218,0 -80.57784172323511,37.1962376762061,0 -80.5777311,37.1960563,0 -80.57739321491916,37.19605837098315,0 -80.5771357,37.1961151,0 -80.5769627,37.1962283,0 -80.5769184,37.1963885,0 -80.5767347,37.1964356,0 -80.5766366,37.1963538,0 -80.5766634,37.1962096,0 -80.5767707,37.1961284,0 -80.5768887,37.1960493,0 -80.5770684,37.1959745,0 -80.5771757,37.19596070000001,0 -80.5772937,37.19598200000001,0 -80.5773326,37.1960942,0 -80.577283,37.19619780000001,0 -80.5772602,37.1963495,0 -80.5772817,37.1964692,0 -80.5773863,37.1965546,0 -80.5775406,37.1965589,0</coordinates>
                </LineString>
              </Placemark>
            </Folder>
          </Folder>
        </Folder>
        <Folder>
          <name>Observer polling</name>
        </Folder>
        <Folder>
          <name>Service Provider polling</name>
          <Folder>
            <name>E1506: uss1 astm.f3411.v22a.uss.searchFlights</name>
            <Folder>
              <name>Error parsing response into GetFlightsResponse</name>
              <description><![CDATA[Traceback (most recent call last):
  File "/app/monitoring/uss_qualifier/reports/sequence_view/kml.py", line 154, in make_scenario_kml
    kwargs["resp"] = ImplicitDict.parse(
                     ~~~~~~~~~~~~~~~~~~^
        event.query.response.json,
        ^^^^^^^^^^^^^^^^^^^^^^^^^^
        render_info.response_type,
        ^^^^^^^^^^^^^^^^^^^^^^^^^^
    )
    ^
  File "/venv/lib/python3.13/site-packages/implicitdict/__init__.py", line 118, in parse
    return parse_type(**kwargs)
  File "/venv/lib/python3.13/site-packages/implicitdict/__init__.py", line 152, in __init__
    raise ValueError(f'Required field "{key}" not specified in {subtype.__name__}')
ValueError: Required field "timestamp" not specified in GetFlightsResponse
]]></description>
            </Folder>
          </Folder>
        </Folder>
        <Folder>
          <name>Observer polling</name>
        </Folder>
        <Folder>
          <name>Service Provider polling</name>
          <Folder>
            <name>E1515: uss1 astm.f3411.v22a.uss.searchFlights</name>
            <Folder>
              <name>1bae19e0-4362-4132-8f86-599433dbc123</name>
              <Placemark>
                <name>HybridLift 1bae19e0-4362-4132-8f86-599433dbc123 SIMULATED</name>
                <styleUrl>#aircraft</styleUrl>
                <Point>
                  <coordinates>-80.5773823,37.1966967,0</coordinates>
                </Point>
              </Placemark>
              <Placemark>
                <name>1bae19e0-4362-4132-8f86-599433dbc123 recent positions</name>
                <styleUrl>#ridtail</styleUrl>
                <LineString>
                  <tessellate>1</tessellate>
                  <coordinates>-80.57800055297378,37.1971014791759,0 -80.57798081614081,37.197059404721635,0 -80.57798798375362,37.197016214133484,0 -80.57800212690604,37.196972734164305,0 -80.57802342452034,37.196931703788785,0 -80.57805344862881,37.19689368575391,0 -80.57808720822365,37.19685213076737,0 -80.57811722777369,37.19680923519623,0 -80.5781323958596,37.1967658046547,0 -80.57814392771789,37.19670166260832,0 -80.57812974002694,37.19663489860375,0 -80.57808680009781,37.19657292090538,0 -80.57801685035301,37.19652877181478,0 -80.57795541973255,37.19650790849303,0 -80.57779490248247,37.19643592110631,0 -80.57771381708879,37.19639543761661,0 -80.5776456115435,37.19635960981006,0 -80.57757190904874,37.19632841915715,0 -80.57751114071674,37.19631735230622,0 -80.57742677046657,37.19631370494702,0 -80.5773706,37.1963054,0 -80.5771453,37.1963577,0 -80.5771265,37.1965735,0 -80.57744590087025,37.19665029738701,0 -80.5776442,37.1966013,0 -80.57776806176655,37.1964375298218,0 -80.57784172323511,37.1962376762061,0 -80.5777311,37.1960563,0 -80.57739321491916,37.19605837098315,0 -80.5771357,37.1961151,0 -80.5769627,37.1962283,0 -80.5769184,37.1963885,0 -80.5767347,37.1964356,0 -80.5766366,37.1963538,0 -80.5766634,37.1962096,0 -80.5767707,37.1961284,0 -80.5768887,37.1960493,0 -80.5770684,37.1959745,0 -80.5771757,37.19596070000001,0 -80.5772937,37.19598200000001,0 -80.5773326,37.1960942,0 -80.577283,37.19619780000001,0 -80.5772602,37.1963495,0 -80.5772817,37.1964692,0 -80.5773863,37.1965546,0 -80.5775406,37.1965589,0 -80.57763850000002,37.1965782,0 -80.57763850000002,37.1966679,0 -80.5775473,37.1967074,0 -80.5773823,37.1966967,0</coordinates>
                </LineString>
              </Placemark>
            </Folder>
          </Folder>
        </Folder>
        <Folder>
          <name>Observer polling</name>
        </Folder>
        <Folder>
          <name>Service Provider polling</name>
          <Folder>
            <name>E1579: uss1 astm.f3411.v22a.uss.searchFlights</name>
            <Folder>
              <name>1bae19e0-4362-4132-8f86-599433dbc123</name>
              <Placemark>
                <name>HybridLift 1bae19e0-4362-4132-8f86-599433dbc123 SIMULATED</name>
                <styleUrl>#aircraft</styleUrl>
                <Point>
                  <coordinates>-80.5773421,37.1966241,0</coordinates>
                </Point>
              </Placemark>
              <Placemark>
                <name>1bae19e0-4362-4132-8f86-599433dbc123 recent positions</name>
                <styleUrl>#ridtail</styleUrl>
                <LineString>
                  <tessellate>1</tessellate>
                  <coordinates>-80.57800055297378,37.1971014791759,0 -80.57798081614081,37.197059404721635,0 -80.57798798375362,37.197016214133484,0 -80.57800212690604,37.196972734164305,0 -80.57802342452034,37.196931703788785,0 -80.57805344862881,37.19689368575391,0 -80.57808720822365,37.19685213076737,0 -80.57811722777369,37.19680923519623,0 -80.5781323958596,37.1967658046547,0 -80.57814392771789,37.19670166260832,0 -80.57812974002694,37.19663489860375,0 -80.57808680009781,37.19657292090538,0 -80.57801685035301,37.19652877181478,0 -80.57795541973255,37.19650790849303,0 -80.57779490248247,37.19643592110631,0 -80.57771381708879,37.19639543761661,0 -80.5776456115435,37.19635960981006,0 -80.57757190904874,37.19632841915715,0 -80.57751114071674,37.19631735230622,0 -80.57742677046657,37.19631370494702,0 -80.5773706,37.1963054,0 -80.5771453,37.1963577,0 -80.5771265,37.1965735,0 -80.57744590087025,37.19665029738701,0 -80.5776442,37.1966013,0 -80.57776806176655,37.1964375298218,0 -80.57784172323511,37.1962376762061,0 -80.5777311,37.1960563,0 -80.57739321491916,37.19605837098315,0 -80.5771357,37.1961151,0 -80.5769627,37.1962283,0 -80.5769184,37.1963885,0 -80.5767347,37.1964356,0 -80.5766366,37.1963538,0 -80.5766634,37.1962096,0 -80.5767707,37.1961284,0 -80.5768887,37.1960493,0 -80.5770684,37.1959745,0 -80.5771757,37.19596070000001,0 -80.5772937,37.19598200000001,0 -80.5773326,37.1960942,0 -80.577283,37.19619780000001,0 -80.5772602,37.1963495,0 -80.5772817,37.1964692,0 -80.5773863,37.1965546,0 -80.5775406,37.1965589,0 -80.57763850000002,37.1965782,0 -80.57763850000002,37.1966679,0 -80.5775473,37.1967074,0 -80.5773823,37.1966967,0 -80.5773421,37.1966241,0</coordinates>
                </LineString>
              </Placemark>
            </Folder>
          </Folder>
        </Folder>
        <Folder>
          <name>Observer polling</name>
        </Folder>
        <Folder>
          <name>Service Provider polling</name>
          <Folder>
            <name>E1667: uss1 astm.f3411.v22a.uss.searchFlights</name>
            <Folder>
              <name>Error parsing response into GetFlightsResponse</name>
              <description><![CDATA[Traceback (most recent call last):
  File "/app/monitoring/uss_qualifier/reports/sequence_view/kml.py", line 154, in make_scenario_kml
    kwargs["resp"] = ImplicitDict.parse(
                     ~~~~~~~~~~~~~~~~~~^
        event.query.response.json,
        ^^^^^^^^^^^^^^^^^^^^^^^^^^
        render_info.response_type,
        ^^^^^^^^^^^^^^^^^^^^^^^^^^
    )
    ^
  File "/venv/lib/python3.13/site-packages/implicitdict/__init__.py", line 118, in parse
    return parse_type(**kwargs)
  File "/venv/lib/python3.13/site-packages/implicitdict/__init__.py", line 152, in __init__
    raise ValueError(f'Required field "{key}" not specified in {subtype.__name__}')
ValueError: Required field "timestamp" not specified in GetFlightsResponse
]]></description>
            </Folder>
          </Folder>
        </Folder>
        <Folder>
          <name>Observer polling</name>
        </Folder>
        <Folder>
          <name>Service Provider polling</name>
          <Folder>
            <name>E1676: uss1 astm.f3411.v22a.uss.searchFlights</name>
            <Folder>
              <name>1bae19e0-4362-4132-8f86-599433dbc123</name>
              <Placemark>
                <name>HybridLift 1bae19e0-4362-4132-8f86-599433dbc123 SIMULATED</name>
                <styleUrl>#aircraft</styleUrl>
                <Point>
                  <coordinates>-80.5768834,37.19654500000001,0</coordinates>
                </Point>
              </Placemark>
              <Placemark>
                <name>1bae19e0-4362-4132-8f86-599433dbc123 recent positions</name>
                <styleUrl>#ridtail</styleUrl>
                <LineString>
                  <tessellate>1</tessellate>
                  <coordinates>-80.57800055297378,37.1971014791759,0 -80.57798081614081,37.197059404721635,0 -80.57798798375362,37.197016214133484,0 -80.57800212690604,37.196972734164305,0 -80.57802342452034,37.196931703788785,0 -80.57805344862881,37.19689368575391,0 -80.57808720822365,37.19685213076737,0 -80.57811722777369,37.19680923519623,0 -80.5781323958596,37.1967658046547,0 -80.57814392771789,37.19670166260832,0 -80.57812974002694,37.19663489860375,0 -80.57808680009781,37.19657292090538,0 -80.57801685035301,37.19652877181478,0 -80.57795541973255,37.19650790849303,0 -80.57779490248247,37.19643592110631,0 -80.57771381708879,37.19639543761661,0 -80.5776456115435,37.19635960981006,0 -80.57757190904874,37.19632841915715,0 -80.57751114071674,37.19631735230622,0 -80.57742677046657,37.19631370494702,0 -80.5773706,37.1963054,0 -80.5771453,37.1963577,0 -80.5771265,37.1965735,0 -80.57744590087025,37.19665029738701,0 -80.5776442,37.1966013,0 -80.57776806176655,37.1964375298218,0 -80.57784172323511,37.1962376762061,0 -80.5777311,37.1960563,0 -80.57739321491916,37.19605837098315,0 -80.5771357,37.1961151,0 -80.5769627,37.1962283,0 -80.5769184,37.1963885,0 -80.5767347,37.1964356,0 -80.5766366,37.1963538,0 -80.5766634,37.1962096,0 -80.5767707,37.1961284,0 -80.5768887,37.1960493,0 -80.5770684,37.1959745,0 -80.5771757,37.19596070000001,0 -80.5772937,37.19598200000001,0 -80.5773326,37.1960942,0 -80.577283,37.19619780000001,0 -80.5772602,37.1963495,0 -80.5772817,37.1964692,0 -80.5773863,37.1965546,0 -80.5775406,37.1965589,0 -80.57763850000002,37.1965782,0 -80.57763850000002,37.1966679,0 -80.5775473,37.1967074,0 -80.5773823,37.1966967,0 -80.5773421,37.1966241,0 -80.5773005,37.196528,0 -80.5771557,37.1965055,0 -80.5770457,37.19654400000001,0 -80.5768834,37.19654500000001,0</coordinates>
                </LineString>
              </Placemark>
            </Folder>
          </Folder>
        </Folder>
        <Folder>
          <name>Observer polling</name>
        </Folder>
        <Folder>
          <name>Service Provider polling</name>
          <Folder>
            <name>E1740: uss1 astm.f3411.v22a.uss.searchFlights</name>
            <Folder>
              <name>1bae19e0-4362-4132-8f86-599433dbc123</name>
              <Placemark>
                <name>HybridLift 1bae19e0-4362-4132-8f86-599433dbc123 SIMULATED</name>
                <styleUrl>#aircraft</styleUrl>
                <Point>
                  <coordinates>-80.5767869,37.1964831,0</coordinates>
                </Point>
              </Placemark>
              <Placemark>
                <name>1bae19e0-4362-4132-8f86-599433dbc123 recent positions</name>
                <styleUrl>#ridtail</styleUrl>
                <LineString>
                  <tessellate>1</tessellate>
                  <coordinates>-80.57800055297378,37.1971014791759,0 -80.57798081614081,37.197059404721635,0 -80.57798798375362,37.197016214133484,0 -80.57800212690604,37.196972734164305,0 -80.57802342452034,37.196931703788785,0 -80.57805344862881,37.19689368575391,0 -80.57808720822365,37.19685213076737,0 -80.57811722777369,37.19680923519623,0 -80.5781323958596,37.1967658046547,0 -80.57814392771789,37.19670166260832,0 -80.57812974002694,37.19663489860375,0 -80.57808680009781,37.19657292090538,0 -80.57801685035301,37.19652877181478,0 -80.57795541973255,37.19650790849303,0 -80.57779490248247,37.19643592110631,0 -80.57771381708879,37.19639543761661,0 -80.5776456115435,37.19635960981006,0 -80.57757190904874,37.19632841915715,0 -80.57751114071674,37.19631735230622,0 -80.57742677046657,37.19631370494702,0 -80.5773706,37.1963054,0 -80.5771453,37.1963577,0 -80.5771265,37.1965735,0 -80.57744590087025,37.19665029738701,0 -80.5776442,37.1966013,0 -80.57776806176655,37.1964375298218,0 -80.57784172323511,37.1962376762061,0 -80.5777311,37.1960563,0 -80.57739321491916,37.19605837098315,0 -80.5771357,37.1961151,0 -80.5769627,37.1962283,0 -80.5769184,37.1963885,0 -80.5767347,37.1964356,0 -80.5766366,37.1963538,0 -80.5766634,37.1962096,0 -80.5767707,37.1961284,0 -80.5768887,37.1960493,0 -80.5770684,37.1959745,0 -80.5771757,37.19596070000001,0 -80.5772937,37.19598200000001,0 -80.5773326,37.1960942,0 -80.577283,37.19619780000001,0 -80.5772602,37.1963495,0 -80.5772817,37.1964692,0 -80.5773863,37.1965546,0 -80.5775406,37.1965589,0 -80.57763850000002,37.1965782,0 -80.57763850000002,37.1966679,0 -80.5775473,37.1967074,0 -80.5773823,37.1966967,0 -80.5773421,37.1966241,0 -80.5773005,37.196528,0 -80.5771557,37.1965055,0 -80.5770457,37.19654400000001,0 -80.5768834,37.19654500000001,0 -80.5767869,37.1964831,0</coordinates>
                </LineString>
              </Placemark>
            </Folder>
          </Folder>
        </Folder>
        <Folder>
          <name>Observer polling</name>
        </Folder>
        <Folder>
          <name>Service Provider polling</name>
          <Folder>
            <name>E1828: uss1 astm.f3411.v22a.uss.searchFlights</name>
            <Folder>
              <name>Error parsing response into GetFlightsResponse</name>
              <description><![CDATA[Traceback (most recent call last):
  File "/app/monitoring/uss_qualifier/reports/sequence_view/kml.py", line 154, in make_scenario_kml
    kwargs["resp"] = ImplicitDict.parse(
                     ~~~~~~~~~~~~~~~~~~^
        event.query.response.json,
        ^^^^^^^^^^^^^^^^^^^^^^^^^^
        render_info.response_type,
        ^^^^^^^^^^^^^^^^^^^^^^^^^^
    )
    ^
  File "/venv/lib/python3.13/site-packages/implicitdict/__init__.py", line 118, in parse
    return parse_type(**kwargs)
  File "/venv/lib/python3.13/site-packages/implicitdict/__init__.py", line 152, in __init__
    raise ValueError(f'Required field "{key}" not specified in {subtype.__name__}')
ValueError: Required field "timestamp" not specified in GetFlightsResponse
]]></description>
            </Folder>
          </Folder>
        </Folder>
        <Folder>
          <name>Observer polling</name>
        </Folder>
        <Folder>
          <name>Service Provider polling</name>
          <Folder>
            <name>E1837: uss1 astm.f3411.v22a.uss.searchFlights</name>
            <Folder>
              <name>1bae19e0-4362-4132-8f86-599433dbc123</name>
              <Placemark>
                <name>HybridLift 1bae19e0-4362-4132-8f86-599433dbc123 SIMULATED</name>
                <styleUrl>#aircraft</styleUrl>
                <Point>
                  <coordinates>-80.5766836,37.1961348,0</coordinates>
                </Point>
              </Placemark>
              <Placemark>
                <name>1bae19e0-4362-4132-8f86-599433dbc123 recent positions</name>
                <styleUrl>#ridtail</styleUrl>
                <LineString>
                  <tessellate>1</tessellate>
                  <coordinates>-80.57800055297378,37.1971014791759,0 -80.57798081614081,37.197059404721635,0 -80.57798798375362,37.197016214133484,0 -80.57800212690604,37.196972734164305,0 -80.57802342452034,37.196931703788785,0 -80.57805344862881,37.19689368575391,0 -80.57808720822365,37.19685213076737,0 -80.57811722777369,37.19680923519623,0 -80.5781323958596,37.1967658046547,0 -80.57814392771789,37.19670166260832,0 -80.57812974002694,37.19663489860375,0 -80.57808680009781,37.19657292090538,0 -80.57801685035301,37.19652877181478,0 -80.57795541973255,37.19650790849303,0 -80.57779490248247,37.19643592110631,0 -80.57771381708879,37.19639543761661,0 -80.5776456115435,37.19635960981006,0 -80.57757190904874,37.19632841915715,0 -80.57751114071674,37.19631735230622,0 -80.57742677046657,37.19631370494702,0 -80.5773706,37.1963054,0 -80.5771453,37.1963577,0 -80.5771265,37.1965735,0 -80.57744590087025,37.19665029738701,0 -80.5776442,37.1966013,0 -80.57776806176655,37.1964375298218,0 -80.57784172323511,37.1962376762061,0 -80.5777311,37.1960563,0 -80.57739321491916,37.19605837098315,0 -80.5771357,37.1961151,0 -80.5769627,37.1962283,0 -80.5769184,37.1963885,0 -80.5767347,37.1964356,0 -80.5766366,37.1963538,0 -80.5766634,37.1962096,0 -80.5767707,37.1961284,0 -80.5768887,37.1960493,0 -80.5770684,37.1959745,0 -80.5771757,37.19596070000001,0 -80.5772937,37.19598200000001,0 -80.5773326,37.1960942,0 -80.577283,37.19619780000001,0 -80.5772602,37.1963495,0 -80.5772817,37.1964692,0 -80.5773863,37.1965546,0 -80.5775406,37.1965589,0 -80.57763850000002,37.1965782,0 -80.57763850000002,37.1966679,0 -80.5775473,37.1967074,0 -80.5773823,37.1966967,0 -80.5773421,37.1966241,0 -80.5773005,37.196528,0 -80.5771557,37.1965055,0 -80.5770457,37.19654400000001,0 -80.5768834,37.19654500000001,0 -80.5767869,37.1964831,0 -80.5767547,37.1964083,0 -80.5767587,37.1963228,0 -80.5767587,37.1961893,0 -80.5766836,37.1961348,0</coordinates>
                </LineString>
              </Placemark>
            </Folder>
          </Folder>
        </Folder>
        <Folder>
          <name>Observer polling</name>
        </Folder>
        <Folder>
          <name>Service Provider polling</name>
          <Folder>
            <name>E1901: uss1 astm.f3411.v22a.uss.searchFlights</name>
            <Folder>
              <name>1bae19e0-4362-4132-8f86-599433dbc123</name>
              <Placemark>
                <name>HybridLift 1bae19e0-4362-4132-8f86-599433dbc123 SIMULATED</name>
                <styleUrl>#aircraft</styleUrl>
                <Point>
                  <coordinates>-80.5766836,37.1960205,0</coordinates>
                </Point>
              </Placemark>
              <Placemark>
                <name>1bae19e0-4362-4132-8f86-599433dbc123 recent positions</name>
                <styleUrl>#ridtail</styleUrl>
                <LineString>
                  <tessellate>1</tessellate>
                  <coordinates>-80.57798081614081,37.197059404721635,0 -80.57798798375362,37.197016214133484,0 -80.57800212690604,37.196972734164305,0 -80.57802342452034,37.196931703788785,0 -80.57805344862881,37.19689368575391,0 -80.57808720822365,37.19685213076737,0 -80.57811722777369,37.19680923519623,0 -80.5781323958596,37.1967658046547,0 -80.57814392771789,37.19670166260832,0 -80.57812974002694,37.19663489860375,0 -80.57808680009781,37.19657292090538,0 -80.57801685035301,37.19652877181478,0 -80.57795541973255,37.19650790849303,0 -80.57779490248247,37.19643592110631,0 -80.57771381708879,37.19639543761661,0 -80.5776456115435,37.19635960981006,0 -80.57757190904874,37.19632841915715,0 -80.57751114071674,37.19631735230622,0 -80.57742677046657,37.19631370494702,0 -80.5773706,37.1963054,0 -80.5771453,37.1963577,0 -80.5771265,37.1965735,0 -80.57744590087025,37.19665029738701,0 -80.5776442,37.1966013,0 -80.57776806176655,37.1964375298218,0 -80.57784172323511,37.1962376762061,0 -80.5777311,37.1960563,0 -80.57739321491916,37.19605837098315,0 -80.5771357,37.1961151,0 -80.5769627,37.1962283,0 -80.5769184,37.1963885,0 -80.5767347,37.1964356,0 -80.5766366,37.1963538,0 -80.5766634,37.1962096,0 -80.5767707,37.1961284,0 -80.5768887,37.1960493,0 -80.5770684,37.1959745,0 -80.5771757,37.19596070000001,0 -80.5772937,37.19598200000001,0 -80.5773326,37.1960942,0 -80.577283,37.19619780000001,0 -80.5772602,37.1963495,0 -80.5772817,37.1964692,0 -80.5773863,37.1965546,0 -80.5775406,37.1965589,0 -80.57763850000002,37.1965782,0 -80.57763850000002,37.1966679,0 -80.5775473,37.1967074,0 -80.5773823,37.1966967,0 -80.5773421,37.1966241,0 -80.5773005,37.196528,0 -80.5771557,37.1965055,0 -80.5770457,37.19654400000001,0 -80.5768834,37.19654500000001,0 -80.5767869,37.1964831,0 -80.5767547,37.1964083,0 -80.5767587,37.1963228,0 -80.5767587,37.1961893,0 -80.5766836,37.1961348,0 -80.5766836,37.1960205,0</coordinates>
                </LineString>
              </Placemark>
            </Folder>
          </Folder>
        </Folder>
        <Folder>
          <name>Observer polling</name>
        </Folder>
        <Folder>
          <name>Service Provider polling</name>
          <Folder>
            <name>E1989: uss1 astm.f3411.v22a.uss.searchFlights</name>
            <Folder>
              <name>Error parsing response into GetFlightsResponse</name>
              <description><![CDATA[Traceback (most recent call last):
  File "/app/monitoring/uss_qualifier/reports/sequence_view/kml.py", line 154, in make_scenario_kml
    kwargs["resp"] = ImplicitDict.parse(
                     ~~~~~~~~~~~~~~~~~~^
        event.query.response.json,
        ^^^^^^^^^^^^^^^^^^^^^^^^^^
        render_info.response_type,
        ^^^^^^^^^^^^^^^^^^^^^^^^^^
    )
    ^
  File "/venv/lib/python3.13/site-packages/implicitdict/__init__.py", line 118, in parse
    return parse_type(**kwargs)
  File "/venv/lib/python3.13/site-packages/implicitdict/__init__.py", line 152, in __init__
    raise ValueError(f'Required field "{key}" not specified in {subtype.__name__}')
ValueError: Required field "timestamp" not specified in GetFlightsResponse
]]></description>
            </Folder>
          </Folder>
        </Folder>
        <Folder>
          <name>Observer polling</name>
        </Folder>
        <Folder>
          <name>Service Provider polling</name>
          <Folder>
            <name>E1998: uss1 astm.f3411.v22a.uss.searchFlights</name>
            <Folder>
              <name>1bae19e0-4362-4132-8f86-599433dbc123</name>
              <Placemark>
                <name>HybridLift 1bae19e0-4362-4132-8f86-599433dbc123 SIMULATED</name>
                <styleUrl>#aircraft</styleUrl>
                <Point>
                  <coordinates>-80.5771999,37.195896600000005,0</coordinates>
                </Point>
              </Placemark>
              <Placemark>
                <name>1bae19e0-4362-4132-8f86-599433dbc123 recent positions</name>
                <styleUrl>#ridtail</styleUrl>
                <LineString>
                  <tessellate>1</tessellate>
                  <coordinates>-80.57805344862881,37.19689368575391,0 -80.57808720822365,37.19685213076737,0 -80.57811722777369,37.19680923519623,0 -80.5781323958596,37.1967658046547,0 -80.57814392771789,37.19670166260832,0 -80.57812974002694,37.19663489860375,0 -80.57808680009781,37.19657292090538,0 -80.57801685035301,37.19652877181478,0 -80.57795541973255,37.19650790849303,0 -80.57779490248247,37.19643592110631,0 -80.57771381708879,37.19639543761661,0 -80.5776456115435,37.19635960981006,0 -80.57757190904874,37.19632841915715,0 -80.57751114071674,37.19631735230622,0 -80.57742677046657,37.19631370494702,0 -80.5773706,37.1963054,0 -80.5771453,37.1963577,0 -80.5771265,37.1965735,0 -80.57744590087025,37.19665029738701,0 -80.5776442,37.1966013,0 -80.57776806176655,37.1964375298218,0 -80.57784172323511,37.1962376762061,0 -80.5777311,37.1960563,0 -80.57739321491916,37.19605837098315,0 -80.5771357,37.1961151,0 -80.5769627,37.1962283,0 -80.5769184,37.1963885,0 -80.5767347,37.1964356,0 -80.5766366,37.1963538,0 -80.5766634,37.1962096,0 -80.5767707,37.1961284,0 -80.5768887,37.1960493,0 -80.5770684,37.1959745,0 -80.5771757,37.19596070000001,0 -80.5772937,37.19598200000001,0 -80.5773326,37.1960942,0 -80.577283,37.19619780000001,0 -80.5772602,37.1963495,0 -80.5772817,37.1964692,0 -80.5773863,37.1965546,0 -80.5775406,37.1965589,0 -80.57763850000002,37.1965782,0 -80.57763850000002,37.1966679,0 -80.5775473,37.1967074,0 -80.5773823,37.1966967,0 -80.5773421,37.1966241,0 -80.5773005,37.196528,0 -80.5771557,37.1965055,0 -80.5770457,37.19654400000001,0 -80.5768834,37.19654500000001,0 -80.5767869,37.1964831,0 -80.5767547,37.1964083,0 -80.5767587,37.1963228,0 -80.5767587,37.1961893,0 -80.5766836,37.1961348,0 -80.5766836,37.1960205,0 -80.5767896,37.1960077,0 -80.5769277,37.1959671,0 -80.5770806,37.1959051,0 -80.5771999,37.195896600000005,0</coordinates>
                </LineString>
              </Placemark>
            </Folder>
          </Folder>
        </Folder>
        <Folder>
          <name>Observer polling</name>
        </Folder>
        <Folder>
          <name>Service Provider polling</name>
          <Folder>
            <name>E2062: uss1 astm.f3411.v22a.uss.searchFlights</name>
            <Folder>
              <name>1bae19e0-4362-4132-8f86-599433dbc123</name>
              <Placemark>
                <name>HybridLift 1bae19e0-4362-4132-8f86-599433dbc123 SIMULATED</name>
                <styleUrl>#aircraft</styleUrl>
                <Point>
                  <coordinates>-80.5771999,37.195896600000005,0</coordinates>
                </Point>
              </Placemark>
              <Placemark>
                <name>1bae19e0-4362-4132-8f86-599433dbc123 recent positions</name>
                <styleUrl>#ridtail</styleUrl>
                <LineString>
                  <tessellate>1</tessellate>
                  <coordinates>-80.57808720822365,37.19685213076737,0 -80.57811722777369,37.19680923519623,0 -80.5781323958596,37.1967658046547,0 -80.57814392771789,37.19670166260832,0 -80.57812974002694,37.19663489860375,0 -80.57808680009781,37.19657292090538,0 -80.57801685035301,37.19652877181478,0 -80.57795541973255,37.19650790849303,0 -80.57779490248247,37.19643592110631,0 -80.57771381708879,37.19639543761661,0 -80.5776456115435,37.19635960981006,0 -80.57757190904874,37.19632841915715,0 -80.57751114071674,37.19631735230622,0 -80.57742677046657,37.19631370494702,0 -80.5773706,37.1963054,0 -80.5771453,37.1963577,0 -80.5771265,37.1965735,0 -80.57744590087025,37.19665029738701,0 -80.5776442,37.1966013,0 -80.57776806176655,37.1964375298218,0 -80.57784172323511,37.1962376762061,0 -80.5777311,37.1960563,0 -80.57739321491916,37.19605837098315,0 -80.5771357,37.1961151,0 -80.5769627,37.1962283,0 -80.5769184,37.1963885,0 -80.5767347,37.1964356,0 -80.5766366,37.1963538,0 -80.5766634,37.1962096,0 -80.5767707,37.1961284,0 -80.5768887,37.1960493,0 -80.5770684,37.1959745,0 -80.5771757,37.19596070000001,0 -80.5772937,37.19598200000001,0 -80.5773326,37.1960942,0 -80.577283,37.19619780000001,0 -80.5772602,37.1963495,0 -80.5772817,37.1964692,0 -80.5773863,37.1965546,0 -80.5775406,37.1965589,0 -80.57763850000002,37.1965782,0 -80.57763850000002,37.1966679,0 -80.5775473,37.1967074,0 -80.5773823,37.1966967,0 -80.5773421,37.1966241,0 -80.5773005,37.196528,0 -80.5771557,37.1965055,0 -80.5770457,37.19654400000001,0 -80.5768834,37.19654500000001,0 -80.5767869,37.1964831,0 -80.5767547,37.1964083,0 -80.5767587,37.1963228,0 -80.5767587,37.1961893,0 -80.5766836,37.1961348,0 -80.5766836,37.1960205,0 -80.5767896,37.1960077,0 -80.5769277,37.1959671,0 -80.5770806,37.1959051,0 -80.5771999,37.195896600000005,0</coordinates>
                </LineString>
              </Placemark>
            </Folder>
          </Folder>
        </Folder>
        <Folder>
          <name>Observer polling</name>
        </Folder>
        <Folder>
          <name>Service Provider polling</name>
          <Folder>
            <name>E2150: uss1 astm.f3411.v22a.uss.searchFlights</name>
            <Folder>
              <name>Error parsing response into GetFlightsResponse</name>
              <description><![CDATA[Traceback (most recent call last):
  File "/app/monitoring/uss_qualifier/reports/sequence_view/kml.py", line 154, in make_scenario_kml
    kwargs["resp"] = ImplicitDict.parse(
                     ~~~~~~~~~~~~~~~~~~^
        event.query.response.json,
        ^^^^^^^^^^^^^^^^^^^^^^^^^^
        render_info.response_type,
        ^^^^^^^^^^^^^^^^^^^^^^^^^^
    )
    ^
  File "/venv/lib/python3.13/site-packages/implicitdict/__init__.py", line 118, in parse
    return parse_type(**kwargs)
  File "/venv/lib/python3.13/site-packages/implicitdict/__init__.py", line 152, in __init__
    raise ValueError(f'Required field "{key}" not specified in {subtype.__name__}')
ValueError: Required field "timestamp" not specified in GetFlightsResponse
]]></description>
            </Folder>
          </Folder>
        </Folder>
        <Folder>
          <name>Observer polling</name>
        </Folder>
        <Folder>
          <name>Service Provider polling</name>
          <Folder>
            <name>E2159: uss1 astm.f3411.v22a.uss.searchFlights</name>
            <Folder>
              <name>1bae19e0-4362-4132-8f86-599433dbc123</name>
              <Placemark>
                <name>HybridLift 1bae19e0-4362-4132-8f86-599433dbc123 SIMULATED</name>
                <styleUrl>#aircraft</styleUrl>
                <Point>
                  <coordinates>-80.5771999,37.195896600000005,0</coordinates>
                </Point>
              </Placemark>
              <Placemark>
                <name>1bae19e0-4362-4132-8f86-599433dbc123 recent positions</name>
                <styleUrl>#ridtail</styleUrl>
                <LineString>
                  <tessellate>1</tessellate>
                  <coordinates>-80.57812974002694,37.19663489860375,0 -80.57808680009781,37.19657292090538,0 -80.57801685035301,37.19652877181478,0 -80.57795541973255,37.19650790849303,0 -80.57779490248247,37.19643592110631,0 -80.57771381708879,37.19639543761661,0 -80.5776456115435,37.19635960981006,0 -80.57757190904874,37.19632841915715,0 -80.57751114071674,37.19631735230622,0 -80.57742677046657,37.19631370494702,0 -80.5773706,37.1963054,0 -80.5771453,37.1963577,0 -80.5771265,37.1965735,0 -80.57744590087025,37.19665029738701,0 -80.5776442,37.1966013,0 -80.57776806176655,37.1964375298218,0 -80.57784172323511,37.1962376762061,0 -80.5777311,37.1960563,0 -80.57739321491916,37.19605837098315,0 -80.5771357,37.1961151,0 -80.5769627,37.1962283,0 -80.5769184,37.1963885,0 -80.5767347,37.1964356,0 -80.5766366,37.1963538,0 -80.5766634,37.1962096,0 -80.5767707,37.1961284,0 -80.5768887,37.1960493,0 -80.5770684,37.1959745,0 -80.5771757,37.19596070000001,0 -80.5772937,37.19598200000001,0 -80.5773326,37.1960942,0 -80.577283,37.19619780000001,0 -80.5772602,37.1963495,0 -80.5772817,37.1964692,0 -80.5773863,37.1965546,0 -80.5775406,37.1965589,0 -80.57763850000002,37.1965782,0 -80.57763850000002,37.1966679,0 -80.5775473,37.1967074,0 -80.5773823,37.1966967,0 -80.5773421,37.1966241,0 -80.5773005,37.196528,0 -80.5771557,37.1965055,0 -80.5770457,37.19654400000001,0 -80.5768834,37.19654500000001,0 -80.5767869,37.1964831,0 -80.5767547,37.1964083,0 -80.5767587,37.1963228,0 -80.5767587,37.1961893,0 -80.5766836,37.1961348,0 -80.5766836,37.1960205,0 -80.5767896,37.1960077,0 -80.5769277,37.1959671,0 -80.5770806,37.1959051,0 -80.5771999,37.195896600000005,0</coordinates>
                </LineString>
              </Placemark>
            </Folder>
          </Folder>
        </Folder>
        <Folder>
          <name>Observer polling</name>
        </Folder>
        <Folder>
          <name>Service Provider polling</name>
          <Folder>
            <name>E2223: uss1 astm.f3411.v22a.uss.searchFlights</name>
            <Folder>
              <name>1bae19e0-4362-4132-8f86-599433dbc123</name>
              <Placemark>
                <name>HybridLift 1bae19e0-4362-4132-8f86-599433dbc123 SIMULATED</name>
                <styleUrl>#aircraft</styleUrl>
                <Point>
                  <coordinates>-80.5771999,37.195896600000005,0</coordinates>
                </Point>
              </Placemark>
              <Placemark>
                <name>1bae19e0-4362-4132-8f86-599433dbc123 recent positions</name>
                <styleUrl>#ridtail</styleUrl>
                <LineString>
                  <tessellate>1</tessellate>
                  <coordinates>-80.57808680009781,37.19657292090538,0 -80.57801685035301,37.19652877181478,0 -80.57795541973255,37.19650790849303,0 -80.57779490248247,37.19643592110631,0 -80.57771381708879,37.19639543761661,0 -80.5776456115435,37.19635960981006,0 -80.57757190904874,37.19632841915715,0 -80.57751114071674,37.19631735230622,0 -80.57742677046657,37.19631370494702,0 -80.5773706,37.1963054,0 -80.5771453,37.1963577,0 -80.5771265,37.1965735,0 -80.57744590087025,37.19665029738701,0 -80.5776442,37.1966013,0 -80.57776806176655,37.1964375298218,0 -80.57784172323511,37.1962376762061,0 -80.5777311,37.1960563,0 -80.57739321491916,37.19605837098315,0 -80.5771357,37.1961151,0 -80.5769627,37.1962283,0 -80.5769184,37.1963885,0 -80.5767347,37.1964356,0 -80.5766366,37.1963538,0 -80.5766634,37.1962096,0 -80.5767707,37.1961284,0 -80.5768887,37.1960493,0 -80.5770684,37.1959745,0 -80.5771757,37.19596070000001,0 -80.5772937,37.19598200000001,0 -80.5773326,37.1960942,0 -80.577283,37.19619780000001,0 -80.5772602,37.1963495,0 -80.5772817,37.1964692,0 -80.5773863,37.1965546,0 -80.5775406,37.1965589,0 -80.57763850000002,37.1965782,0 -80.57763850000002,37.1966679,0 -80.5775473,37.1967074,0 -80.5773823,37.1966967,0 -80.5773421,37.1966241,0 -80.5773005,37.196528,0 -80.5771557,37.1965055,0 -80.5770457,37.19654400000001,0 -80.5768834,37.19654500000001,0 -80.5767869,37.1964831,0 -80.5767547,37.1964083,0 -80.5767587,37.1963228,0 -80.5767587,37.1961893,0 -80.5766836,37.1961348,0 -80.5766836,37.1960205,0 -80.5767896,37.1960077,0 -80.5769277,37.1959671,0 -80.5770806,37.1959051,0 -80.5771999,37.195896600000005,0</coordinates>
                </LineString>
              </Placemark>
            </Folder>
          </Folder>
        </Folder>
        <Folder>
          <name>Observer polling</name>
        </Folder>
        <Folder>
          <name>Service Provider polling</name>
          <Folder>
            <name>E2311: uss1 astm.f3411.v22a.uss.searchFlights</name>
            <Folder>
              <name>Error parsing response into GetFlightsResponse</name>
              <description><![CDATA[Traceback (most recent call last):
  File "/app/monitoring/uss_qualifier/reports/sequence_view/kml.py", line 154, in make_scenario_kml
    kwargs["resp"] = ImplicitDict.parse(
                     ~~~~~~~~~~~~~~~~~~^
        event.query.response.json,
        ^^^^^^^^^^^^^^^^^^^^^^^^^^
        render_info.response_type,
        ^^^^^^^^^^^^^^^^^^^^^^^^^^
    )
    ^
  File "/venv/lib/python3.13/site-packages/implicitdict/__init__.py", line 118, in parse
    return parse_type(**kwargs)
  File "/venv/lib/python3.13/site-packages/implicitdict/__init__.py", line 152, in __init__
    raise ValueError(f'Required field "{key}" not specified in {subtype.__name__}')
ValueError: Required field "timestamp" not specified in GetFlightsResponse
]]></description>
            </Folder>
          </Folder>
        </Folder>
        <Folder>
          <name>Observer polling</name>
        </Folder>
        <Folder>
          <name>Service Provider polling</name>
          <Folder>
            <name>E2320: uss1 astm.f3411.v22a.uss.searchFlights</name>
            <Folder>
              <name>1bae19e0-4362-4132-8f86-599433dbc123</name>
              <Placemark>
                <name>HybridLift 1bae19e0-4362-4132-8f86-599433dbc123 SIMULATED</name>
                <styleUrl>#aircraft</styleUrl>
                <Point>
                  <coordinates>-80.5771999,37.195896600000005,0</coordinates>
                </Point>
              </Placemark>
              <Placemark>
                <name>1bae19e0-4362-4132-8f86-599433dbc123 recent positions</name>
                <styleUrl>#ridtail</styleUrl>
                <LineString>
                  <tessellate>1</tessellate>
                  <coordinates>-80.57771381708879,37.19639543761661,0 -80.5776456115435,37.19635960981006,0 -80.57757190904874,37.19632841915715,0 -80.57751114071674,37.19631735230622,0 -80.57742677046657,37.19631370494702,0 -80.5773706,37.1963054,0 -80.5771453,37.1963577,0 -80.5771265,37.1965735,0 -80.57744590087025,37.19665029738701,0 -80.5776442,37.1966013,0 -80.57776806176655,37.1964375298218,0 -80.57784172323511,37.1962376762061,0 -80.5777311,37.1960563,0 -80.57739321491916,37.19605837098315,0 -80.5771357,37.1961151,0 -80.5769627,37.1962283,0 -80.5769184,37.1963885,0 -80.5767347,37.1964356,0 -80.5766366,37.1963538,0 -80.5766634,37.1962096,0 -80.5767707,37.1961284,0 -80.5768887,37.1960493,0 -80.5770684,37.1959745,0 -80.5771757,37.19596070000001,0 -80.5772937,37.19598200000001,0 -80.5773326,37.1960942,0 -80.577283,37.19619780000001,0 -80.5772602,37.1963495,0 -80.5772817,37.1964692,0 -80.5773863,37.1965546,0 -80.5775406,37.1965589,0 -80.57763850000002,37.1965782,0 -80.57763850000002,37.1966679,0 -80.5775473,37.1967074,0 -80.5773823,37.1966967,0 -80.5773421,37.1966241,0 -80.5773005,37.196528,0 -80.5771557,37.1965055,0 -80.5770457,37.19654400000001,0 -80.5768834,37.19654500000001,0 -80.5767869,37.1964831,0 -80.5767547,37.1964083,0 -80.5767587,37.1963228,0 -80.5767587,37.1961893,0 -80.5766836,37.1961348,0 -80.5766836,37.1960205,0 -80.5767896,37.1960077,0 -80.5769277,37.1959671,0 -80.5770806,37.1959051,0 -80.5771999,37.195896600000005,0</coordinates>
                </LineString>
              </Placemark>
            </Folder>
          </Folder>
        </Folder>
        <Folder>
          <name>Observer polling</name>
        </Folder>
        <Folder>
          <name>Service Provider polling</name>
          <Folder>
            <name>E2384: uss1 astm.f3411.v22a.uss.searchFlights</name>
            <Folder>
              <name>1bae19e0-4362-4132-8f86-599433dbc123</name>
              <Placemark>
                <name>HybridLift 1bae19e0-4362-4132-8f86-599433dbc123 SIMULATED</name>
                <styleUrl>#aircraft</styleUrl>
                <Point>
                  <coordinates>-80.5771999,37.195896600000005,0</coordinates>
                </Point>
              </Placemark>
              <Placemark>
                <name>1bae19e0-4362-4132-8f86-599433dbc123 recent positions</name>
                <styleUrl>#ridtail</styleUrl>
                <LineString>
                  <tessellate>1</tessellate>
                  <coordinates>-80.5776456115435,37.19635960981006,0 -80.57757190904874,37.19632841915715,0 -80.57751114071674,37.19631735230622,0 -80.57742677046657,37.19631370494702,0 -80.5773706,37.1963054,0 -80.5771453,37.1963577,0 -80.5771265,37.1965735,0 -80.57744590087025,37.19665029738701,0 -80.5776442,37.1966013,0 -80.57776806176655,37.1964375298218,0 -80.57784172323511,37.1962376762061,0 -80.5777311,37.1960563,0 -80.57739321491916,37.19605837098315,0 -80.5771357,37.1961151,0 -80.5769627,37.1962283,0 -80.5769184,37.1963885,0 -80.5767347,37.1964356,0 -80.5766366,37.1963538,0 -80.5766634,37.1962096,0 -80.5767707,37.1961284,0 -80.5768887,37.1960493,0 -80.5770684,37.1959745,0 -80.5771757,37.19596070000001,0 -80.5772937,37.19598200000001,0 -80.5773326,37.1960942,0 -80.577283,37.19619780000001,0 -80.5772602,37.1963495,0 -80.5772817,37.1964692,0 -80.5773863,37.1965546,0 -80.5775406,37.1965589,0 -80.57763850000002,37.1965782,0 -80.57763850000002,37.1966679,0 -80.5775473,37.1967074,0 -80.5773823,37.1966967,0 -80.5773421,37.1966241,0 -80.5773005,37.196528,0 -80.5771557,37.1965055,0 -80.5770457,37.19654400000001,0 -80.5768834,37.19654500000001,0 -80.5767869,37.1964831,0 -80.5767547,37.1964083,0 -80.5767587,37.1963228,0 -80.5767587,37.1961893,0 -80.5766836,37.1961348,0 -80.5766836,37.1960205,0 -80.5767896,37.1960077,0 -80.5769277,37.1959671,0 -80.5770806,37.1959051,0 -80.5771999,37.195896600000005,0</coordinates>
                </LineString>
              </Placemark>
            </Folder>
          </Folder>
        </Folder>
        <Folder>
          <name>Observer polling</name>
        </Folder>
        <Folder>
          <name>Service Provider polling</name>
          <Folder>
            <name>E2472: uss1 astm.f3411.v22a.uss.searchFlights</name>
            <Folder>
              <name>Error parsing response into GetFlightsResponse</name>
              <description><![CDATA[Traceback (most recent call last):
  File "/app/monitoring/uss_qualifier/reports/sequence_view/kml.py", line 154, in make_scenario_kml
    kwargs["resp"] = ImplicitDict.parse(
                     ~~~~~~~~~~~~~~~~~~^
        event.query.response.json,
        ^^^^^^^^^^^^^^^^^^^^^^^^^^
        render_info.response_type,
        ^^^^^^^^^^^^^^^^^^^^^^^^^^
    )
    ^
  File "/venv/lib/python3.13/site-packages/implicitdict/__init__.py", line 118, in parse
    return parse_type(**kwargs)
  File "/venv/lib/python3.13/site-packages/implicitdict/__init__.py", line 152, in __init__
    raise ValueError(f'Required field "{key}" not specified in {subtype.__name__}')
ValueError: Required field "timestamp" not specified in GetFlightsResponse
]]></description>
            </Folder>
          </Folder>
        </Folder>
        <Folder>
          <name>Observer polling</name>
        </Folder>
        <Folder>
          <name>Service Provider polling</name>
          <Folder>
            <name>E2481: uss1 astm.f3411.v22a.uss.searchFlights</name>
            <Folder>
              <name>1bae19e0-4362-4132-8f86-599433dbc123</name>
              <Placemark>
                <name>HybridLift 1bae19e0-4362-4132-8f86-599433dbc123 SIMULATED</name>
                <styleUrl>#aircraft</styleUrl>
                <Point>
                  <coordinates>-80.5771999,37.195896600000005,0</coordinates>
                </Point>
              </Placemark>
              <Placemark>
                <name>1bae19e0-4362-4132-8f86-599433dbc123 recent positions</name>
                <styleUrl>#ridtail</styleUrl>
                <LineString>
                  <tessellate>1</tessellate>
                  <coordinates>-80.5773706,37.1963054,0 -80.5771453,37.1963577,0 -80.5771265,37.1965735,0 -80.57744590087025,37.19665029738701,0 -80.5776442,37.1966013,0 -80.57776806176655,37.1964375298218,0 -80.57784172323511,37.1962376762061,0 -80.5777311,37.1960563,0 -80.57739321491916,37.19605837098315,0 -80.5771357,37.1961151,0 -80.5769627,37.1962283,0 -80.5769184,37.1963885,0 -80.5767347,37.1964356,0 -80.5766366,37.1963538,0 -80.5766634,37.1962096,0 -80.5767707,37.1961284,0 -80.5768887,37.1960493,0 -80.5770684,37.1959745,0 -80.5771757,37.19596070000001,0 -80.5772937,37.19598200000001,0 -80.5773326,37.1960942,0 -80.577283,37.19619780000001,0 -80.5772602,37.1963495,0 -80.5772817,37.1964692,0 -80.5773863,37.1965546,0 -80.5775406,37.1965589,0 -80.57763850000002,37.1965782,0 -80.57763850000002,37.1966679,0 -80.5775473,37.1967074,0 -80.5773823,37.1966967,0 -80.5773421,37.1966241,0 -80.5773005,37.196528,0 -80.5771557,37.1965055,0 -80.5770457,37.19654400000001,0 -80.5768834,37.19654500000001,0 -80.5767869,37.1964831,0 -80.5767547,37.1964083,0 -80.5767587,37.1963228,0 -80.5767587,37.1961893,0 -80.5766836,37.1961348,0 -80.5766836,37.1960205,0 -80.5767896,37.1960077,0 -80.5769277,37.1959671,0 -80.5770806,37.1959051,0 -80.5771999,37.195896600000005,0</coordinates>
                </LineString>
              </Placemark>
            </Folder>
          </Folder>
        </Folder>
        <Folder>
          <name>Observer polling</name>
        </Folder>
        <Folder>
          <name>Service Provider polling</name>
          <Folder>
            <name>E2545: uss1 astm.f3411.v22a.uss.searchFlights</name>
            <Folder>
              <name>1bae19e0-4362-4132-8f86-599433dbc123</name>
              <Placemark>
                <name>HybridLift 1bae19e0-4362-4132-8f86-599433dbc123 SIMULATED</name>
                <styleUrl>#aircraft</styleUrl>
                <Point>
                  <coordinates>-80.5771999,37.195896600000005,0</coordinates>
                </Point>
              </Placemark>
              <Placemark>
                <name>1bae19e0-4362-4132-8f86-599433dbc123 recent positions</name>
                <styleUrl>#ridtail</styleUrl>
                <LineString>
                  <tessellate>1</tessellate>
                  <coordinates>-80.5771453,37.1963577,0 -80.5771265,37.1965735,0 -80.57744590087025,37.19665029738701,0 -80.5776442,37.1966013,0 -80.57776806176655,37.1964375298218,0 -80.57784172323511,37.1962376762061,0 -80.5777311,37.1960563,0 -80.57739321491916,37.19605837098315,0 -80.5771357,37.1961151,0 -80.5769627,37.1962283,0 -80.5769184,37.1963885,0 -80.5767347,37.1964356,0 -80.5766366,37.1963538,0 -80.5766634,37.1962096,0 -80.5767707,37.1961284,0 -80.5768887,37.1960493,0 -80.5770684,37.1959745,0 -80.5771757,37.19596070000001,0 -80.5772937,37.19598200000001,0 -80.5773326,37.1960942,0 -80.577283,37.19619780000001,0 -80.5772602,37.1963495,0 -80.5772817,37.1964692,0 -80.5773863,37.1965546,0 -80.5775406,37.1965589,0 -80.57763850000002,37.1965782,0 -80.57763850000002,37.1966679,0 -80.5775473,37.1967074,0 -80.5773823,37.1966967,0 -80.5773421,37.1966241,0 -80.5773005,37.196528,0 -80.5771557,37.1965055,0 -80.5770457,37.19654400000001,0 -80.5768834,37.19654500000001,0 -80.5767869,37.1964831,0 -80.5767547,37.1964083,0 -80.5767587,37.1963228,0 -80.5767587,37.1961893,0 -80.5766836,37.1961348,0 -80.5766836,37.1960205,0 -80.5767896,37.1960077,0 -80.5769277,37.1959671,0 -80.5770806,37.1959051,0 -80.5771999,37.195896600000005,0</coordinates>
                </LineString>
              </Placemark>
            </Folder>
          </Folder>
        </Folder>
        <Folder>
          <name>Observer polling</name>
        </Folder>
        <Folder>
          <name>Service Provider polling</name>
          <Folder>
            <name>E2633: uss1 astm.f3411.v22a.uss.searchFlights</name>
            <Folder>
              <name>Error parsing response into GetFlightsResponse</name>
              <description><![CDATA[Traceback (most recent call last):
  File "/app/monitoring/uss_qualifier/reports/sequence_view/kml.py", line 154, in make_scenario_kml
    kwargs["resp"] = ImplicitDict.parse(
                     ~~~~~~~~~~~~~~~~~~^
        event.query.response.json,
        ^^^^^^^^^^^^^^^^^^^^^^^^^^
        render_info.response_type,
        ^^^^^^^^^^^^^^^^^^^^^^^^^^
    )
    ^
  File "/venv/lib/python3.13/site-packages/implicitdict/__init__.py", line 118, in parse
    return parse_type(**kwargs)
  File "/venv/lib/python3.13/site-packages/implicitdict/__init__.py", line 152, in __init__
    raise ValueError(f'Required field "{key}" not specified in {subtype.__name__}')
ValueError: Required field "timestamp" not specified in GetFlightsResponse
]]></description>
            </Folder>
          </Folder>
        </Folder>
        <Folder>
          <name>Observer polling</name>
        </Folder>
        <Folder>
          <name>Service Provider polling</name>
          <Folder>
            <name>E2642: uss1 astm.f3411.v22a.uss.searchFlights</name>
            <Folder>
              <name>1bae19e0-4362-4132-8f86-599433dbc123</name>
              <Placemark>
                <name>HybridLift 1bae19e0-4362-4132-8f86-599433dbc123 SIMULATED</name>
                <styleUrl>#aircraft</styleUrl>
                <Point>
                  <coordinates>-80.5771999,37.195896600000005,0</coordinates>
                </Point>
              </Placemark>
              <Placemark>
                <name>1bae19e0-4362-4132-8f86-599433dbc123 recent positions</name>
                <styleUrl>#ridtail</styleUrl>
                <LineString>
                  <tessellate>1</tessellate>
                  <coordinates>-80.57776806176655,37.1964375298218,0 -80.57784172323511,37.1962376762061,0 -80.5777311,37.1960563,0 -80.57739321491916,37.19605837098315,0 -80.5771357,37.1961151,0 -80.5769627,37.1962283,0 -80.5769184,37.1963885,0 -80.5767347,37.1964356,0 -80.5766366,37.1963538,0 -80.5766634,37.1962096,0 -80.5767707,37.1961284,0 -80.5768887,37.1960493,0 -80.5770684,37.1959745,0 -80.5771757,37.19596070000001,0 -80.5772937,37.19598200000001,0 -80.5773326,37.1960942,0 -80.577283,37.19619780000001,0 -80.5772602,37.1963495,0 -80.5772817,37.1964692,0 -80.5773863,37.1965546,0 -80.5775406,37.1965589,0 -80.57763850000002,37.1965782,0 -80.57763850000002,37.1966679,0 -80.5775473,37.1967074,0 -80.5773823,37.1966967,0 -80.5773421,37.1966241,0 -80.5773005,37.196528,0 -80.5771557,37.1965055,0 -80.5770457,37.19654400000001,0 -80.5768834,37.19654500000001,0 -80.5767869,37.1964831,0 -80.5767547,37.1964083,0 -80.5767587,37.1963228,0 -80.5767587,37.1961893,0 -80.5766836,37.1961348,0 -80.5766836,37.1960205,0 -80.5767896,37.1960077,0 -80.5769277,37.1959671,0 -80.5770806,37.1959051,0 -80.5771999,37.195896600000005,0</coordinates>
                </LineString>
              </Placemark>
            </Folder>
          </Folder>
        </Folder>
        <Folder>
          <name>Observer polling</name>
        </Folder>
        <Folder>
          <name>Service Provider polling</name>
          <Folder>
            <name>E2706: uss1 astm.f3411.v22a.uss.searchFlights</name>
            <Folder>
              <name>1bae19e0-4362-4132-8f86-599433dbc123</name>
              <Placemark>
                <name>HybridLift 1bae19e0-4362-4132-8f86-599433dbc123 SIMULATED</name>
                <styleUrl>#aircraft</styleUrl>
                <Point>
                  <coordinates>-80.5771999,37.195896600000005,0</coordinates>
                </Point>
              </Placemark>
              <Placemark>
                <name>1bae19e0-4362-4132-8f86-599433dbc123 recent positions</name>
                <styleUrl>#ridtail</styleUrl>
                <LineString>
                  <tessellate>1</tessellate>
                  <coordinates>-80.57784172323511,37.1962376762061,0 -80.5777311,37.1960563,0 -80.57739321491916,37.19605837098315,0 -80.5771357,37.1961151,0 -80.5769627,37.1962283,0 -80.5769184,37.1963885,0 -80.5767347,37.1964356,0 -80.5766366,37.1963538,0 -80.5766634,37.1962096,0 -80.5767707,37.1961284,0 -80.5768887,37.1960493,0 -80.5770684,37.1959745,0 -80.5771757,37.19596070000001,0 -80.5772937,37.19598200000001,0 -80.5773326,37.1960942,0 -80.577283,37.19619780000001,0 -80.5772602,37.1963495,0 -80.5772817,37.1964692,0 -80.5773863,37.1965546,0 -80.5775406,37.1965589,0 -80.57763850000002,37.1965782,0 -80.57763850000002,37.1966679,0 -80.5775473,37.1967074,0 -80.5773823,37.1966967,0 -80.5773421,37.1966241,0 -80.5773005,37.196528,0 -80.5771557,37.1965055,0 -80.5770457,37.19654400000001,0 -80.5768834,37.19654500000001,0 -80.5767869,37.1964831,0 -80.5767547,37.1964083,0 -80.5767587,37.1963228,0 -80.5767587,37.1961893,0 -80.5766836,37.1961348,0 -80.5766836,37.1960205,0 -80.5767896,37.1960077,0 -80.5769277,37.1959671,0 -80.5770806,37.1959051,0 -80.5771999,37.195896600000005,0</coordinates>
                </LineString>
              </Placemark>
            </Folder>
          </Folder>
        </Folder>
        <Folder>
          <name>Observer polling</name>
        </Folder>
        <Folder>
          <name>Service Provider polling</name>
          <Folder>
            <name>E2794: uss1 astm.f3411.v22a.uss.searchFlights</name>
            <Folder>
              <name>Error parsing response into GetFlightsResponse</name>
              <description><![CDATA[Traceback (most recent call last):
  File "/app/monitoring/uss_qualifier/reports/sequence_view/kml.py", line 154, in make_scenario_kml
    kwargs["resp"] = ImplicitDict.parse(
                     ~~~~~~~~~~~~~~~~~~^
        event.query.response.json,
        ^^^^^^^^^^^^^^^^^^^^^^^^^^
        render_info.response_type,
        ^^^^^^^^^^^^^^^^^^^^^^^^^^
    )
    ^
  File "/venv/lib/python3.13/site-packages/implicitdict/__init__.py", line 118, in parse
    return parse_type(**kwargs)
  File "/venv/lib/python3.13/site-packages/implicitdict/__init__.py", line 152, in __init__
    raise ValueError(f'Required field "{key}" not specified in {subtype.__name__}')
ValueError: Required field "timestamp" not specified in GetFlightsResponse
]]></description>
            </Folder>
          </Folder>
        </Folder>
        <Folder>
          <name>Observer polling</name>
        </Folder>
        <Folder>
          <name>Service Provider polling</name>
          <Folder>
            <name>E2803: uss1 astm.f3411.v22a.uss.searchFlights</name>
            <Folder>
              <name>1bae19e0-4362-4132-8f86-599433dbc123</name>
              <Placemark>
                <name>HybridLift 1bae19e0-4362-4132-8f86-599433dbc123 SIMULATED</name>
                <styleUrl>#aircraft</styleUrl>
                <Point>
                  <coordinates>-80.5771999,37.195896600000005,0</coordinates>
                </Point>
              </Placemark>
              <Placemark>
                <name>1bae19e0-4362-4132-8f86-599433dbc123 recent positions</name>
                <styleUrl>#ridtail</styleUrl>
                <LineString>
                  <tessellate>1</tessellate>
                  <coordinates>-80.5769627,37.1962283,0 -80.5769184,37.1963885,0 -80.5767347,37.1964356,0 -80.5766366,37.1963538,0 -80.5766634,37.1962096,0 -80.5767707,37.1961284,0 -80.5768887,37.1960493,0 -80.5770684,37.1959745,0 -80.5771757,37.19596070000001,0 -80.5772937,37.19598200000001,0 -80.5773326,37.1960942,0 -80.577283,37.19619780000001,0 -80.5772602,37.1963495,0 -80.5772817,37.1964692,0 -80.5773863,37.1965546,0 -80.5775406,37.1965589,0 -80.57763850000002,37.1965782,0 -80.57763850000002,37.1966679,0 -80.5775473,37.1967074,0 -80.5773823,37.1966967,0 -80.5773421,37.1966241,0 -80.5773005,37.196528,0 -80.5771557,37.1965055,0 -80.5770457,37.19654400000001,0 -80.5768834,37.19654500000001,0 -80.5767869,37.1964831,0 -80.5767547,37.1964083,0 -80.5767587,37.1963228,0 -80.5767587,37.1961893,0 -80.5766836,37.1961348,0 -80.5766836,37.1960205,0 -80.5767896,37.1960077,0 -80.5769277,37.1959671,0 -80.5770806,37.1959051,0 -80.5771999,37.195896600000005,0</coordinates>
                </LineString>
              </Placemark>
            </Folder>
          </Folder>
        </Folder>
        <Folder>
          <name>Observer polling</name>
        </Folder>
        <Folder>
          <name>Service Provider polling</name>
          <Folder>
            <name>E2867: uss1 astm.f3411.v22a.uss.searchFlights</name>
            <Folder>
              <name>1bae19e0-4362-4132-8f86-599433dbc123</name>
              <Placemark>
                <name>HybridLift 1bae19e0-4362-4132-8f86-599433dbc123 SIMULATED</name>
                <styleUrl>#aircraft</styleUrl>
                <Point>
                  <coordinates>-80.5771999,37.195896600000005,0</coordinates>
                </Point>
              </Placemark>
              <Placemark>
                <name>1bae19e0-4362-4132-8f86-599433dbc123 recent positions</name>
                <styleUrl>#ridtail</styleUrl>
                <LineString>
                  <tessellate>1</tessellate>
                  <coordinates>-80.5769184,37.1963885,0 -80.5767347,37.1964356,0 -80.5766366,37.1963538,0 -80.5766634,37.1962096,0 -80.5767707,37.1961284,0 -80.5768887,37.1960493,0 -80.5770684,37.1959745,0 -80.5771757,37.19596070000001,0 -80.5772937,37.19598200000001,0 -80.5773326,37.1960942,0 -80.577283,37.19619780000001,0 -80.5772602,37.1963495,0 -80.5772817,37.1964692,0 -80.5773863,37.1965546,0 -80.5775406,37.1965589,0 -80.57763850000002,37.1965782,0 -80.57763850000002,37.1966679,0 -80.5775473,37.1967074,0 -80.5773823,37.1966967,0 -80.5773421,37.1966241,0 -80.5773005,37.196528,0 -80.5771557,37.1965055,0 -80.5770457,37.19654400000001,0 -80.5768834,37.19654500000001,0 -80.5767869,37.1964831,0 -80.5767547,37.1964083,0 -80.5767587,37.1963228,0 -80.5767587,37.1961893,0 -80.5766836,37.1961348,0 -80.5766836,37.1960205,0 -80.5767896,37.1960077,0 -80.5769277,37.1959671,0 -80.5770806,37.1959051,0 -80.5771999,37.195896600000005,0</coordinates>
                </LineString>
              </Placemark>
            </Folder>
          </Folder>
        </Folder>
        <Folder>
          <name>Observer polling</name>
        </Folder>
        <Folder>
          <name>Service Provider polling</name>
          <Folder>
            <name>E2955: uss1 astm.f3411.v22a.uss.searchFlights</name>
            <Folder>
              <name>Error parsing response into GetFlightsResponse</name>
              <description><![CDATA[Traceback (most recent call last):
  File "/app/monitoring/uss_qualifier/reports/sequence_view/kml.py", line 154, in make_scenario_kml
    kwargs["resp"] = ImplicitDict.parse(
                     ~~~~~~~~~~~~~~~~~~^
        event.query.response.json,
        ^^^^^^^^^^^^^^^^^^^^^^^^^^
        render_info.response_type,
        ^^^^^^^^^^^^^^^^^^^^^^^^^^
    )
    ^
  File "/venv/lib/python3.13/site-packages/implicitdict/__init__.py", line 118, in parse
    return parse_type(**kwargs)
  File "/venv/lib/python3.13/site-packages/implicitdict/__init__.py", line 152, in __init__
    raise ValueError(f'Required field "{key}" not specified in {subtype.__name__}')
ValueError: Required field "timestamp" not specified in GetFlightsResponse
]]></description>
            </Folder>
          </Folder>
        </Folder>
        <Folder>
          <name>Observer polling</name>
        </Folder>
        <Folder>
          <name>Service Provider polling</name>
          <Folder>
            <name>E2964: uss1 astm.f3411.v22a.uss.searchFlights</name>
            <Folder>
              <name>1bae19e0-4362-4132-8f86-599433dbc123</name>
              <Placemark>
                <name>HybridLift 1bae19e0-4362-4132-8f86-599433dbc123 SIMULATED</name>
                <styleUrl>#aircraft</styleUrl>
                <Point>
                  <coordinates>-80.5771999,37.195896600000005,0</coordinates>
                </Point>
              </Placemark>
              <Placemark>
                <name>1bae19e0-4362-4132-8f86-599433dbc123 recent positions</name>
                <styleUrl>#ridtail</styleUrl>
                <LineString>
                  <tessellate>1</tessellate>
                  <coordinates>-80.5767707,37.1961284,0 -80.5768887,37.1960493,0 -80.5770684,37.1959745,0 -80.5771757,37.19596070000001,0 -80.5772937,37.19598200000001,0 -80.5773326,37.1960942,0 -80.577283,37.19619780000001,0 -80.5772602,37.1963495,0 -80.5772817,37.1964692,0 -80.5773863,37.1965546,0 -80.5775406,37.1965589,0 -80.57763850000002,37.1965782,0 -80.57763850000002,37.1966679,0 -80.5775473,37.1967074,0 -80.5773823,37.1966967,0 -80.5773421,37.1966241,0 -80.5773005,37.196528,0 -80.5771557,37.1965055,0 -80.5770457,37.19654400000001,0 -80.5768834,37.19654500000001,0 -80.5767869,37.1964831,0 -80.5767547,37.1964083,0 -80.5767587,37.1963228,0 -80.5767587,37.1961893,0 -80.5766836,37.1961348,0 -80.5766836,37.1960205,0 -80.5767896,37.1960077,0 -80.5769277,37.1959671,0 -80.5770806,37.1959051,0 -80.5771999,37.195896600000005,0</coordinates>
                </LineString>
              </Placemark>
            </Folder>
          </Folder>
        </Folder>
        <Folder>
          <name>Observer polling</name>
        </Folder>
        <Folder>
          <name>Service Provider polling</name>
          <Folder>
            <name>E3028: uss1 astm.f3411.v22a.uss.searchFlights</name>
            <Folder>
              <name>1bae19e0-4362-4132-8f86-599433dbc123</name>
              <Placemark>
                <name>HybridLift 1bae19e0-4362-4132-8f86-599433dbc123 SIMULATED</name>
                <styleUrl>#aircraft</styleUrl>
                <Point>
                  <coordinates>-80.5771999,37.195896600000005,0</coordinates>
                </Point>
              </Placemark>
              <Placemark>
                <name>1bae19e0-4362-4132-8f86-599433dbc123 recent positions</name>
                <styleUrl>#ridtail</styleUrl>
                <LineString>
                  <tessellate>1</tessellate>
                  <coordinates>-80.5768887,37.1960493,0 -80.5770684,37.1959745,0 -80.5771757,37.19596070000001,0 -80.5772937,37.19598200000001,0 -80.5773326,37.1960942,0 -80.577283,37.19619780000001,0 -80.5772602,37.1963495,0 -80.5772817,37.1964692,0 -80.5773863,37.1965546,0 -80.5775406,37.1965589,0 -80.57763850000002,37.1965782,0 -80.57763850000002,37.1966679,0 -80.5775473,37.1967074,0 -80.5773823,37.1966967,0 -80.5773421,37.1966241,0 -80.5773005,37.196528,0 -80.5771557,37.1965055,0 -80.5770457,37.19654400000001,0 -80.5768834,37.19654500000001,0 -80.5767869,37.1964831,0 -80.5767547,37.1964083,0 -80.5767587,37.1963228,0 -80.5767587,37.1961893,0 -80.5766836,37.1961348,0 -80.5766836,37.1960205,0 -80.5767896,37.1960077,0 -80.5769277,37.1959671,0 -80.5770806,37.1959051,0 -80.5771999,37.195896600000005,0</coordinates>
                </LineString>
              </Placemark>
            </Folder>
          </Folder>
        </Folder>
        <Folder>
          <name>Observer polling</name>
        </Folder>
        <Folder>
          <name>Service Provider polling</name>
          <Folder>
            <name>E3116: uss1 astm.f3411.v22a.uss.searchFlights</name>
            <Folder>
              <name>Error parsing response into GetFlightsResponse</name>
              <description><![CDATA[Traceback (most recent call last):
  File "/app/monitoring/uss_qualifier/reports/sequence_view/kml.py", line 154, in make_scenario_kml
    kwargs["resp"] = ImplicitDict.parse(
                     ~~~~~~~~~~~~~~~~~~^
        event.query.response.json,
        ^^^^^^^^^^^^^^^^^^^^^^^^^^
        render_info.response_type,
        ^^^^^^^^^^^^^^^^^^^^^^^^^^
    )
    ^
  File "/venv/lib/python3.13/site-packages/implicitdict/__init__.py", line 118, in parse
    return parse_type(**kwargs)
  File "/venv/lib/python3.13/site-packages/implicitdict/__init__.py", line 152, in __init__
    raise ValueError(f'Required field "{key}" not specified in {subtype.__name__}')
ValueError: Required field "timestamp" not specified in GetFlightsResponse
]]></description>
            </Folder>
          </Folder>
        </Folder>
        <Folder>
          <name>Observer polling</name>
        </Folder>
        <Folder>
          <name>Service Provider polling</name>
          <Folder>
            <name>E3125: uss1 astm.f3411.v22a.uss.searchFlights</name>
            <Folder>
              <name>1bae19e0-4362-4132-8f86-599433dbc123</name>
              <Placemark>
                <name>HybridLift 1bae19e0-4362-4132-8f86-599433dbc123 SIMULATED</name>
                <styleUrl>#aircraft</styleUrl>
                <Point>
                  <coordinates>-80.5771999,37.195896600000005,0</coordinates>
                </Point>
              </Placemark>
              <Placemark>
                <name>1bae19e0-4362-4132-8f86-599433dbc123 recent positions</name>
                <styleUrl>#ridtail</styleUrl>
                <LineString>
                  <tessellate>1</tessellate>
                  <coordinates>-80.5773326,37.1960942,0 -80.577283,37.19619780000001,0 -80.5772602,37.1963495,0 -80.5772817,37.1964692,0 -80.5773863,37.1965546,0 -80.5775406,37.1965589,0 -80.57763850000002,37.1965782,0 -80.57763850000002,37.1966679,0 -80.5775473,37.1967074,0 -80.5773823,37.1966967,0 -80.5773421,37.1966241,0 -80.5773005,37.196528,0 -80.5771557,37.1965055,0 -80.5770457,37.19654400000001,0 -80.5768834,37.19654500000001,0 -80.5767869,37.1964831,0 -80.5767547,37.1964083,0 -80.5767587,37.1963228,0 -80.5767587,37.1961893,0 -80.5766836,37.1961348,0 -80.5766836,37.1960205,0 -80.5767896,37.1960077,0 -80.5769277,37.1959671,0 -80.5770806,37.1959051,0 -80.5771999,37.195896600000005,0</coordinates>
                </LineString>
              </Placemark>
            </Folder>
          </Folder>
        </Folder>
        <Folder>
          <name>Observer polling</name>
        </Folder>
        <Folder>
          <name>Service Provider polling</name>
          <Folder>
            <name>E3189: uss1 astm.f3411.v22a.uss.searchFlights</name>
            <Folder>
              <name>1bae19e0-4362-4132-8f86-599433dbc123</name>
              <Placemark>
                <name>HybridLift 1bae19e0-4362-4132-8f86-599433dbc123 SIMULATED</name>
                <styleUrl>#aircraft</styleUrl>
                <Point>
                  <coordinates>-80.5771999,37.195896600000005,0</coordinates>
                </Point>
              </Placemark>
              <Placemark>
                <name>1bae19e0-4362-4132-8f86-599433dbc123 recent positions</name>
                <styleUrl>#ridtail</styleUrl>
                <LineString>
                  <tessellate>1</tessellate>
                  <coordinates>-80.577283,37.19619780000001,0 -80.5772602,37.1963495,0 -80.5772817,37.1964692,0 -80.5773863,37.1965546,0 -80.5775406,37.1965589,0 -80.57763850000002,37.1965782,0 -80.57763850000002,37.1966679,0 -80.5775473,37.1967074,0 -80.5773823,37.1966967,0 -80.5773421,37.1966241,0 -80.5773005,37.196528,0 -80.5771557,37.1965055,0 -80.5770457,37.19654400000001,0 -80.5768834,37.19654500000001,0 -80.5767869,37.1964831,0 -80.5767547,37.1964083,0 -80.5767587,37.1963228,0 -80.5767587,37.1961893,0 -80.5766836,37.1961348,0 -80.5766836,37.1960205,0 -80.5767896,37.1960077,0 -80.5769277,37.1959671,0 -80.5770806,37.1959051,0 -80.5771999,37.195896600000005,0</coordinates>
                </LineString>
              </Placemark>
            </Folder>
          </Folder>
        </Folder>
        <Folder>
          <name>Observer polling</name>
        </Folder>
        <Folder>
          <name>Service Provider polling</name>
          <Folder>
            <name>E3277: uss1 astm.f3411.v22a.uss.searchFlights</name>
            <Folder>
              <name>Error parsing response into GetFlightsResponse</name>
              <description><![CDATA[Traceback (most recent call last):
  File "/app/monitoring/uss_qualifier/reports/sequence_view/kml.py", line 154, in make_scenario_kml
    kwargs["resp"] = ImplicitDict.parse(
                     ~~~~~~~~~~~~~~~~~~^
        event.query.response.json,
        ^^^^^^^^^^^^^^^^^^^^^^^^^^
        render_info.response_type,
        ^^^^^^^^^^^^^^^^^^^^^^^^^^
    )
    ^
  File "/venv/lib/python3.13/site-packages/implicitdict/__init__.py", line 118, in parse
    return parse_type(**kwargs)
  File "/venv/lib/python3.13/site-packages/implicitdict/__init__.py", line 152, in __init__
    raise ValueError(f'Required field "{key}" not specified in {subtype.__name__}')
ValueError: Required field "timestamp" not specified in GetFlightsResponse
]]></description>
            </Folder>
          </Folder>
        </Folder>
        <Folder>
          <name>Observer polling</name>
        </Folder>
        <Folder>
          <name>Service Provider polling</name>
          <Folder>
            <name>E3286: uss1 astm.f3411.v22a.uss.searchFlights</name>
            <Folder>
              <name>1bae19e0-4362-4132-8f86-599433dbc123</name>
              <Placemark>
                <name>HybridLift 1bae19e0-4362-4132-8f86-599433dbc123 SIMULATED</name>
                <styleUrl>#aircraft</styleUrl>
                <Point>
                  <coordinates>-80.5771999,37.195896600000005,0</coordinates>
                </Point>
              </Placemark>
              <Placemark>
                <name>1bae19e0-4362-4132-8f86-599433dbc123 recent positions</name>
                <styleUrl>#ridtail</styleUrl>
                <LineString>
                  <tessellate>1</tessellate>
                  <coordinates>-80.5775406,37.1965589,0 -80.57763850000002,37.1965782,0 -80.57763850000002,37.1966679,0 -80.5775473,37.1967074,0 -80.5773823,37.1966967,0 -80.5773421,37.1966241,0 -80.5773005,37.196528,0 -80.5771557,37.1965055,0 -80.5770457,37.19654400000001,0 -80.5768834,37.19654500000001,0 -80.5767869,37.1964831,0 -80.5767547,37.1964083,0 -80.5767587,37.1963228,0 -80.5767587,37.1961893,0 -80.5766836,37.1961348,0 -80.5766836,37.1960205,0 -80.5767896,37.1960077,0 -80.5769277,37.1959671,0 -80.5770806,37.1959051,0 -80.5771999,37.195896600000005,0</coordinates>
                </LineString>
              </Placemark>
            </Folder>
          </Folder>
        </Folder>
        <Folder>
          <name>Observer polling</name>
        </Folder>
        <Folder>
          <name>Service Provider polling</name>
          <Folder>
            <name>E3350: uss1 astm.f3411.v22a.uss.searchFlights</name>
            <Folder>
              <name>1bae19e0-4362-4132-8f86-599433dbc123</name>
              <Placemark>
                <name>HybridLift 1bae19e0-4362-4132-8f86-599433dbc123 SIMULATED</name>
                <styleUrl>#aircraft</styleUrl>
                <Point>
                  <coordinates>-80.5771999,37.195896600000005,0</coordinates>
                </Point>
              </Placemark>
              <Placemark>
                <name>1bae19e0-4362-4132-8f86-599433dbc123 recent positions</name>
                <styleUrl>#ridtail</styleUrl>
                <LineString>
                  <tessellate>1</tessellate>
                  <coordinates>-80.57763850000002,37.1965782,0 -80.57763850000002,37.1966679,0 -80.5775473,37.1967074,0 -80.5773823,37.1966967,0 -80.5773421,37.1966241,0 -80.5773005,37.196528,0 -80.5771557,37.1965055,0 -80.5770457,37.19654400000001,0 -80.5768834,37.19654500000001,0 -80.5767869,37.1964831,0 -80.5767547,37.1964083,0 -80.5767587,37.1963228,0 -80.5767587,37.1961893,0 -80.5766836,37.1961348,0 -80.5766836,37.1960205,0 -80.5767896,37.1960077,0 -80.5769277,37.1959671,0 -80.5770806,37.1959051,0 -80.5771999,37.195896600000005,0</coordinates>
                </LineString>
              </Placemark>
            </Folder>
          </Folder>
        </Folder>
        <Folder>
          <name>Observer polling</name>
        </Folder>
        <Folder>
          <name>Service Provider polling</name>
          <Folder>
            <name>E3438: uss1 astm.f3411.v22a.uss.searchFlights</name>
            <Folder>
              <name>Error parsing response into GetFlightsResponse</name>
              <description><![CDATA[Traceback (most recent call last):
  File "/app/monitoring/uss_qualifier/reports/sequence_view/kml.py", line 154, in make_scenario_kml
    kwargs["resp"] = ImplicitDict.parse(
                     ~~~~~~~~~~~~~~~~~~^
        event.query.response.json,
        ^^^^^^^^^^^^^^^^^^^^^^^^^^
        render_info.response_type,
        ^^^^^^^^^^^^^^^^^^^^^^^^^^
    )
    ^
  File "/venv/lib/python3.13/site-packages/implicitdict/__init__.py", line 118, in parse
    return parse_type(**kwargs)
  File "/venv/lib/python3.13/site-packages/implicitdict/__init__.py", line 152, in __init__
    raise ValueError(f'Required field "{key}" not specified in {subtype.__name__}')
ValueError: Required field "timestamp" not specified in GetFlightsResponse
]]></description>
            </Folder>
          </Folder>
        </Folder>
        <Folder>
          <name>Observer polling</name>
        </Folder>
        <Folder>
          <name>Service Provider polling</name>
          <Folder>
            <name>E3447: uss1 astm.f3411.v22a.uss.searchFlights</name>
            <Folder>
              <name>1bae19e0-4362-4132-8f86-599433dbc123</name>
              <Placemark>
                <name>HybridLift 1bae19e0-4362-4132-8f86-599433dbc123 SIMULATED</name>
                <styleUrl>#aircraft</styleUrl>
                <Point>
                  <coordinates>-80.5771999,37.195896600000005,0</coordinates>
                </Point>
              </Placemark>
              <Placemark>
                <name>1bae19e0-4362-4132-8f86-599433dbc123 recent positions</name>
                <styleUrl>#ridtail</styleUrl>
                <LineString>
                  <tessellate>1</tessellate>
                  <coordinates>-80.5773421,37.1966241,0 -80.5773005,37.196528,0 -80.5771557,37.1965055,0 -80.5770457,37.19654400000001,0 -80.5768834,37.19654500000001,0 -80.5767869,37.1964831,0 -80.5767547,37.1964083,0 -80.5767587,37.1963228,0 -80.5767587,37.1961893,0 -80.5766836,37.1961348,0 -80.5766836,37.1960205,0 -80.5767896,37.1960077,0 -80.5769277,37.1959671,0 -80.5770806,37.1959051,0 -80.5771999,37.195896600000005,0</coordinates>
                </LineString>
              </Placemark>
            </Folder>
          </Folder>
        </Folder>
        <Folder>
          <name>Observer polling</name>
        </Folder>
        <Folder>
          <name>Service Provider polling</name>
          <Folder>
            <name>E3511: uss1 astm.f3411.v22a.uss.searchFlights</name>
            <Folder>
              <name>1bae19e0-4362-4132-8f86-599433dbc123</name>
              <Placemark>
                <name>HybridLift 1bae19e0-4362-4132-8f86-599433dbc123 SIMULATED</name>
                <styleUrl>#aircraft</styleUrl>
                <Point>
                  <coordinates>-80.5771999,37.195896600000005,0</coordinates>
                </Point>
              </Placemark>
              <Placemark>
                <name>1bae19e0-4362-4132-8f86-599433dbc123 recent positions</name>
                <styleUrl>#ridtail</styleUrl>
                <LineString>
                  <tessellate>1</tessellate>
                  <coordinates>-80.5773421,37.1966241,0 -80.5773005,37.196528,0 -80.5771557,37.1965055,0 -80.5770457,37.19654400000001,0 -80.5768834,37.19654500000001,0 -80.5767869,37.1964831,0 -80.5767547,37.1964083,0 -80.5767587,37.1963228,0 -80.5767587,37.1961893,0 -80.5766836,37.1961348,0 -80.5766836,37.1960205,0 -80.5767896,37.1960077,0 -80.5769277,37.1959671,0 -80.5770806,37.1959051,0 -80.5771999,37.195896600000005,0</coordinates>
                </LineString>
              </Placemark>
            </Folder>
          </Folder>
        </Folder>
        <Folder>
          <name>Observer polling</name>
        </Folder>
        <Folder>
          <name>Service Provider polling</name>
          <Folder>
            <name>E3599: uss1 astm.f3411.v22a.uss.searchFlights</name>
            <Folder>
              <name>Error parsing response into GetFlightsResponse</name>
              <description><![CDATA[Traceback (most recent call last):
  File "/app/monitoring/uss_qualifier/reports/sequence_view/kml.py", line 154, in make_scenario_kml
    kwargs["resp"] = ImplicitDict.parse(
                     ~~~~~~~~~~~~~~~~~~^
        event.query.response.json,
        ^^^^^^^^^^^^^^^^^^^^^^^^^^
        render_info.response_type,
        ^^^^^^^^^^^^^^^^^^^^^^^^^^
    )
    ^
  File "/venv/lib/python3.13/site-packages/implicitdict/__init__.py", line 118, in parse
    return parse_type(**kwargs)
  File "/venv/lib/python3.13/site-packages/implicitdict/__init__.py", line 152, in __init__
    raise ValueError(f'Required field "{key}" not specified in {subtype.__name__}')
ValueError: Required field "timestamp" not specified in GetFlightsResponse
]]></description>
            </Folder>
          </Folder>
        </Folder>
        <Folder>
          <name>Observer polling</name>
        </Folder>
        <Folder>
          <name>Service Provider polling</name>
          <Folder>
            <name>E3608: uss1 astm.f3411.v22a.uss.searchFlights</name>
            <Folder>
              <name>1bae19e0-4362-4132-8f86-599433dbc123</name>
              <Placemark>
                <name>HybridLift 1bae19e0-4362-4132-8f86-599433dbc123 SIMULATED</name>
                <styleUrl>#aircraft</styleUrl>
                <Point>
                  <coordinates>-80.5771999,37.195896600000005,0</coordinates>
                </Point>
              </Placemark>
              <Placemark>
                <name>1bae19e0-4362-4132-8f86-599433dbc123 recent positions</name>
                <styleUrl>#ridtail</styleUrl>
                <LineString>
                  <tessellate>1</tessellate>
                  <coordinates>-80.5767869,37.1964831,0 -80.5767547,37.1964083,0 -80.5767587,37.1963228,0 -80.5767587,37.1961893,0 -80.5766836,37.1961348,0 -80.5766836,37.1960205,0 -80.5767896,37.1960077,0 -80.5769277,37.1959671,0 -80.5770806,37.1959051,0 -80.5771999,37.195896600000005,0</coordinates>
                </LineString>
              </Placemark>
            </Folder>
          </Folder>
        </Folder>
        <Folder>
          <name>Observer polling</name>
        </Folder>
        <Folder>
          <name>Service Provider polling</name>
          <Folder>
            <name>E3669: uss1 astm.f3411.v22a.uss.searchFlights</name>
            <Folder>
              <name>1bae19e0-4362-4132-8f86-599433dbc123</name>
              <Placemark>
                <name>HybridLift 1bae19e0-4362-4132-8f86-599433dbc123 SIMULATED</name>
                <styleUrl>#aircraft</styleUrl>
                <Point>
                  <coordinates>-80.5771999,37.195896600000005,0</coordinates>
                </Point>
              </Placemark>
              <Placemark>
                <name>1bae19e0-4362-4132-8f86-599433dbc123 recent positions</name>
                <styleUrl>#ridtail</styleUrl>
                <LineString>
                  <tessellate>1</tessellate>
                  <coordinates>-80.5767547,37.1964083,0 -80.5767587,37.1963228,0 -80.5767587,37.1961893,0 -80.5766836,37.1961348,0 -80.5766836,37.1960205,0 -80.5767896,37.1960077,0 -80.5769277,37.1959671,0 -80.5770806,37.1959051,0 -80.5771999,37.195896600000005,0</coordinates>
                </LineString>
              </Placemark>
            </Folder>
          </Folder>
        </Folder>
        <Folder>
          <name>Observer polling</name>
        </Folder>
        <Folder>
          <name>Service Provider polling</name>
          <Folder>
            <name>E3755: uss1 astm.f3411.v22a.uss.searchFlights</name>
            <Folder>
              <name>Error parsing response into GetFlightsResponse</name>
              <description><![CDATA[Traceback (most recent call last):
  File "/app/monitoring/uss_qualifier/reports/sequence_view/kml.py", line 154, in make_scenario_kml
    kwargs["resp"] = ImplicitDict.parse(
                     ~~~~~~~~~~~~~~~~~~^
        event.query.response.json,
        ^^^^^^^^^^^^^^^^^^^^^^^^^^
        render_info.response_type,
        ^^^^^^^^^^^^^^^^^^^^^^^^^^
    )
    ^
  File "/venv/lib/python3.13/site-packages/implicitdict/__init__.py", line 118, in parse
    return parse_type(**kwargs)
  File "/venv/lib/python3.13/site-packages/implicitdict/__init__.py", line 152, in __init__
    raise ValueError(f'Required field "{key}" not specified in {subtype.__name__}')
ValueError: Required field "timestamp" not specified in GetFlightsResponse
]]></description>
            </Folder>
          </Folder>
        </Folder>
        <Folder>
          <name>Observer polling</name>
        </Folder>
        <Folder>
          <name>Service Provider polling</name>
          <Folder>
            <name>E3764: uss1 astm.f3411.v22a.uss.searchFlights</name>
            <Folder>
              <name>1bae19e0-4362-4132-8f86-599433dbc123</name>
              <Placemark>
                <name>HybridLift 1bae19e0-4362-4132-8f86-599433dbc123 SIMULATED</name>
                <styleUrl>#aircraft</styleUrl>
                <Point>
                  <coordinates>-80.5771999,37.195896600000005,0</coordinates>
                </Point>
              </Placemark>
              <Placemark>
                <name>1bae19e0-4362-4132-8f86-599433dbc123 recent positions</name>
                <styleUrl>#ridtail</styleUrl>
                <LineString>
                  <tessellate>1</tessellate>
                  <coordinates>-80.5766836,37.1960205,0 -80.5767896,37.1960077,0 -80.5769277,37.1959671,0 -80.5770806,37.1959051,0 -80.5771999,37.195896600000005,0</coordinates>
                </LineString>
              </Placemark>
            </Folder>
          </Folder>
        </Folder>
        <Folder>
          <name>Observer polling</name>
        </Folder>
        <Folder>
          <name>Service Provider polling</name>
          <Folder>
            <name>E3825: uss1 astm.f3411.v22a.uss.searchFlights</name>
            <Folder>
              <name>1bae19e0-4362-4132-8f86-599433dbc123</name>
              <Placemark>
                <name>HybridLift 1bae19e0-4362-4132-8f86-599433dbc123 SIMULATED</name>
                <styleUrl>#aircraft</styleUrl>
                <Point>
                  <coordinates>-80.5771999,37.195896600000005,0</coordinates>
                </Point>
              </Placemark>
              <Placemark>
                <name>1bae19e0-4362-4132-8f86-599433dbc123 recent positions</name>
                <styleUrl>#ridtail</styleUrl>
                <LineString>
                  <tessellate>1</tessellate>
                  <coordinates>-80.5766836,37.1960205,0 -80.5767896,37.1960077,0 -80.5769277,37.1959671,0 -80.5770806,37.1959051,0 -80.5771999,37.195896600000005,0</coordinates>
                </LineString>
              </Placemark>
            </Folder>
          </Folder>
        </Folder>
        <Folder>
          <name>Observer polling</name>
        </Folder>
        <Folder>
          <name>Service Provider polling</name>
        </Folder>
        <Folder>
          <name>Observer polling</name>
        </Folder>
        <Folder>
          <name>Service Provider polling</name>
        </Folder>
        <Folder>
          <name>Observer polling</name>
        </Folder>
        <Folder>
          <name>Service Provider polling</name>
        </Folder>
        <Folder>
          <name>Observer polling</name>
        </Folder>
        <Folder>
          <name>Service Provider polling</name>
        </Folder>
        <Folder>
          <name>Observer polling</name>
        </Folder>
        <Folder>
          <name>Service Provider polling</name>
        </Folder>
        <Folder>
          <name>Observer polling</name>
        </Folder>
        <Folder>
          <name>Service Provider polling</name>
        </Folder>
        <Folder>
          <name>Observer polling</name>
        </Folder>
        <Folder>
          <name>Service Provider polling</name>
        </Folder>
        <Folder>
          <name>Observer polling</name>
        </Folder>
        <Folder>
          <name>Service Provider polling</name>
        </Folder>
        <Folder>
          <name>Observer polling</name>
        </Folder>
        <Folder>
          <name>Service Provider polling</name>
        </Folder>
        <Folder>
          <name>Observer polling</name>
        </Folder>
        <Folder>
          <name>Service Provider polling</name>
        </Folder>
        <Folder>
          <name>Observer polling</name>
        </Folder>
        <Folder>
          <name>Service Provider polling</name>
        </Folder>
        <Folder>
          <name>Observer polling</name>
        </Folder>
        <Folder>
          <name>Service Provider polling</name>
        </Folder>
        <Folder>
          <name>Observer polling</name>
        </Folder>
      </Folder>
      <Folder>
        <name/>
        <Folder>
          <name>Cleanup</name>
        </Folder>
      </Folder>
    </Folder>
  </Document>
</kml>
